gene_symbol,molecule,cell_line,half_life_hours,gamma_per_hour,half_life_rep1_hours,half_life_rep2_hours,replicate_log_ratio,anchor_weight,source
AAGAB,RNA,K562,2.35153539190864,0.29476366077456634,2.27046987690084,2.43260090691644,0.06897421271746534,0.9333507483473246,Schofield2018_NatMethods_TimeLapseSeq_SuppTable2
AAMP,RNA,K562,6.72791085825694,0.10302561897193821,4.95388211150301,8.50193960501087,0.5401227921343247,0.5826766998654392,Schofield2018_NatMethods_TimeLapseSeq_SuppTable2
AAR2,RNA,K562,0.596145293312065,1.1627151775516955,0.612098808067915,0.580191778556216,0.05353501900182081,0.9478727468651453,Schofield2018_NatMethods_TimeLapseSeq_SuppTable2
AARS,RNA,K562,1.90045782485892,0.364726420914603,1.71914719270094,2.0817684570169,0.19138940253109446,0.8258109526572501,Schofield2018_NatMethods_TimeLapseSeq_SuppTable2
AARS2,RNA,K562,1.58305158986123,0.4378550800234542,1.42515047349623,1.74095270622623,0.20015509211747923,0.8186037842380293,Schofield2018_NatMethods_TimeLapseSeq_SuppTable2
AASDHPPT,RNA,K562,3.1278505988133,0.22160495159932636,3.10370414775033,3.15199704987628,0.015439951488624381,0.9846786334626025,Schofield2018_NatMethods_TimeLapseSeq_SuppTable2
AATF,RNA,K562,3.2297866354083,0.21461082690755506,3.43639910741476,3.02317416340184,0.12811682513030115,0.8797505961629138,Schofield2018_NatMethods_TimeLapseSeq_SuppTable2
ABCA3,RNA,K562,2.27025454944624,0.30531694374492835,2.2940819038832694,2.2464271950092094,0.020991680776978622,0.9792271109442983,Schofield2018_NatMethods_TimeLapseSeq_SuppTable2
ABCA7,RNA,K562,1.85002277458744,0.3746695392517635,2.06518031030474,1.63486523887014,0.2336571616970322,0.7916331715504772,Schofield2018_NatMethods_TimeLapseSeq_SuppTable2
ABCB10,RNA,K562,4.22560305964015,0.16403509056029822,4.7682903793178,3.6829157399625094,0.25828307050864757,0.7723765641322844,Schofield2018_NatMethods_TimeLapseSeq_SuppTable2
ABCB8,RNA,K562,2.17829741601106,0.31820594169792005,2.44310676590931,1.91348806611281,0.24434270492377172,0.7832191751966358,Schofield2018_NatMethods_TimeLapseSeq_SuppTable2
ABCC1,RNA,K562,1.38815562817613,0.49932958991828424,1.37597422238773,1.40033703396453,0.01755094058860578,0.9826021800567355,Schofield2018_NatMethods_TimeLapseSeq_SuppTable2
ABCC4,RNA,K562,4.75954647617531,0.14563303122043394,6.06695748794691,3.45213546440371,0.563864227092718,0.5690060415392709,Schofield2018_NatMethods_TimeLapseSeq_SuppTable2
ABCC5,RNA,K562,1.14885403813486,0.6033378980721128,1.06564041382703,1.23206766244269,0.1451178384435586,0.8649203662356477,Schofield2018_NatMethods_TimeLapseSeq_SuppTable2
ABCE1,RNA,K562,4.70649388707527,0.14727463738207122,4.84272428410129,4.57026349004925,0.057906571283425565,0.9437381155589362,Schofield2018_NatMethods_TimeLapseSeq_SuppTable2
ABCF1,RNA,K562,3.14622211866277,0.22031094894678055,3.22460980840038,3.06783442892517,0.04984003833979339,0.9513815969092456,Schofield2018_NatMethods_TimeLapseSeq_SuppTable2
ABCF2,RNA,K562,3.20585596362421,0.2162128269095236,3.02714325366564,3.38456867358279,0.11160712116057972,0.8943955775792278,Schofield2018_NatMethods_TimeLapseSeq_SuppTable2
ABCF3,RNA,K562,1.64429441083016,0.4215468811391227,1.7131182555769,1.57547056608342,0.08376125138418473,0.9196507952411455,Schofield2018_NatMethods_TimeLapseSeq_SuppTable2
ABHD2,RNA,K562,1.87890368362373,0.36891043782676153,2.10312712352908,1.65468024371837,0.23981755960240095,0.786771386858342,Schofield2018_NatMethods_TimeLapseSeq_SuppTable2
ABHD5,RNA,K562,0.659587346839761,1.050880044744608,0.7018298117996499,0.617344881879871,0.12826310778841032,0.8796219133194977,Schofield2018_NatMethods_TimeLapseSeq_SuppTable2
ABI1,RNA,K562,1.67356776429118,0.414173357870286,1.63215817246138,1.71497735612097,0.049496705856842314,0.9517082931946607,Schofield2018_NatMethods_TimeLapseSeq_SuppTable2
ABL1,RNA,K562,0.818221557737682,0.847138741340967,0.804117888661498,0.832325226813865,0.03447737593485134,0.9661101967792752,Schofield2018_NatMethods_TimeLapseSeq_SuppTable2
ABL2,RNA,K562,0.383069480075374,1.8094555077151,0.3851308634263149,0.3810080967244319,0.010762555390456438,0.9892951536908653,Schofield2018_NatMethods_TimeLapseSeq_SuppTable2
ABT1,RNA,K562,1.07710473568528,0.6435281153219963,1.01688575443511,1.13732371693546,0.11193311080963664,0.8941040613969853,Schofield2018_NatMethods_TimeLapseSeq_SuppTable2
AC002539.1,RNA,K562,0.97027307536422,0.7143836082432283,0.920766970140354,1.01977918058809,0.10213440728656639,0.9029081860735406,Schofield2018_NatMethods_TimeLapseSeq_SuppTable2
AC004980.7,RNA,K562,0.769560680253477,0.9007050364522746,0.970122623285484,0.5689987372214699,0.5335442644364216,0.5865224906254218,Schofield2018_NatMethods_TimeLapseSeq_SuppTable2
AC009784.3,RNA,K562,1.97052109473197,0.351758315307062,1.98380839053927,1.95723379892468,0.013486277546552489,0.9866042548557998,Schofield2018_NatMethods_TimeLapseSeq_SuppTable2
AC016723.4,RNA,K562,1.63731061443167,0.4233449502192013,1.7745404738842,1.50008075497915,0.16802255814575437,0.8453347652847278,Schofield2018_NatMethods_TimeLapseSeq_SuppTable2
AC024560.3,RNA,K562,0.9940967372554808,0.697263309075531,1.01205525582132,0.976138218689645,0.036134255074642525,0.9645107943216725,Schofield2018_NatMethods_TimeLapseSeq_SuppTable2
AC069277.2,RNA,K562,1.24649689449895,0.5560761391536135,1.35317473996261,1.13981904903528,0.17158396996761122,0.8423295346665831,Schofield2018_NatMethods_TimeLapseSeq_SuppTable2
AC079466.1,RNA,K562,2.14863131317381,0.3225994037739663,2.08475031124073,2.2125123151069,0.05947957075549071,0.9422547829479554,Schofield2018_NatMethods_TimeLapseSeq_SuppTable2
AC084082.3,RNA,K562,0.3034049104106429,2.28456151095843,0.3145745974768899,0.292235223344396,0.07366220452158541,0.9289854479297712,Schofield2018_NatMethods_TimeLapseSeq_SuppTable2
AC093323.3,RNA,K562,1.16301648952817,0.5959908451866849,1.24392132790881,1.08211165114753,0.13935438638540235,0.8699196861321588,Schofield2018_NatMethods_TimeLapseSeq_SuppTable2
AC093838.4,RNA,K562,0.527588187162347,1.3138034501645375,0.63329764137509,0.4218787329496039,0.4062226091140548,0.6661618572170447,Schofield2018_NatMethods_TimeLapseSeq_SuppTable2
AC105402.4,RNA,K562,8.25426007555789,0.08397447793200251,7.990391274606579,8.51812887650919,0.06395697217086839,0.9380453607178948,Schofield2018_NatMethods_TimeLapseSeq_SuppTable2
ACACA,RNA,K562,2.08025851799795,0.3332024239117325,1.99440877464329,2.16610826135261,0.08258447662881405,0.9207336540962622,Schofield2018_NatMethods_TimeLapseSeq_SuppTable2
ACAD9,RNA,K562,2.02077132835356,0.34301119123888824,1.95091904610169,2.09062361060544,0.06916183251170199,0.9331756496984689,Schofield2018_NatMethods_TimeLapseSeq_SuppTable2
ACADM,RNA,K562,3.8913554377872,0.17812486976365746,4.11691750108181,3.6657933744925906,0.11605991881629758,0.8904218686746391,Schofield2018_NatMethods_TimeLapseSeq_SuppTable2
ACAP2,RNA,K562,1.68502676149091,0.41135677865831005,1.73890918472245,1.63114433825936,0.06397619479707757,0.9380273291958656,Schofield2018_NatMethods_TimeLapseSeq_SuppTable2
ACAT2,RNA,K562,5.25264916797126,0.13196144619490374,4.86069833501302,5.6446000009295,0.14951721816642918,0.8611236109224047,Schofield2018_NatMethods_TimeLapseSeq_SuppTable2
ACBD3,RNA,K562,0.647411905879892,1.0706432400527064,0.6245750079536339,0.670248803806149,0.07057756125044061,0.9318554608480509,Schofield2018_NatMethods_TimeLapseSeq_SuppTable2
ACBD6,RNA,K562,2.73683474809927,0.25326599680208517,2.60600088787995,2.8676686083185894,0.09568254864647906,0.9087524549804714,Schofield2018_NatMethods_TimeLapseSeq_SuppTable2
ACIN1,RNA,K562,1.92134784019689,0.36076090235119274,2.0110790154751,1.83161666491869,0.09347240133485062,0.9107631529266325,Schofield2018_NatMethods_TimeLapseSeq_SuppTable2
ACLY,RNA,K562,5.84046317400003,0.11868017311463006,5.86434129417923,5.81658505382083,0.008176835470017718,0.9918565039170212,Schofield2018_NatMethods_TimeLapseSeq_SuppTable2
ACO2,RNA,K562,4.07083072021225,0.17027167873092133,4.25991491235007,3.8817465280744305,0.09296399799908282,0.9112263056759,Schofield2018_NatMethods_TimeLapseSeq_SuppTable2
ACP1,RNA,K562,4.60186345832482,0.15062315230279913,4.42252700927289,4.78119990737675,0.07798028737524666,0.9249826601999059,Schofield2018_NatMethods_TimeLapseSeq_SuppTable2
ACSF3,RNA,K562,1.06668177422892,0.6498162782063147,1.25179287047209,0.881570677985764,0.3506269212059352,0.7042464442646141,Schofield2018_NatMethods_TimeLapseSeq_SuppTable2
ACSL3,RNA,K562,2.17537686827754,0.3186331484294848,2.300124546637,2.05062918991808,0.11481660421006537,0.891529631695942,Schofield2018_NatMethods_TimeLapseSeq_SuppTable2
ACTB,RNA,K562,5.14749102444844,0.13465728784524045,5.28048866545499,5.01449338344188,0.05168624765108555,0.9496267677358625,Schofield2018_NatMethods_TimeLapseSeq_SuppTable2
ACTG1,RNA,K562,4.3186307227411,0.16050160920450138,4.56458932104312,4.07267212443907,0.11402922181187812,0.8922318828692269,Schofield2018_NatMethods_TimeLapseSeq_SuppTable2
ACTL6A,RNA,K562,5.27362673114938,0.13143652668206093,5.8638347937761,4.68341866852267,0.22477546324728115,0.7986955351289349,Schofield2018_NatMethods_TimeLapseSeq_SuppTable2
ACTN1,RNA,K562,4.04921472690524,0.17118064299092092,4.33089391074943,3.76753554306104,0.1393528810102247,0.8699209956886464,Schofield2018_NatMethods_TimeLapseSeq_SuppTable2
ACTN4,RNA,K562,4.14014781364713,0.16742087764961697,4.47631019743214,3.8039854298621294,0.1627497759629407,0.8498038031511549,Schofield2018_NatMethods_TimeLapseSeq_SuppTable2
ACTR1A,RNA,K562,3.01274153690163,0.2300719036365772,3.31334778739179,2.71213528641147,0.2002228411787696,0.8185483264787051,Schofield2018_NatMethods_TimeLapseSeq_SuppTable2
ACTR2,RNA,K562,10.2889786409111,0.06736792880527998,12.6483362848433,7.92962099697889,0.4669204466062108,0.6269299628348022,Schofield2018_NatMethods_TimeLapseSeq_SuppTable2
ACTR3,RNA,K562,7.528171694951951,0.0920737741707908,7.90790671844481,7.1484366714591,0.10096942394144147,0.9039606720177563,Schofield2018_NatMethods_TimeLapseSeq_SuppTable2
ACVR1,RNA,K562,0.4025109674785479,1.7220578731109657,0.3719423354968179,0.433079599460279,0.15218271342694747,0.858831346386085,Schofield2018_NatMethods_TimeLapseSeq_SuppTable2
ACVR2B,RNA,K562,0.890280648898288,0.7785715452960894,0.7912564951742919,0.989304802622284,0.22338029470776116,0.7998106277023636,Schofield2018_NatMethods_TimeLapseSeq_SuppTable2
ADAM10,RNA,K562,2.4182875473736094,0.2866272794204066,2.80105366632054,2.03552142842668,0.31924363953641505,0.7266984752564695,Schofield2018_NatMethods_TimeLapseSeq_SuppTable2
ADAM17,RNA,K562,1.77902710323306,0.3896214842934521,1.483820550475,2.07423365599113,0.3349715484795112,0.7153584390983121,Schofield2018_NatMethods_TimeLapseSeq_SuppTable2
ADAMTS14,RNA,K562,0.7563014406020319,0.9164959146556505,0.6573476558397149,0.855255225364349,0.26318689852991284,0.7685982340063189,Schofield2018_NatMethods_TimeLapseSeq_SuppTable2
ADAMTS3,RNA,K562,0.7062030108529769,0.9815126385863715,0.679797808998103,0.732608212707851,0.07481564639204084,0.9279145349537493,Schofield2018_NatMethods_TimeLapseSeq_SuppTable2
ADAMTSL4,RNA,K562,1.51492627551592,0.4575451569904869,1.57362341865092,1.45622913238092,0.0775305616616214,0.925398742241239,Schofield2018_NatMethods_TimeLapseSeq_SuppTable2
ADAR,RNA,K562,2.79829512393797,0.24770338719116114,2.72616633033101,2.87042391754492,0.05156337765043186,0.9497434555460038,Schofield2018_NatMethods_TimeLapseSeq_SuppTable2
ADARB1,RNA,K562,1.65908483235044,0.4177888719396932,1.14060952520294,2.17756013949794,0.6466422572101796,0.5238016183864938,Schofield2018_NatMethods_TimeLapseSeq_SuppTable2
ADAT2,RNA,K562,0.702463862561853,0.9867371369568675,0.763327432003528,0.6416002931201779,0.17372156344021342,0.8405308996116524,Schofield2018_NatMethods_TimeLapseSeq_SuppTable2
ADCY3,RNA,K562,1.37204406668068,0.5051930891963571,1.2960006625751,1.44808747078625,0.11096059096441732,0.8949740182969932,Schofield2018_NatMethods_TimeLapseSeq_SuppTable2
ADCY7,RNA,K562,1.10497249498889,0.6272981306805421,1.19698283875876,1.01296215121901,0.16692522808916882,0.8462628856646143,Schofield2018_NatMethods_TimeLapseSeq_SuppTable2
ADD1,RNA,K562,4.76839731768431,0.14536271505507856,4.73710284856653,4.79969178680209,0.013125969311978132,0.9869598005422633,Schofield2018_NatMethods_TimeLapseSeq_SuppTable2
ADD2,RNA,K562,5.28125957202113,0.13124656554131062,5.7705990604258,4.79192008361645,0.1858447147956658,0.8304025341976999,Schofield2018_NatMethods_TimeLapseSeq_SuppTable2
ADD3,RNA,K562,2.58303733785797,0.2683457843992104,3.2867489911588,1.87932568455714,0.5589858935783447,0.5717886244469649,Schofield2018_NatMethods_TimeLapseSeq_SuppTable2
ADGRD1,RNA,K562,0.5503197149608339,1.2595354331604791,0.549308383599422,0.551331046322246,0.0036754361961239272,0.9963313099519489,Schofield2018_NatMethods_TimeLapseSeq_SuppTable2
ADGRE5,RNA,K562,0.892823748152852,0.7763538794683562,0.917341712926084,0.86830578337962,0.05493610745175114,0.9465456232334056,Schofield2018_NatMethods_TimeLapseSeq_SuppTable2
ADGRL1,RNA,K562,1.82450460501978,0.37990980053044626,1.90589136677037,1.74311784326918,0.08927443450794105,0.9145945428269514,Schofield2018_NatMethods_TimeLapseSeq_SuppTable2
ADGRV1,RNA,K562,1.2901661015421,0.5372542184540778,1.28048600546235,1.29984619762185,0.015006250312405194,0.9851057823649284,Schofield2018_NatMethods_TimeLapseSeq_SuppTable2
ADH5,RNA,K562,7.07375954936898,0.09798851314104647,6.98727707603892,7.16024202269905,0.024452847732163694,0.9758437010771696,Schofield2018_NatMethods_TimeLapseSeq_SuppTable2
ADIPOR1,RNA,K562,3.07473731173815,0.2254329753354146,3.0250196015811106,3.12445502189519,0.03234230366326455,0.9681751154626111,Schofield2018_NatMethods_TimeLapseSeq_SuppTable2
ADIPOR2,RNA,K562,0.657048311557868,1.0549409660858673,0.671467403915739,0.642629219199996,0.043897556664597624,0.9570519960498904,Schofield2018_NatMethods_TimeLapseSeq_SuppTable2
ADK,RNA,K562,2.29085789932905,0.30257100659231434,1.84967779187019,2.7320380067879,0.3900363959555551,0.6770322328146837,Schofield2018_NatMethods_TimeLapseSeq_SuppTable2
ADNP,RNA,K562,0.3553318118342099,1.9507039827983448,0.3458190106698039,0.3648446129986169,0.053555997478494474,0.9478528621474119,Schofield2018_NatMethods_TimeLapseSeq_SuppTable2
ADNP2,RNA,K562,0.438236072876139,1.5816753194478657,0.4935073566853849,0.382964789066893,0.25359471552311325,0.7760062416071262,Schofield2018_NatMethods_TimeLapseSeq_SuppTable2
ADO,RNA,K562,0.339547540127604,2.041384780167915,0.3293681830446439,0.3497268972105639,0.05997633376898789,0.9417868218649983,Schofield2018_NatMethods_TimeLapseSeq_SuppTable2
ADPGK,RNA,K562,0.90379303679123,0.7669313131918469,1.08873156466524,0.718854508917221,0.41510961020173365,0.660267904640252,Schofield2018_NatMethods_TimeLapseSeq_SuppTable2
ADRM1,RNA,K562,1.71647714903175,0.4038196377685212,1.69049441770579,1.74245988035772,0.030276798197876747,0.9701769531466848,Schofield2018_NatMethods_TimeLapseSeq_SuppTable2
ADSS,RNA,K562,1.06300916940442,0.6520613372961778,1.15460311355682,0.97141522525202,0.17275793597394196,0.841341248647356,Schofield2018_NatMethods_TimeLapseSeq_SuppTable2
AEBP2,RNA,K562,0.5868586040070989,1.181114455555568,0.505322500931458,0.6683947070827398,0.2796820367498596,0.7560240911197172,Schofield2018_NatMethods_TimeLapseSeq_SuppTable2
AEN,RNA,K562,0.3989056852290229,1.737621714170331,0.4301205237547919,0.367690846703255,0.15682296260128034,0.8548553867958939,Schofield2018_NatMethods_TimeLapseSeq_SuppTable2
AES,RNA,K562,5.94877377423073,0.11651933774361424,6.69850088203215,5.19904666642931,0.2534084770101795,0.7761507773142302,Schofield2018_NatMethods_TimeLapseSeq_SuppTable2
AFAP1-AS1,RNA,K562,0.97528334928801,0.7107136413904394,0.947422355244066,1.00314434333195,0.05714970257803068,0.9444526717832021,Schofield2018_NatMethods_TimeLapseSeq_SuppTable2
AFDN,RNA,K562,2.70663488105012,0.25609186721594973,2.8927045075009,2.52056525459935,0.13770869651514508,0.8713524827936701,Schofield2018_NatMethods_TimeLapseSeq_SuppTable2
AFF1,RNA,K562,0.799553009076274,0.8669183564961381,0.7916921104704389,0.8074139076821099,0.019663866713612362,0.9805282060884924,Schofield2018_NatMethods_TimeLapseSeq_SuppTable2
AFF4,RNA,K562,0.504637900008295,1.3735535530497247,0.513461682359021,0.495814117657569,0.0349743123600078,0.9656302207004562,Schofield2018_NatMethods_TimeLapseSeq_SuppTable2
AFG3L1P,RNA,K562,0.693694354709814,0.9992112172368801,0.7628154287606899,0.624573280658939,0.19994743439386548,0.8187737912874332,Schofield2018_NatMethods_TimeLapseSeq_SuppTable2
AFG3L2,RNA,K562,4.28402342054681,0.16179817720778764,4.38469524447951,4.1833515966141,0.047007381235728944,0.954080355272374,Schofield2018_NatMethods_TimeLapseSeq_SuppTable2
AFTPH,RNA,K562,0.623322089371389,1.11202088355151,0.64303734101964,0.603606837723138,0.06327974061150807,0.9386808498026279,Schofield2018_NatMethods_TimeLapseSeq_SuppTable2
AGAP1,RNA,K562,1.40431590888491,0.49358351363429,1.27187730299607,1.53675451477375,0.1891787343153614,0.8276385660616219,Schofield2018_NatMethods_TimeLapseSeq_SuppTable2
AGAP3,RNA,K562,1.27101853683684,0.5453478139547576,1.30538253423682,1.23665453943687,0.05408634598606114,0.9473503030740861,Schofield2018_NatMethods_TimeLapseSeq_SuppTable2
AGFG1,RNA,K562,1.12242835898411,0.6175424694252206,1.15454574046225,1.09031097750597,0.05724401229580609,0.9443636049182755,Schofield2018_NatMethods_TimeLapseSeq_SuppTable2
AGGF1,RNA,K562,1.52277429644129,0.4551870767584034,1.72593263676599,1.31961595611659,0.26842681144425407,0.764581379369043,Schofield2018_NatMethods_TimeLapseSeq_SuppTable2
AGK,RNA,K562,2.6524506302379094,0.26132331085000216,2.66984196806456,2.63505929241127,0.013113599065656442,0.9869720095536196,Schofield2018_NatMethods_TimeLapseSeq_SuppTable2
AGL,RNA,K562,5.81766094730067,0.11914533810732952,4.32375135955512,7.31157053504621,0.5253347024527404,0.5913574024664446,Schofield2018_NatMethods_TimeLapseSeq_SuppTable2
AGO1,RNA,K562,2.33864548457655,0.2963883090153149,2.21366298680434,2.46362798234875,0.10698644953179892,0.8985378485163571,Schofield2018_NatMethods_TimeLapseSeq_SuppTable2
AGO2,RNA,K562,1.08142285225083,0.6409585104635589,1.1210514747312,1.04179422977047,0.07332261401626927,0.9293009761396248,Schofield2018_NatMethods_TimeLapseSeq_SuppTable2
AGO3,RNA,K562,1.4250194405483,0.4864124382003135,1.61499360261582,1.23504527848077,0.2682233632928354,0.7647369478618093,Schofield2018_NatMethods_TimeLapseSeq_SuppTable2
AGPAT1,RNA,K562,5.82030036699286,0.11909130746770541,6.2618744613128,5.37872627267291,0.15202798115272056,0.858964245595122,Schofield2018_NatMethods_TimeLapseSeq_SuppTable2
AGPAT3,RNA,K562,2.39902408549833,0.28892881265757003,2.61693470807858,2.18111346291808,0.18216816487581886,0.8334611697360647,Schofield2018_NatMethods_TimeLapseSeq_SuppTable2
AGPAT4,RNA,K562,0.6060330900242,1.1437447756066697,0.6672492003805859,0.544816979667813,0.2027136687626093,0.8165120008492479,Schofield2018_NatMethods_TimeLapseSeq_SuppTable2
AGPAT5,RNA,K562,1.67324244158046,0.4142538841563411,1.80500569849556,1.54147918466536,0.15782128388671668,0.8540023923194011,Schofield2018_NatMethods_TimeLapseSeq_SuppTable2
AGPS,RNA,K562,4.33996918618599,0.15971246587791796,4.64309902561787,4.0368393467541,0.13991999087558907,0.8694277947726747,Schofield2018_NatMethods_TimeLapseSeq_SuppTable2
AGRN,RNA,K562,2.93114866252865,0.23647629662085426,2.60277451065225,3.25952281440505,0.22500281317342868,0.7985139723979278,Schofield2018_NatMethods_TimeLapseSeq_SuppTable2
AHCTF1,RNA,K562,0.668815476665597,1.036380294331188,0.7032688196291939,0.634362133702001,0.10311922777384204,0.9020194213024763,Schofield2018_NatMethods_TimeLapseSeq_SuppTable2
AHCY,RNA,K562,3.91781259469372,0.17692198485929186,3.85645052761813,3.97917466176931,0.03132721837867128,0.969158394746962,Schofield2018_NatMethods_TimeLapseSeq_SuppTable2
AHCYL1,RNA,K562,3.43563765745356,0.20175211988847944,3.32165931651566,3.54961599839146,0.06637497596525851,0.9357799035222117,Schofield2018_NatMethods_TimeLapseSeq_SuppTable2
AHDC1,RNA,K562,0.3732755712382699,1.856931537899903,0.368889836793434,0.377661305683106,0.02349972305353721,0.9767742451829785,Schofield2018_NatMethods_TimeLapseSeq_SuppTable2
AHI1,RNA,K562,2.0791332574052,0.33338275846013204,2.38271372566635,1.77555278914406,0.29412825404683474,0.7451809128465522,Schofield2018_NatMethods_TimeLapseSeq_SuppTable2
AHNAK,RNA,K562,2.1843719131696,0.317321046100691,2.03787719241821,2.330866633921,0.13433147019915212,0.8743002121018306,Schofield2018_NatMethods_TimeLapseSeq_SuppTable2
AHSA1,RNA,K562,3.31714649291709,0.2089588693294017,2.93168028398911,3.70261270184506,0.2334629716687248,0.7917869137455872,Schofield2018_NatMethods_TimeLapseSeq_SuppTable2
AIFM1,RNA,K562,9.12638871946361,0.0759497761783572,10.9842240394119,7.268553399515299,0.41290277558423916,0.6617266156840388,Schofield2018_NatMethods_TimeLapseSeq_SuppTable2
AIG1,RNA,K562,1.71159055434634,0.4049725436961526,1.73089052077564,1.69229058791703,0.02255303925804744,0.9776993793684231,Schofield2018_NatMethods_TimeLapseSeq_SuppTable2
AIMP1,RNA,K562,2.07347971391006,0.3342917588775655,2.36377007583369,1.78318935198643,0.28185430239157044,0.7543835884111985,Schofield2018_NatMethods_TimeLapseSeq_SuppTable2
AIMP2,RNA,K562,3.21397990504985,0.2156663081405278,3.42694182823307,3.00101798186662,0.13271670980454908,0.8757131379186391,Schofield2018_NatMethods_TimeLapseSeq_SuppTable2
AK2,RNA,K562,5.38247029259379,0.1287786356227004,5.14498192870555,5.61995865648203,0.0883024505001466,0.9154839462691342,Schofield2018_NatMethods_TimeLapseSeq_SuppTable2
AK4,RNA,K562,1.92540554519079,0.36000061508665737,1.99473726188008,1.8560738285015,0.07204893150279926,0.9304853646500357,Schofield2018_NatMethods_TimeLapseSeq_SuppTable2
AKAP1,RNA,K562,0.844507491321521,0.8207709081127028,0.833886664955021,0.855128317688021,0.025154037058177755,0.9751596897288698,Schofield2018_NatMethods_TimeLapseSeq_SuppTable2
AKAP10,RNA,K562,0.382387382856751,1.812683188921038,0.323126625665761,0.441648140047742,0.31246922548673445,0.7316381444079695,Schofield2018_NatMethods_TimeLapseSeq_SuppTable2
AKAP11,RNA,K562,0.6670963112196289,1.039051136848124,0.67617864994537,0.658013972493887,0.02723115030257168,0.973136274780414,Schofield2018_NatMethods_TimeLapseSeq_SuppTable2
AKAP17A,RNA,K562,0.575366197374051,1.2047061223329456,0.517630846337368,0.6331015484107329,0.20136849696313686,0.8176110888320688,Schofield2018_NatMethods_TimeLapseSeq_SuppTable2
AKAP8,RNA,K562,0.708673156412645,0.9780914858814559,0.6448974198103369,0.772448893014953,0.18047458357994367,0.8348738999330186,Schofield2018_NatMethods_TimeLapseSeq_SuppTable2
AKAP8L,RNA,K562,1.32931679234212,0.5214311476037935,1.42002604944576,1.23860753523849,0.13668742294780437,0.8722428266171046,Schofield2018_NatMethods_TimeLapseSeq_SuppTable2
AKAP9,RNA,K562,0.9462660012503749,0.7325077511440081,0.991378697997268,0.9011533045034829,0.09542120614947532,0.9089899816527692,Schofield2018_NatMethods_TimeLapseSeq_SuppTable2
AKIRIN1,RNA,K562,0.755026967370788,0.9180429448416588,0.819568788772083,0.690485145969494,0.17138387396453497,0.8424980983036356,Schofield2018_NatMethods_TimeLapseSeq_SuppTable2
AKIRIN2,RNA,K562,0.502290167577466,1.3799736194379004,0.533607022024086,0.470973313130847,0.12485822183838431,0.8826220302430505,Schofield2018_NatMethods_TimeLapseSeq_SuppTable2
AKT1,RNA,K562,5.13223120320362,0.13505766851019335,5.86625417597232,4.39820823043492,0.288019062358469,0.7497473001510246,Schofield2018_NatMethods_TimeLapseSeq_SuppTable2
AKT2,RNA,K562,3.01472471035809,0.2299205556575058,3.07011301841753,2.95933640229864,0.0367493199489101,0.9639177400133665,Schofield2018_NatMethods_TimeLapseSeq_SuppTable2
ALAS1,RNA,K562,0.9049966824486227,0.7659112944862047,0.927072741811814,0.882920623085433,0.048796730635925746,0.9523746986238718,Schofield2018_NatMethods_TimeLapseSeq_SuppTable2
ALDH1A2,RNA,K562,11.0179590423286,0.06291066956203274,11.4056867479296,10.6302313367276,0.07041011381575311,0.9320115107191802,Schofield2018_NatMethods_TimeLapseSeq_SuppTable2
ALDH1B1,RNA,K562,1.64318801800283,0.4218307174625171,1.48715383451656,1.7992222014891,0.19049034616811222,0.8265537371013646,Schofield2018_NatMethods_TimeLapseSeq_SuppTable2
ALDH9A1,RNA,K562,3.07870329328763,0.22514257287189238,3.72862604774722,2.42878053882803,0.42865051846968166,0.6513875373196684,Schofield2018_NatMethods_TimeLapseSeq_SuppTable2
ALDOA,RNA,K562,6.9690579520966,0.0994606710583338,7.443996483253249,6.49411942093995,0.13651080341414432,0.8723968953437529,Schofield2018_NatMethods_TimeLapseSeq_SuppTable2
ALG3,RNA,K562,6.58731413926018,0.10522455220843506,6.17292004797622,7.00170823054413,0.12598216078221652,0.8816305742429513,Schofield2018_NatMethods_TimeLapseSeq_SuppTable2
ALG8,RNA,K562,2.75159263542695,0.2519076303794487,2.55272156987392,2.95046370097998,0.14480227243906146,0.8651933487695673,Schofield2018_NatMethods_TimeLapseSeq_SuppTable2
ALKBH2,RNA,K562,0.968162842224628,0.7159406975041963,0.930966730455078,1.00535895399418,0.07687638351786705,0.9260043159276098,Schofield2018_NatMethods_TimeLapseSeq_SuppTable2
ALKBH5,RNA,K562,1.97540507949454,0.35088862925132575,2.10102873887377,1.84978142011531,0.1273596196128489,0.8804170004389669,Schofield2018_NatMethods_TimeLapseSeq_SuppTable2
ALKBH8,RNA,K562,1.02418372611863,0.676780115601699,1.2096451874697,0.8387222647675548,0.3662027416953843,0.6933622135280588,Schofield2018_NatMethods_TimeLapseSeq_SuppTable2
ALMS1,RNA,K562,1.72876474846984,0.4009493953260338,1.70307854318738,1.7544509537523,0.029718440003382484,0.9707188106597975,Schofield2018_NatMethods_TimeLapseSeq_SuppTable2
ALS2,RNA,K562,1.14971030505364,0.602888551588312,1.22080634393952,1.07861426616775,0.12383444768376703,0.8835260985678377,Schofield2018_NatMethods_TimeLapseSeq_SuppTable2
ALYREF,RNA,K562,5.89101237517439,0.11766181029952873,5.90014788872252,5.88187686162625,0.003101511349659269,0.9969032933680877,Schofield2018_NatMethods_TimeLapseSeq_SuppTable2
AMBRA1,RNA,K562,0.4795867186651059,1.4453010343765755,0.463832338874473,0.4953410984557399,0.06572346475096626,0.9363897732703834,Schofield2018_NatMethods_TimeLapseSeq_SuppTable2
AMD1,RNA,K562,0.6225293725528809,1.1134369093581455,0.6198400162762319,0.62521872882953,0.008640148162394135,0.9913970706485911,Schofield2018_NatMethods_TimeLapseSeq_SuppTable2
AMER1,RNA,K562,0.707504694242284,0.9797068290865332,0.753601731622982,0.6614076568615859,0.13049364383133458,0.8776620714991671,Schofield2018_NatMethods_TimeLapseSeq_SuppTable2
AMFR,RNA,K562,4.90285537849995,0.14137622406721218,4.95616932774618,4.84954142925372,0.02174897958528539,0.9784858241433514,Schofield2018_NatMethods_TimeLapseSeq_SuppTable2
AMMECR1,RNA,K562,4.47121809101382,0.155024238686326,4.8090984360189,4.13333774600874,0.15142437968529393,0.8594828741809718,Schofield2018_NatMethods_TimeLapseSeq_SuppTable2
AMMECR1L,RNA,K562,0.364668475735546,1.9007598042628966,0.365517916166598,0.363819035304493,0.004658707971189744,0.9953521269766413,Schofield2018_NatMethods_TimeLapseSeq_SuppTable2
AMOTL1,RNA,K562,0.9512535089424629,0.7286671471315127,0.980902513953894,0.9216045039310328,0.06235690346474397,0.9395474991863988,Schofield2018_NatMethods_TimeLapseSeq_SuppTable2
AMPD2,RNA,K562,2.2049632695086,0.3143576993527065,2.64844854367282,1.76147799534437,0.4078207866120267,0.6650980626195534,Schofield2018_NatMethods_TimeLapseSeq_SuppTable2
AMPD3,RNA,K562,1.03516132923711,0.6696030473537673,0.9391043515612268,1.13121830691299,0.18612387507630151,0.8301707511470287,Schofield2018_NatMethods_TimeLapseSeq_SuppTable2
ANAPC1,RNA,K562,3.38896215629012,0.20453081167443016,3.49032362659533,3.2876006859849,0.05983643764823273,0.9419185834042048,Schofield2018_NatMethods_TimeLapseSeq_SuppTable2
ANAPC10,RNA,K562,1.06731158395835,0.6494328282180382,1.027068438587,1.10755472932971,0.07544607066683043,0.9273297394599901,Schofield2018_NatMethods_TimeLapseSeq_SuppTable2
ANAPC13,RNA,K562,1.58991458464098,0.43596504318907514,1.65997716931508,1.51985199996687,0.08819088717450017,0.9155860864001963,Schofield2018_NatMethods_TimeLapseSeq_SuppTable2
ANAPC5,RNA,K562,4.97501043519792,0.13932577420460626,4.73536853560755,5.21465233478829,0.09641286400380737,0.9080890213939452,Schofield2018_NatMethods_TimeLapseSeq_SuppTable2
ANGEL2,RNA,K562,0.8254643188280099,0.8397058052661467,0.7781225521631359,0.8728060854928829,0.11482937304043697,0.8915182479779822,Schofield2018_NatMethods_TimeLapseSeq_SuppTable2
ANGPT1,RNA,K562,0.952166023910618,0.7279688238749975,1.08185597961559,0.822476068205651,0.274113959021639,0.7602454334983636,Schofield2018_NatMethods_TimeLapseSeq_SuppTable2
ANK1,RNA,K562,1.94769229973058,0.3558812552967565,2.0042982103278,1.89108638913337,0.05814250670330085,0.9435154805751614,Schofield2018_NatMethods_TimeLapseSeq_SuppTable2
ANKFY1,RNA,K562,1.03486507781511,0.6697947350038839,1.02922045631109,1.04050969931914,0.010909011433129442,0.9891502760469824,Schofield2018_NatMethods_TimeLapseSeq_SuppTable2
ANKIB1,RNA,K562,0.789666112185318,0.8777724786007763,0.701585295589896,0.87774692878074,0.2240158336312107,0.7993024784085015,Schofield2018_NatMethods_TimeLapseSeq_SuppTable2
ANKLE2,RNA,K562,0.960732455023491,0.7214778442589379,1.03409946227133,0.8873654477756518,0.15302934047822989,0.8581045442443354,Schofield2018_NatMethods_TimeLapseSeq_SuppTable2
ANKMY2,RNA,K562,2.6027825308049306,0.2663100633096627,2.25041943046409,2.95514563114576,0.27243132022026495,0.7615257287985379,Schofield2018_NatMethods_TimeLapseSeq_SuppTable2
ANKRD10,RNA,K562,1.00646491324803,0.6886948282410004,1.13801502980799,0.874914796688065,0.2629143154090063,0.7688077694682852,Schofield2018_NatMethods_TimeLapseSeq_SuppTable2
ANKRD11,RNA,K562,0.67536707746041,1.0263265766024514,0.716639600519345,0.634094554401475,0.12237498227167626,0.8848165157799679,Schofield2018_NatMethods_TimeLapseSeq_SuppTable2
ANKRD12,RNA,K562,0.579676214602388,1.1957488734213277,0.5375476300087298,0.621804799196047,0.14560884578032418,0.864495788234095,Schofield2018_NatMethods_TimeLapseSeq_SuppTable2
ANKRD13C,RNA,K562,0.7851593730206419,0.882810808069819,0.8072111635697659,0.763107582471519,0.056186278283689196,0.9453630188868974,Schofield2018_NatMethods_TimeLapseSeq_SuppTable2
ANKRD17,RNA,K562,1.26682484879496,0.5471531295105923,1.35208695410599,1.18156274348394,0.13481136954724454,0.8738807366610517,Schofield2018_NatMethods_TimeLapseSeq_SuppTable2
ANKRD27,RNA,K562,0.9890888586843168,0.700793638988076,1.06608251881232,0.912095198556317,0.1560016424888756,0.8555577851257199,Schofield2018_NatMethods_TimeLapseSeq_SuppTable2
ANKRD28,RNA,K562,2.18837271021139,0.31674091772648244,2.52399723739889,1.85274818302389,0.3091738089880534,0.7340531738985749,Schofield2018_NatMethods_TimeLapseSeq_SuppTable2
ANKRD36,RNA,K562,0.737155294078176,0.94030007805443,0.777709794762183,0.696600793394169,0.11014094326315597,0.8957078824077092,Schofield2018_NatMethods_TimeLapseSeq_SuppTable2
ANKRD36B,RNA,K562,0.6459014268879069,1.0731470030956252,0.701120524968429,0.590682328807384,0.17140144697874707,0.842483293202666,Schofield2018_NatMethods_TimeLapseSeq_SuppTable2
ANKRD36C,RNA,K562,0.977302911097394,0.7092449768533117,0.885450462280444,1.06915535991434,0.18852772003131424,0.828177546012944,Schofield2018_NatMethods_TimeLapseSeq_SuppTable2
ANKRD40,RNA,K562,0.532380107990125,1.3019779855726734,0.483033157429448,0.5817270585508019,0.18591606594908963,0.8303432861328128,Schofield2018_NatMethods_TimeLapseSeq_SuppTable2
ANKRD50,RNA,K562,0.2847521951360649,2.434211895113695,0.281255894313691,0.2882484959584389,0.024558030439582754,0.9757410645925587,Schofield2018_NatMethods_TimeLapseSeq_SuppTable2
ANKRD52,RNA,K562,1.32808328389051,0.5219154468456436,1.32311103085015,1.33305553693087,0.007487898286097449,0.992540066182377,Schofield2018_NatMethods_TimeLapseSeq_SuppTable2
ANKS1A,RNA,K562,0.8698027500301398,0.7969015739901107,0.960402544602545,0.7792029554577349,0.2090809686075674,0.811329540760642,Schofield2018_NatMethods_TimeLapseSeq_SuppTable2
ANKS6,RNA,K562,2.61769793987137,0.264792652353925,2.62649179189467,2.60890408784808,0.006718792852652854,0.9933037277706841,Schofield2018_NatMethods_TimeLapseSeq_SuppTable2
ANLN,RNA,K562,0.695597602907562,0.9964772415296228,0.6319740351706499,0.759221170644474,0.1834448226590364,0.8323978039682312,Schofield2018_NatMethods_TimeLapseSeq_SuppTable2
ANO10,RNA,K562,2.79873994307977,0.24766401832861865,3.00523144929265,2.59224843686689,0.147828964962785,0.8625786334949459,Schofield2018_NatMethods_TimeLapseSeq_SuppTable2
ANO6,RNA,K562,0.8622791019661789,0.8038547831895996,0.8718509679727389,0.85270723595962,0.022202229364014812,0.97804242615268,Schofield2018_NatMethods_TimeLapseSeq_SuppTable2
ANP32A,RNA,K562,6.17887981562935,0.11218007167037683,7.50288985328246,4.85486977797625,0.4353059809654063,0.6470666467071058,Schofield2018_NatMethods_TimeLapseSeq_SuppTable2
ANP32B,RNA,K562,5.7839725916433,0.11983929203976629,6.01907302712654,5.54887215616007,0.08133857325829706,0.9218815141721349,Schofield2018_NatMethods_TimeLapseSeq_SuppTable2
ANP32E,RNA,K562,6.98532050604308,0.09922911625319064,7.849349276811331,6.12129173527484,0.2486574915767332,0.7798470318244666,Schofield2018_NatMethods_TimeLapseSeq_SuppTable2
ANTXR2,RNA,K562,1.13039257442708,0.6131915550765671,0.9682641281647368,1.29252102068942,0.2888449601083654,0.7491283411764342,Schofield2018_NatMethods_TimeLapseSeq_SuppTable2
ANXA1,RNA,K562,7.2042929706036,0.09621307509123565,7.26259622222123,7.14598971898597,0.016186050386097606,0.983944239819022,Schofield2018_NatMethods_TimeLapseSeq_SuppTable2
ANXA11,RNA,K562,3.61411575317306,0.19178887116478982,3.60583795425007,3.62239355209605,0.004580823616836595,0.9954296523533727,Schofield2018_NatMethods_TimeLapseSeq_SuppTable2
ANXA2,RNA,K562,6.35322037540195,0.1091017058441156,6.90070338201166,5.80573736879224,0.17277671569885422,0.8413254486385096,Schofield2018_NatMethods_TimeLapseSeq_SuppTable2
ANXA7,RNA,K562,5.00349331121822,0.13853264858091358,5.02882983537894,4.97815678705749,0.01012762050255475,0.989923491153955,Schofield2018_NatMethods_TimeLapseSeq_SuppTable2
AP000705.7,RNA,K562,0.875207575383395,0.791980325645952,0.862723007108925,0.8876921436578649,0.02853132336126073,0.9718718513762543,Schofield2018_NatMethods_TimeLapseSeq_SuppTable2
AP1AR,RNA,K562,0.715127215581488,0.9692641609176206,0.85321697740767,0.577037453755305,0.39110670931881475,0.6763079838243709,Schofield2018_NatMethods_TimeLapseSeq_SuppTable2
AP1B1,RNA,K562,3.7343038865192306,0.18561616880248927,3.76093251263995,3.7076752603985095,0.014261869566953411,0.9858393491341707,Schofield2018_NatMethods_TimeLapseSeq_SuppTable2
AP1G1,RNA,K562,1.15750529715974,0.5988285170364006,1.04564929787222,1.26936129644726,0.193875827639274,0.8237601861651414,Schofield2018_NatMethods_TimeLapseSeq_SuppTable2
AP2A1,RNA,K562,4.62938661490441,0.1497276503820923,4.24675364887748,5.01201958093135,0.16568410010274728,0.8473138582767337,Schofield2018_NatMethods_TimeLapseSeq_SuppTable2
AP2A2,RNA,K562,2.4097868652492,0.2876383760554135,2.52852089212376,2.29105283837465,0.09862303749892803,0.9060842034215285,Schofield2018_NatMethods_TimeLapseSeq_SuppTable2
AP2B1,RNA,K562,6.16924808909373,0.1123552125882766,6.41479289944225,5.9237032787452,0.07964490658870481,0.9234441971244701,Schofield2018_NatMethods_TimeLapseSeq_SuppTable2
AP2M1,RNA,K562,9.02987325141073,0.07676156256696687,10.2999285829875,7.75981791983392,0.28317809154010093,0.753385604309033,Schofield2018_NatMethods_TimeLapseSeq_SuppTable2
AP3B1,RNA,K562,3.25635207544702,0.21286002388571348,3.40235951134619,3.11034463954785,0.08973562823259817,0.914172834815213,Schofield2018_NatMethods_TimeLapseSeq_SuppTable2
AP3D1,RNA,K562,3.80447627914884,0.18219253576605826,4.20374546876894,3.40520708952874,0.21067014917271784,0.8100412155843368,Schofield2018_NatMethods_TimeLapseSeq_SuppTable2
AP3M1,RNA,K562,2.9126621363818,0.23797720027390282,3.1826311668575906,2.64269310590601,0.185909752570741,0.8303485284206857,Schofield2018_NatMethods_TimeLapseSeq_SuppTable2
AP5M1,RNA,K562,1.46410834685334,0.47342615186209164,1.31756492020977,1.6106517734969,0.2008536498135389,0.8180321419503319,Schofield2018_NatMethods_TimeLapseSeq_SuppTable2
APBA2,RNA,K562,1.69636317441909,0.4086077739793601,1.91876539031165,1.47396095852653,0.2637286466668597,0.7681819601129695,Schofield2018_NatMethods_TimeLapseSeq_SuppTable2
APC,RNA,K562,0.7669925860919758,0.9037208352843515,0.618565329145329,0.915419843038622,0.39197999350084606,0.6757176325696399,Schofield2018_NatMethods_TimeLapseSeq_SuppTable2
APEH,RNA,K562,3.54366304128029,0.19560188778826956,2.8264041700767306,4.26092191248385,0.41048025578500624,0.6633316047862314,Schofield2018_NatMethods_TimeLapseSeq_SuppTable2
APEX1,RNA,K562,5.69245090398038,0.12176603579931979,6.633948091008419,4.75095371695234,0.33385473539581056,0.7161578070518416,Schofield2018_NatMethods_TimeLapseSeq_SuppTable2
APEX2,RNA,K562,0.928194763595239,0.7467691132786958,0.989285766579583,0.867103760610894,0.1318245874888257,0.8764947297370621,Schofield2018_NatMethods_TimeLapseSeq_SuppTable2
API5,RNA,K562,2.94076953166171,0.23570265302914636,2.70365735744702,3.17788170587641,0.1616094113702552,0.8507734420848727,Schofield2018_NatMethods_TimeLapseSeq_SuppTable2
APIP,RNA,K562,2.7213378118268894,0.25470824590300367,3.08399371258254,2.35868191107123,0.26812246622389374,0.7648141114710856,Schofield2018_NatMethods_TimeLapseSeq_SuppTable2
APLP2,RNA,K562,7.14853413195814,0.0969635407434331,7.06616093913404,7.230907324782249,0.023047197502220416,0.9772163605134891,Schofield2018_NatMethods_TimeLapseSeq_SuppTable2
APTX,RNA,K562,1.81800918019907,0.38126715096347663,1.87569408837186,1.76032427202628,0.06348073383905646,0.9384922002682626,Schofield2018_NatMethods_TimeLapseSeq_SuppTable2
AQR,RNA,K562,3.01467090011701,0.22992465961476652,2.90925077548914,3.12009102474489,0.0699665934277138,0.9324249685077732,Schofield2018_NatMethods_TimeLapseSeq_SuppTable2
ARAF,RNA,K562,3.04246547077506,0.22782417326280055,2.88957876104466,3.19535218050546,0.10058657631827259,0.9043068174687301,Schofield2018_NatMethods_TimeLapseSeq_SuppTable2
ARAP1,RNA,K562,2.23231391814166,0.3105061411510489,2.73819372277776,1.72643411350557,0.46124040251713166,0.6305010851292834,Schofield2018_NatMethods_TimeLapseSeq_SuppTable2
ARCN1,RNA,K562,2.5755604019185,0.2691248009728793,2.76040376462423,2.39071703921278,0.14378362320549679,0.8660751263459552,Schofield2018_NatMethods_TimeLapseSeq_SuppTable2
AREL1,RNA,K562,1.94110836771682,0.3570883481251705,2.07684457755218,1.80537215788146,0.14008295965100392,0.8692861167345107,Schofield2018_NatMethods_TimeLapseSeq_SuppTable2
ARF1,RNA,K562,4.20551970388908,0.1648184360945814,4.49894857045801,3.91209083732014,0.1397717463894466,0.8695566922032794,Schofield2018_NatMethods_TimeLapseSeq_SuppTable2
ARF6,RNA,K562,0.4414400502552159,1.5701955002932029,0.446434160322776,0.4364459401876569,0.022627412917366706,0.9776266669918415,Schofield2018_NatMethods_TimeLapseSeq_SuppTable2
ARFGAP1,RNA,K562,1.69059425420114,0.4100020917718542,1.94578509427638,1.4354034141259,0.3042196085397492,0.7376988436946135,Schofield2018_NatMethods_TimeLapseSeq_SuppTable2
ARFGAP2,RNA,K562,2.38253517177271,0.2909284147290105,2.1181358731227906,2.64693447042264,0.22286577003263808,0.8002222558930916,Schofield2018_NatMethods_TimeLapseSeq_SuppTable2
ARFGEF1,RNA,K562,2.0362941670097894,0.3403963885914392,2.33178414334281,1.74080419067677,0.2922865163103227,0.7465546052565483,Schofield2018_NatMethods_TimeLapseSeq_SuppTable2
ARFGEF2,RNA,K562,1.29869948008089,0.5337240764251113,1.2868942447623,1.31050471539947,0.018180588607255046,0.9819836812796411,Schofield2018_NatMethods_TimeLapseSeq_SuppTable2
ARFIP2,RNA,K562,2.13928503416547,0.3240088017678955,1.72051852504049,2.55805154329044,0.39662013935373897,0.6725894673832,Schofield2018_NatMethods_TimeLapseSeq_SuppTable2
ARFRP1,RNA,K562,1.34155464637063,0.5166745778378454,1.42494929165036,1.2581600010909,0.12448589121330192,0.8829507186418637,Schofield2018_NatMethods_TimeLapseSeq_SuppTable2
ARGLU1,RNA,K562,0.9000509492226109,0.77011993727536,0.88932755012519,0.910774348320032,0.023829554404612718,0.9764521275391631,Schofield2018_NatMethods_TimeLapseSeq_SuppTable2
ARHGAP1,RNA,K562,1.23260000743803,0.5623455917387651,1.2609834866736,1.20421652820246,0.04606279005867846,0.9549819969324991,Schofield2018_NatMethods_TimeLapseSeq_SuppTable2
ARHGAP11A,RNA,K562,0.796782880764618,0.869932320702949,0.854299671399911,0.7392660901293249,0.14462411154166321,0.8653475061250058,Schofield2018_NatMethods_TimeLapseSeq_SuppTable2
ARHGAP11B,RNA,K562,0.5163797379588159,1.3423206404261114,0.514049647837939,0.518709828079693,0.009024776784975562,0.9910158242827086,Schofield2018_NatMethods_TimeLapseSeq_SuppTable2
ARHGAP12,RNA,K562,0.9276341572523468,0.7472204156572326,0.969503871412539,0.8857644430921549,0.09033341820794874,0.9136265147674157,Schofield2018_NatMethods_TimeLapseSeq_SuppTable2
ARHGAP17,RNA,K562,1.66973578526585,0.4151238697022862,1.8232134654967,1.51625810503501,0.18435505785139272,0.8316404709209044,Schofield2018_NatMethods_TimeLapseSeq_SuppTable2
ARHGAP18,RNA,K562,1.85469397272989,0.3737259034382447,1.63081757440188,2.07857037105791,0.24259886733523525,0.7845861737997633,Schofield2018_NatMethods_TimeLapseSeq_SuppTable2
ARHGAP21,RNA,K562,1.18639316976886,0.5842474469867256,1.25724486541815,1.11554147411957,0.11958279803667932,0.8872905388629678,Schofield2018_NatMethods_TimeLapseSeq_SuppTable2
ARHGAP22,RNA,K562,1.13469961785043,0.6108640292600435,1.14576540592366,1.1236338297772,0.01950496628836129,0.9806840248169139,Schofield2018_NatMethods_TimeLapseSeq_SuppTable2
ARHGAP24,RNA,K562,0.4862821288970409,1.4254013038317994,0.4790437761014029,0.4935204816926779,0.029772377092268515,0.9706664543250104,Schofield2018_NatMethods_TimeLapseSeq_SuppTable2
ARHGAP35,RNA,K562,0.887646994294449,0.7808815723089301,0.904843547589609,0.870450440999289,0.03875122722534527,0.961989996301638,Schofield2018_NatMethods_TimeLapseSeq_SuppTable2
ARHGAP5,RNA,K562,1.14501546867237,0.6053605383721498,1.08806998437717,1.20196095296758,0.09954888029230065,0.9052457001126208,Schofield2018_NatMethods_TimeLapseSeq_SuppTable2
ARHGAP6,RNA,K562,1.53213592258879,0.45240580182257045,1.68374743353537,1.3805244116422,0.1985584890655414,0.8199118134621346,Schofield2018_NatMethods_TimeLapseSeq_SuppTable2
ARHGDIA,RNA,K562,3.64873831020883,0.1899690034280025,4.05378867003363,3.24368795038403,0.22294097914455732,0.8001620741510239,Schofield2018_NatMethods_TimeLapseSeq_SuppTable2
ARHGEF1,RNA,K562,2.30179148151017,0.3011337847619377,2.3236848903332894,2.27989807268706,0.019023503433911106,0.9811563014295158,Schofield2018_NatMethods_TimeLapseSeq_SuppTable2
ARHGEF11,RNA,K562,0.549322446258031,1.261822059669406,0.60412124127667,0.494523651239392,0.20017992986931216,0.8185834522128888,Schofield2018_NatMethods_TimeLapseSeq_SuppTable2
ARHGEF12,RNA,K562,4.63829897254471,0.14943995302218818,4.02357443386805,5.25302351122136,0.26663314751837147,0.7659540120604836,Schofield2018_NatMethods_TimeLapseSeq_SuppTable2
ARHGEF2,RNA,K562,0.730765684393983,0.9485217975646538,0.7043358555970028,0.757195513190963,0.0723661837837725,0.930190212866952,Schofield2018_NatMethods_TimeLapseSeq_SuppTable2
ARHGEF7,RNA,K562,0.644342761104371,1.0757429467693964,0.645861086562851,0.6428244356458919,0.004712796853963337,0.9952982909481053,Schofield2018_NatMethods_TimeLapseSeq_SuppTable2
ARID1A,RNA,K562,0.4547166943799579,1.5243495326361531,0.441020606545723,0.468412782214192,0.06025831923446209,0.9415212891096055,Schofield2018_NatMethods_TimeLapseSeq_SuppTable2
ARID1B,RNA,K562,1.25797351727196,0.5510029989050195,1.36113616220233,1.15481087234159,0.16438318069312052,0.848416862625335,Schofield2018_NatMethods_TimeLapseSeq_SuppTable2
ARID2,RNA,K562,0.741146443350525,0.9352364661245787,0.7747998815883959,0.707493005112655,0.09087703600226991,0.9131299861097593,Schofield2018_NatMethods_TimeLapseSeq_SuppTable2
ARID3A,RNA,K562,1.54176802628156,0.44957942358662045,1.60700652258763,1.47652952997549,0.08467872362165249,0.9188074281104698,Schofield2018_NatMethods_TimeLapseSeq_SuppTable2
ARID3B,RNA,K562,1.2153280146629,0.5703375320877517,1.17822456963365,1.25243145969215,0.06107812625693146,0.9407497396490342,Schofield2018_NatMethods_TimeLapseSeq_SuppTable2
ARID4B,RNA,K562,0.517500315743421,1.3394140244420851,0.5044722526645619,0.5305283788222799,0.05036061249715113,0.9508864611247375,Schofield2018_NatMethods_TimeLapseSeq_SuppTable2
ARIH1,RNA,K562,1.58628149488232,0.43696354196665904,1.68077648992231,1.49178649984232,0.11928148809580608,0.8875579286043406,Schofield2018_NatMethods_TimeLapseSeq_SuppTable2
ARIH2,RNA,K562,3.48358691354941,0.19897513619193755,3.50658295911822,3.46059086798061,0.013202701800074608,0.98688407156659,Schofield2018_NatMethods_TimeLapseSeq_SuppTable2
ARL13B,RNA,K562,0.4985731893198759,1.3902616414362268,0.520207439780059,0.476938938859692,0.08683918276301035,0.9168245249651549,Schofield2018_NatMethods_TimeLapseSeq_SuppTable2
ARL14EP,RNA,K562,0.4101114776946179,1.69014333482294,0.3617354326417009,0.458487522747535,0.23701998255632764,0.788975522112277,Schofield2018_NatMethods_TimeLapseSeq_SuppTable2
ARL15,RNA,K562,1.32717157001381,0.5222739819183534,1.23837220115583,1.41597093887179,0.1340176954510007,0.8745745884746291,Schofield2018_NatMethods_TimeLapseSeq_SuppTable2
ARL4A,RNA,K562,0.2703105505581699,2.564262397929534,0.231923036041977,0.3086980650743629,0.28595808807813505,0.7512941034667923,Schofield2018_NatMethods_TimeLapseSeq_SuppTable2
ARL5B,RNA,K562,0.371539105318404,1.8656102968378725,0.4249548655933529,0.318123345043454,0.2895437796107844,0.7486050185571286,Schofield2018_NatMethods_TimeLapseSeq_SuppTable2
ARL8B,RNA,K562,2.69892654793692,0.2568232844609248,2.59311054240459,2.80474255346925,0.07845361673480852,0.9245449423502746,Schofield2018_NatMethods_TimeLapseSeq_SuppTable2
ARMC1,RNA,K562,1.01920493995543,0.6800861665665168,0.900510730815782,1.13789914909508,0.23397690852398556,0.7913800898189595,Schofield2018_NatMethods_TimeLapseSeq_SuppTable2
ARMC6,RNA,K562,2.30631698256566,0.3005428940599719,2.44404717906791,2.16858678606341,0.11957964042611827,0.8872933405853675,Schofield2018_NatMethods_TimeLapseSeq_SuppTable2
ARMC8,RNA,K562,0.642541562236557,1.0787585135306117,0.6395967512450889,0.645486373228025,0.009166198057520992,0.9908756834734053,Schofield2018_NatMethods_TimeLapseSeq_SuppTable2
ARNT,RNA,K562,2.53432542062242,0.2735036214842967,2.7877678846762,2.2808829565686306,0.20067860464189716,0.8181753470603439,Schofield2018_NatMethods_TimeLapseSeq_SuppTable2
ARPC5L,RNA,K562,1.3071885396867,0.5302579999103076,1.42825338206183,1.18612369731158,0.18576169355698302,0.8304714781065591,Schofield2018_NatMethods_TimeLapseSeq_SuppTable2
ARPP19,RNA,K562,1.39767039104937,0.4959303602614997,1.4578596835872,1.33748109851154,0.0861813222547661,0.9174278660484956,Schofield2018_NatMethods_TimeLapseSeq_SuppTable2
ARRB1,RNA,K562,2.00503339303655,0.34570355933583685,2.30548980888067,1.70457697719243,0.30197617957053424,0.7393556764495145,Schofield2018_NatMethods_TimeLapseSeq_SuppTable2
ARRDC2,RNA,K562,0.5851155429644,1.1846329992333124,0.656427204185817,0.5138038817429839,0.24497016326546395,0.7827278919377931,Schofield2018_NatMethods_TimeLapseSeq_SuppTable2
ARRDC3,RNA,K562,0.301484050913679,2.2991172450392985,0.288040195648321,0.3149279061790369,0.08924370473762096,0.9146226485390273,Schofield2018_NatMethods_TimeLapseSeq_SuppTable2
ARVCF,RNA,K562,1.59127061676786,0.43559352711975824,1.71990241905016,1.46263881448557,0.16202534459838985,0.8504196507225873,Schofield2018_NatMethods_TimeLapseSeq_SuppTable2
ASAP1,RNA,K562,1.02850155765897,0.6739388729149389,0.9587265202967667,1.09827659502117,0.13589163591035155,0.8729372224109782,Schofield2018_NatMethods_TimeLapseSeq_SuppTable2
ASB1,RNA,K562,0.8076807897805979,0.858194461636552,0.8825238627675859,0.7328377167936089,0.18586154694614065,0.8303885568549243,Schofield2018_NatMethods_TimeLapseSeq_SuppTable2
ASB7,RNA,K562,0.3088974391390659,2.2439395499419783,0.3252914634775159,0.2925034148006149,0.10624524999955355,0.8992040912282738,Schofield2018_NatMethods_TimeLapseSeq_SuppTable2
ASB8,RNA,K562,0.7240046823622829,0.957379416799273,0.7736243280964489,0.674385036628118,0.137285172785145,0.8717215994066326,Schofield2018_NatMethods_TimeLapseSeq_SuppTable2
ASCC1,RNA,K562,3.84066538440548,0.1804758059304981,4.56976349908416,3.1115672697268,0.38433490831639366,0.6809033487948334,Schofield2018_NatMethods_TimeLapseSeq_SuppTable2
ASCC2,RNA,K562,2.77373172851194,0.24989697937796135,2.79723798352535,2.75022547349853,0.016949597198715246,0.9831932390795116,Schofield2018_NatMethods_TimeLapseSeq_SuppTable2
ASCC3,RNA,K562,2.78014087380205,0.24932088409319159,3.14843391819793,2.41184782940616,0.26651197247659614,0.7660468321935212,Schofield2018_NatMethods_TimeLapseSeq_SuppTable2
ASF1A,RNA,K562,1.04940250724987,0.6605160324768522,1.17943955587083,0.91936545862892,0.249110938786151,0.7794934925258749,Schofield2018_NatMethods_TimeLapseSeq_SuppTable2
ASF1B,RNA,K562,1.39304613786555,0.4975766140969298,1.1756303776446,1.6104618980865,0.31471653572343583,0.729995772667113,Schofield2018_NatMethods_TimeLapseSeq_SuppTable2
ASH1L,RNA,K562,0.619475125038891,1.1189265759725688,0.6520736416807669,0.586876608397015,0.10534291234035503,0.9000158431251695,Schofield2018_NatMethods_TimeLapseSeq_SuppTable2
ASH2L,RNA,K562,4.05985491380412,0.17073200773829136,4.57460010784677,3.54510971976147,0.2549501767137052,0.7749551078094402,Schofield2018_NatMethods_TimeLapseSeq_SuppTable2
ASIC4,RNA,K562,0.85561705396734,0.810113797224995,0.877317254745338,0.8339168531893419,0.050734975978041795,0.9505305505833304,Schofield2018_NatMethods_TimeLapseSeq_SuppTable2
ASNA1,RNA,K562,1.86511213761566,0.37163834097721193,2.27420962749557,1.45601464773574,0.44592956557240826,0.6402288646272016,Schofield2018_NatMethods_TimeLapseSeq_SuppTable2
ASNSD1,RNA,K562,1.02574996616562,0.6757467252482737,1.03873470477419,1.01276522755706,0.025318903595727898,0.9749989317794331,Schofield2018_NatMethods_TimeLapseSeq_SuppTable2
ASPH,RNA,K562,2.33366214551868,0.29702122129846104,2.29765950824613,2.3696647827912294,0.030857503569828942,0.9696137297275084,Schofield2018_NatMethods_TimeLapseSeq_SuppTable2
ASPM,RNA,K562,2.70161705341246,0.2565675174741805,3.16334263342634,2.23989147339858,0.3452018485979764,0.7080774146088836,Schofield2018_NatMethods_TimeLapseSeq_SuppTable2
ASXL1,RNA,K562,0.679998578265616,1.0193362202724978,0.710164612003603,0.649832544527629,0.0887820851598683,0.9150449537245204,Schofield2018_NatMethods_TimeLapseSeq_SuppTable2
ASXL2,RNA,K562,0.4380086533254439,1.5824965449824833,0.445581845091414,0.4304354615594739,0.03458354761686667,0.9660076286796812,Schofield2018_NatMethods_TimeLapseSeq_SuppTable2
ATAD2,RNA,K562,0.8762248793217579,0.791060830293333,0.85715116331981,0.895298595323706,0.043542999046359186,0.9573913862892822,Schofield2018_NatMethods_TimeLapseSeq_SuppTable2
ATAD2B,RNA,K562,1.17477860067159,0.5900236692800596,1.32873234835238,1.0208248529908,0.2636143862910277,0.7682697378871046,Schofield2018_NatMethods_TimeLapseSeq_SuppTable2
ATAD3A,RNA,K562,4.42634476733534,0.15659584081093167,4.57624981383697,4.2764397208337,0.06775902227670058,0.9344856366676597,Schofield2018_NatMethods_TimeLapseSeq_SuppTable2
ATAD3B,RNA,K562,1.95269956258493,0.3549686771283833,1.79753747772224,2.10786164744761,0.15925633607390677,0.8527777332534425,Schofield2018_NatMethods_TimeLapseSeq_SuppTable2
ATAD5,RNA,K562,0.727727975912344,0.9524811516156911,0.653875904571199,0.8015800472534879,0.2036672537793524,0.8157337583584093,Schofield2018_NatMethods_TimeLapseSeq_SuppTable2
ATF1,RNA,K562,0.69601218287609,0.9958836894143062,0.7891137521179808,0.602910613634199,0.26914153333036245,0.7640351115615299,Schofield2018_NatMethods_TimeLapseSeq_SuppTable2
ATF2,RNA,K562,0.727905564369807,0.952248773039736,0.6135761457110889,0.842234983028525,0.31675467920095446,0.7285094517266189,Schofield2018_NatMethods_TimeLapseSeq_SuppTable2
ATF4,RNA,K562,1.32639348935401,0.5225803550178213,1.30561475555697,1.34717222315105,0.03133373917816699,0.9691520750799949,Schofield2018_NatMethods_TimeLapseSeq_SuppTable2
ATF6,RNA,K562,2.54183735857014,0.27269533128188084,2.85207793603524,2.23159678110505,0.24533045440679135,0.7824459328089963,Schofield2018_NatMethods_TimeLapseSeq_SuppTable2
ATF7IP,RNA,K562,0.496486001310387,1.3961061917768192,0.556779311752255,0.4361926908685179,0.24408485546204675,0.783421153878301,Schofield2018_NatMethods_TimeLapseSeq_SuppTable2
ATF7IP2,RNA,K562,1.53988611385268,0.4501288597412849,1.46160019649381,1.61817203121155,0.10176527583456162,0.9032415394051074,Schofield2018_NatMethods_TimeLapseSeq_SuppTable2
ATG12,RNA,K562,1.66372926618138,0.416622580758508,1.88049155828288,1.44696697407988,0.26206358616625725,0.7694620950072962,Schofield2018_NatMethods_TimeLapseSeq_SuppTable2
ATG16L1,RNA,K562,0.3682045424988519,1.8825057829429321,0.344427518772775,0.391981566224928,0.129331140865474,0.8786829495322098,Schofield2018_NatMethods_TimeLapseSeq_SuppTable2
ATG2A,RNA,K562,1.09082445841508,0.6354342123636078,1.21663874595655,0.9650101708735968,0.2317085680674147,0.793177246804583,Schofield2018_NatMethods_TimeLapseSeq_SuppTable2
ATG3,RNA,K562,5.99735829574763,0.11557541610468974,5.20227315433315,6.7924434371621,0.26671505990344946,0.7658912735100629,Schofield2018_NatMethods_TimeLapseSeq_SuppTable2
ATG4B,RNA,K562,1.54560219256646,0.448464154550001,1.30158177897054,1.78962260616237,0.3184244852001038,0.7272939973426159,Schofield2018_NatMethods_TimeLapseSeq_SuppTable2
ATG4D,RNA,K562,0.910889508750336,0.7609563771470867,0.976128622003548,0.845650395497123,0.14348833246581713,0.8663309080737611,Schofield2018_NatMethods_TimeLapseSeq_SuppTable2
ATG5,RNA,K562,1.35651493094561,0.510976447621377,1.32733524552569,1.38569461636554,0.04302818437795268,0.9578843923108271,Schofield2018_NatMethods_TimeLapseSeq_SuppTable2
ATG7,RNA,K562,1.21219648647063,0.5718109137389744,1.38793277570384,1.03646019723742,0.29200417738697804,0.7467654164387151,Schofield2018_NatMethods_TimeLapseSeq_SuppTable2
ATIC,RNA,K562,8.49774004470431,0.08156841429762332,8.67533006475109,8.32015002465753,0.04180308643870195,0.9590586136270827,Schofield2018_NatMethods_TimeLapseSeq_SuppTable2
ATL2,RNA,K562,0.623242079066139,1.112163642093216,0.647755846137078,0.598728311995201,0.07870591876831633,0.9243117072053382,Schofield2018_NatMethods_TimeLapseSeq_SuppTable2
ATL3,RNA,K562,1.32000159353882,0.5251108664965112,1.48810812873949,1.15189505833815,0.2560971380027032,0.774066773839794,Schofield2018_NatMethods_TimeLapseSeq_SuppTable2
ATM,RNA,K562,2.31105381323974,0.29992688901876335,2.42623581738735,2.19587180909212,0.0997618627840248,0.905052919158001,Schofield2018_NatMethods_TimeLapseSeq_SuppTable2
ATMIN,RNA,K562,0.535836437236741,1.2935797799314306,0.5134417821718469,0.558231092301636,0.0836363721595287,0.9197656476906027,Schofield2018_NatMethods_TimeLapseSeq_SuppTable2
ATN1,RNA,K562,2.32743208357225,0.2978162866501656,2.28488979937324,2.36997436777126,0.036561344464407085,0.9640989499485456,Schofield2018_NatMethods_TimeLapseSeq_SuppTable2
ATP11A,RNA,K562,0.881868076828583,0.7859987210929269,1.00315217999654,0.760583973660627,0.2768159766567145,0.7581940096698493,Schofield2018_NatMethods_TimeLapseSeq_SuppTable2
ATP11B,RNA,K562,2.71759885669869,0.25505868125142395,3.17131439687821,2.26388331651917,0.3370645178176888,0.7138627815481491,Schofield2018_NatMethods_TimeLapseSeq_SuppTable2
ATP11C,RNA,K562,3.92041749483351,0.17680443000609083,4.37009961797491,3.47073537169212,0.23041931053876866,0.7942005160286134,Schofield2018_NatMethods_TimeLapseSeq_SuppTable2
ATP13A1,RNA,K562,2.10647400412893,0.3290556537613555,2.34217485180009,1.87077315645777,0.2247281234991806,0.7987333460693501,Schofield2018_NatMethods_TimeLapseSeq_SuppTable2
ATP13A3,RNA,K562,2.10107623839173,0.32990101353509915,2.0036327712469,2.19851970553655,0.09282235422199582,0.9113553843529969,Schofield2018_NatMethods_TimeLapseSeq_SuppTable2
ATP1A1,RNA,K562,6.47930695538686,0.10697859899717617,7.21934110542264,5.73927280535108,0.22943117576104355,0.7949856810395284,Schofield2018_NatMethods_TimeLapseSeq_SuppTable2
ATP1B3,RNA,K562,6.7276208257383,0.10303006047964634,6.62675191714356,6.82848973433303,0.029988749541472882,0.9704564515671524,Schofield2018_NatMethods_TimeLapseSeq_SuppTable2
ATP2A2,RNA,K562,2.64151428680203,0.2624052362779795,2.86696575412028,2.41606281948378,0.17111496080521793,0.8427246875940245,Schofield2018_NatMethods_TimeLapseSeq_SuppTable2
ATP2B1,RNA,K562,0.977258610433738,0.7092771280391225,0.952404606912688,1.00211261395479,0.05087571274346908,0.9503967854012617,Schofield2018_NatMethods_TimeLapseSeq_SuppTable2
ATP2B4,RNA,K562,2.1968721185427,0.315515488912366,2.82986716367698,1.56387707340842,0.5930617304542319,0.552632679541184,Schofield2018_NatMethods_TimeLapseSeq_SuppTable2
ATP2C1,RNA,K562,3.08090297885736,0.2249818268594159,3.27714860245044,2.88465735526428,0.1275675905557391,0.8802339183237889,Schofield2018_NatMethods_TimeLapseSeq_SuppTable2
ATP5A1,RNA,K562,8.48909809343834,0.08165145141810934,7.64696489461104,9.33123129226563,0.19905815414420486,0.8195022344960385,Schofield2018_NatMethods_TimeLapseSeq_SuppTable2
ATP5B,RNA,K562,9.93008798449332,0.06980272296100033,11.2472681775445,8.61290779144215,0.26686328649256746,0.7657777564722847,Schofield2018_NatMethods_TimeLapseSeq_SuppTable2
ATP5D,RNA,K562,7.79835864797588,0.08888372692885273,7.69196046816668,7.90475682778508,0.027289019995339937,0.9730799613126081,Schofield2018_NatMethods_TimeLapseSeq_SuppTable2
ATP5E,RNA,K562,7.8546119880252,0.08824715741741125,8.76728141983154,6.94194255621887,0.23344512940405795,0.791801041143294,Schofield2018_NatMethods_TimeLapseSeq_SuppTable2
ATP5F1,RNA,K562,9.45417595367622,0.07331650944051,10.314063688793,8.59428821855949,0.18241054862001302,0.8332591767779972,Schofield2018_NatMethods_TimeLapseSeq_SuppTable2
ATP5G2,RNA,K562,4.78463078367796,0.14486952325026028,5.39196735685435,4.17729421050157,0.25524660072177957,0.7747254265535066,Schofield2018_NatMethods_TimeLapseSeq_SuppTable2
ATP5G3,RNA,K562,6.38073850538921,0.10863118430170882,5.83325829152901,6.9282187192494,0.17202701322295758,0.8419564289045688,Schofield2018_NatMethods_TimeLapseSeq_SuppTable2
ATP5J,RNA,K562,7.03344141608903,0.09855021739064576,6.97586157754971,7.09102125462835,0.01637352798447611,0.9837597896066841,Schofield2018_NatMethods_TimeLapseSeq_SuppTable2
ATP5L,RNA,K562,8.96354908820963,0.07732954589066615,9.106526340265468,8.82057183615379,0.03190463477278903,0.9685989483336473,Schofield2018_NatMethods_TimeLapseSeq_SuppTable2
ATP5SL,RNA,K562,2.79997296375852,0.2475549548269584,3.55961344009165,2.04033248742539,0.5565391761166001,0.5731893425407613,Schofield2018_NatMethods_TimeLapseSeq_SuppTable2
ATP6V0A1,RNA,K562,2.57931137213962,0.26873342553635077,2.44664741689676,2.71197532738248,0.10295858628993845,0.9021643346800625,Schofield2018_NatMethods_TimeLapseSeq_SuppTable2
ATP6V0A2,RNA,K562,3.01195929433993,0.23013165611584016,3.09498078321738,2.92893780546248,0.055141863572249955,0.9463508857129994,Schofield2018_NatMethods_TimeLapseSeq_SuppTable2
ATP6V0D1,RNA,K562,1.98465337072629,0.34925352244572866,2.0585560553864,1.91075068606619,0.07450859884145229,0.9281994925843948,Schofield2018_NatMethods_TimeLapseSeq_SuppTable2
ATP6V0E1,RNA,K562,0.8799745930353419,0.7876899924678926,0.825490532481235,0.93445865358945,0.1239895870318403,0.8833890395367995,Schofield2018_NatMethods_TimeLapseSeq_SuppTable2
ATP6V1A,RNA,K562,6.7738269547158,0.10232726421766507,7.728373139899849,5.81928076953175,0.283721704904544,0.752976165124341,Schofield2018_NatMethods_TimeLapseSeq_SuppTable2
ATP6V1B2,RNA,K562,1.46316918554452,0.4737300289043402,1.37905341109568,1.54728495999337,0.1151044264841466,0.8912730665342918,Schofield2018_NatMethods_TimeLapseSeq_SuppTable2
ATP6V1C1,RNA,K562,2.80591745933851,0.24703049558818937,2.93534889044854,2.67648602822849,0.09232156792709302,0.9118118929363472,Schofield2018_NatMethods_TimeLapseSeq_SuppTable2
ATP6V1E1,RNA,K562,2.49533449628642,0.27777726056025487,2.56086781739853,2.42980117517432,0.05253675912922097,0.9488194426382558,Schofield2018_NatMethods_TimeLapseSeq_SuppTable2
ATP6V1F,RNA,K562,7.964921766493869,0.08702498290388938,8.97501177490052,6.95483175808723,0.2550076113238296,0.7749105998431203,Schofield2018_NatMethods_TimeLapseSeq_SuppTable2
ATP6V1G1,RNA,K562,3.98485559116744,0.17394537008977898,3.7277456172944,4.24196556504049,0.12922307969500454,0.8787779061706782,Schofield2018_NatMethods_TimeLapseSeq_SuppTable2
ATP6V1H,RNA,K562,1.64600134050727,0.4211097302911849,2.01843592027319,1.27356676074134,0.46050147749272663,0.630967150331414,Schofield2018_NatMethods_TimeLapseSeq_SuppTable2
ATP7A,RNA,K562,2.77081123901968,0.25016037570469163,2.93994112040758,2.60168135763178,0.12223164204296637,0.8849433546720468,Schofield2018_NatMethods_TimeLapseSeq_SuppTable2
ATP7B,RNA,K562,1.80777467466634,0.38342565048261845,2.11767025139958,1.49787909793309,0.346266373541767,0.7073240495979642,Schofield2018_NatMethods_TimeLapseSeq_SuppTable2
ATP9B,RNA,K562,1.09725876504043,0.6317080370138628,1.03599751650771,1.15852001357315,0.11177859351919335,0.8942422266081088,Schofield2018_NatMethods_TimeLapseSeq_SuppTable2
ATPIF1,RNA,K562,9.03743902477554,0.07669730093444926,9.543037367171808,8.53184068237928,0.11200668960699392,0.894038276715644,Schofield2018_NatMethods_TimeLapseSeq_SuppTable2
ATR,RNA,K562,1.64490871868497,0.42138945017817464,1.66715903556619,1.62265840180375,0.02705520841627619,0.9733075052750879,Schofield2018_NatMethods_TimeLapseSeq_SuppTable2
ATRN,RNA,K562,1.40977689250271,0.4916715433811899,1.34765849133212,1.47189529367331,0.08818225007745492,0.915593994440229,Schofield2018_NatMethods_TimeLapseSeq_SuppTable2
ATRX,RNA,K562,1.98615839872231,0.34898887269305656,2.16012806530221,1.81218873214241,0.17563215042195712,0.8389265253534298,Schofield2018_NatMethods_TimeLapseSeq_SuppTable2
ATXN2,RNA,K562,1.27421146153359,0.5439812789987786,1.2146111502905,1.33381177277667,0.09361685301502508,0.9106316011606168,Schofield2018_NatMethods_TimeLapseSeq_SuppTable2
ATXN2L,RNA,K562,1.71956730762301,0.40309395130225845,1.72395719982672,1.71517741541929,0.005105821355262597,0.9949071911945885,Schofield2018_NatMethods_TimeLapseSeq_SuppTable2
ATXN7,RNA,K562,0.527442056972752,1.3141674453081273,0.436245555045747,0.618638558899757,0.34931590637519705,0.7051703272773777,Schofield2018_NatMethods_TimeLapseSeq_SuppTable2
ATXN7L3,RNA,K562,0.906980645840169,0.7642359114706995,0.9176056995136668,0.896355592166671,0.023430576621091003,0.9768417879724828,Schofield2018_NatMethods_TimeLapseSeq_SuppTable2
ATXN7L3B,RNA,K562,2.34796464609124,0.29521193247686156,2.27049778795279,2.4254315042297,0.06601035114870704,0.9361211743119846,Schofield2018_NatMethods_TimeLapseSeq_SuppTable2
AUNIP,RNA,K562,0.3460894361441589,2.0027978556133226,0.395662575299954,0.296516296988365,0.28845958397501,0.7494170929953998,Schofield2018_NatMethods_TimeLapseSeq_SuppTable2
AUP1,RNA,K562,8.55240065671688,0.0810470893941997,10.4846169455949,6.62018436783891,0.45978591043596545,0.6314188112156423,Schofield2018_NatMethods_TimeLapseSeq_SuppTable2
AURKA,RNA,K562,0.8124116189393759,0.8531970301764845,0.876816174996911,0.748007062881842,0.15888494349936638,0.8530945073914464,Schofield2018_NatMethods_TimeLapseSeq_SuppTable2
AURKAIP1,RNA,K562,7.229513673296501,0.09587742853578217,8.40392793768821,6.05509940890478,0.327798413656662,0.7205082496900186,Schofield2018_NatMethods_TimeLapseSeq_SuppTable2
AURKB,RNA,K562,2.50855261662644,0.2763135905405507,2.62026606452098,2.3968391687319,0.08912500765925205,0.9147312180185314,Schofield2018_NatMethods_TimeLapseSeq_SuppTable2
AVL9,RNA,K562,1.54029229002598,0.45001016044055775,1.55488017526646,1.52570440478551,0.01894227676405782,0.9812360007252968,Schofield2018_NatMethods_TimeLapseSeq_SuppTable2
AXIN1,RNA,K562,0.696611698566394,0.9950266152383335,0.731967231271405,0.661256165861384,0.10159443925349881,0.9033958592829382,Schofield2018_NatMethods_TimeLapseSeq_SuppTable2
AZI2,RNA,K562,3.11347619567966,0.22262806490114626,3.80720820350459,2.41974418785474,0.4532343384736628,0.6355691778630153,Schofield2018_NatMethods_TimeLapseSeq_SuppTable2
AZIN1,RNA,K562,1.11650282012624,0.6208199102278784,1.11375119091276,1.11925444933971,0.00492902433355029,0.9950831033727883,Schofield2018_NatMethods_TimeLapseSeq_SuppTable2
B3GALNT2,RNA,K562,1.15718574485124,0.5989938811846076,1.3273010901353,0.987070399567172,0.2961615402441356,0.7436672861216093,Schofield2018_NatMethods_TimeLapseSeq_SuppTable2
B3GNT2,RNA,K562,0.4200145933556139,1.6502930886810356,0.383291946009909,0.4567372407013189,0.17531129996578027,0.839195738498059,Schofield2018_NatMethods_TimeLapseSeq_SuppTable2
B3GNT5,RNA,K562,0.875890288927873,0.7913630158046243,0.877483393086616,0.8742971847691289,0.0036376837045531624,0.9963689246513493,Schofield2018_NatMethods_TimeLapseSeq_SuppTable2
B4GALT1,RNA,K562,0.952738159972193,0.7275316657623704,0.912741682613964,0.992734637330423,0.08401048698210765,0.9194216140865507,Schofield2018_NatMethods_TimeLapseSeq_SuppTable2
B4GALT3,RNA,K562,1.69941543205961,0.4078738885640718,1.71119117752838,1.68763968659083,0.013858805472978197,0.9862367856690524,Schofield2018_NatMethods_TimeLapseSeq_SuppTable2
B4GALT5,RNA,K562,0.4331688790660659,1.6001776998717125,0.472828536034594,0.393509222097538,0.1836283160107073,0.8322450785177384,Schofield2018_NatMethods_TimeLapseSeq_SuppTable2
BACH1,RNA,K562,0.790684250835594,0.876642199243792,0.89551318773674,0.6858553139344469,0.26673025521783683,0.7658796356397962,Schofield2018_NatMethods_TimeLapseSeq_SuppTable2
BAG1,RNA,K562,2.60994126667098,0.2655796087871606,2.57455882157325,2.6453237117687,0.027115256114706537,0.9732490621542361,Schofield2018_NatMethods_TimeLapseSeq_SuppTable2
BAG2,RNA,K562,0.989268419042628,0.700666439176077,1.02382591675237,0.954710921332889,0.06989319349296255,0.9324934109514269,Schofield2018_NatMethods_TimeLapseSeq_SuppTable2
BAG3,RNA,K562,0.553026210581374,1.2533713001256628,0.516300234966914,0.589752186195835,0.1330139782851958,0.8754528546935639,Schofield2018_NatMethods_TimeLapseSeq_SuppTable2
BAG4,RNA,K562,0.568907426766819,1.2183830759587693,0.574476909051698,0.5633379444819399,0.019580198673136966,0.9806102483942384,Schofield2018_NatMethods_TimeLapseSeq_SuppTable2
BAG5,RNA,K562,0.4135136440374039,1.6762377506877317,0.392621542386875,0.434405745687933,0.1011328438348081,0.9038129589310847,Schofield2018_NatMethods_TimeLapseSeq_SuppTable2
BAG6,RNA,K562,5.65296435949132,0.12261658423445604,5.9178880507524,5.38804066823025,0.09379783061587343,0.9104668121501918,Schofield2018_NatMethods_TimeLapseSeq_SuppTable2
BAGE2,RNA,K562,1.80969140196151,0.38301954676286165,1.98653812444163,1.63284467948139,0.1960697919948524,0.8219548668064677,Schofield2018_NatMethods_TimeLapseSeq_SuppTable2
BAHCC1,RNA,K562,1.5558261988054,0.44551710280503054,1.79544279534148,1.31620960226932,0.310495581698802,0.7330835633885994,Schofield2018_NatMethods_TimeLapseSeq_SuppTable2
BAHD1,RNA,K562,0.477903056119707,1.4503928604012173,0.509843843020338,0.445962269219076,0.1338701383984638,0.8747036476446893,Schofield2018_NatMethods_TimeLapseSeq_SuppTable2
BAIAP2,RNA,K562,0.8965904653334489,0.7730922950448269,0.831602459233699,0.9615784714332,0.14522166204273398,0.864830571751699,Schofield2018_NatMethods_TimeLapseSeq_SuppTable2
BAIAP2L1,RNA,K562,1.448627013235,0.47848561032425063,1.46024450173684,1.43700952473316,0.016039653360549588,0.9840882968735415,Schofield2018_NatMethods_TimeLapseSeq_SuppTable2
BAMBI,RNA,K562,0.282922997598175,2.4499499384790075,0.2868180235563069,0.279027971640043,0.02753591682178508,0.972839740614367,Schofield2018_NatMethods_TimeLapseSeq_SuppTable2
BANP,RNA,K562,1.01164298962109,0.685169756199826,1.09577660601405,0.92750937322812,0.16671571976611904,0.8464402033567667,Schofield2018_NatMethods_TimeLapseSeq_SuppTable2
BAP1,RNA,K562,3.22579168600591,0.21487660953648927,3.29284861447261,3.15873475753922,0.041581476182780075,0.9592711744038468,Schofield2018_NatMethods_TimeLapseSeq_SuppTable2
BAZ1A,RNA,K562,0.9334040942256288,0.7426013929529572,0.9796614040404,0.887146784410859,0.0991965531478589,0.9055646989378324,Schofield2018_NatMethods_TimeLapseSeq_SuppTable2
BAZ1B,RNA,K562,1.52238806076127,0.4553025594626229,1.51241467243624,1.5323614490863,0.01310248190129368,0.9869829819446622,Schofield2018_NatMethods_TimeLapseSeq_SuppTable2
BAZ2A,RNA,K562,1.63152420613481,0.4248463969787229,1.7811565270735,1.48189188519612,0.18394331537565786,0.8319829631317796,Schofield2018_NatMethods_TimeLapseSeq_SuppTable2
BAZ2B,RNA,K562,0.8642635335055289,0.8020090559050657,0.8113497015920629,0.9171773654189948,0.12260171357351124,0.8846159229206594,Schofield2018_NatMethods_TimeLapseSeq_SuppTable2
BCAP29,RNA,K562,2.11927069585911,0.32706873261367736,2.00504767101906,2.2334937206991694,0.10789921384341107,0.8977180694250634,Schofield2018_NatMethods_TimeLapseSeq_SuppTable2
BCAP31,RNA,K562,7.01014756295067,0.0988776875715566,6.36308508868683,7.657210037214511,0.18513435592193053,0.8309926275708576,Schofield2018_NatMethods_TimeLapseSeq_SuppTable2
BCAR1,RNA,K562,0.491949728541695,1.4089796992360732,0.489320755254884,0.494578701828506,0.010688077097979646,0.989368837448554,Schofield2018_NatMethods_TimeLapseSeq_SuppTable2
BCAS2,RNA,K562,3.1585290665605,0.21945252551205813,2.67150410858836,3.6455540245326294,0.31086669931935057,0.732811553637819,Schofield2018_NatMethods_TimeLapseSeq_SuppTable2
BCAT1,RNA,K562,8.26036482426667,0.08391241734549912,9.37811859271766,7.14261105581567,0.2723007628371142,0.7616251580953649,Schofield2018_NatMethods_TimeLapseSeq_SuppTable2
BCCIP,RNA,K562,4.66511438553417,0.14858096142493146,4.60156496913882,4.72866380192953,0.027246211969285908,0.973121617836555,Schofield2018_NatMethods_TimeLapseSeq_SuppTable2
BCL10,RNA,K562,0.238677166438136,2.9041202009560716,0.289153482690093,0.1882008501861789,0.42944788450877674,0.6508683500377811,Schofield2018_NatMethods_TimeLapseSeq_SuppTable2
BCL2L1,RNA,K562,1.01988420171845,0.6796332165867749,1.00788756150922,1.03188084192768,0.02352657983896481,0.9767480125189285,Schofield2018_NatMethods_TimeLapseSeq_SuppTable2
BCL2L11,RNA,K562,0.495924515234258,1.3976868641642488,0.4889979268925729,0.5028511035759419,0.027935859548108732,0.9724507382307518,Schofield2018_NatMethods_TimeLapseSeq_SuppTable2
BCL2L13,RNA,K562,2.38778690828384,0.2902885421455497,2.81043054110548,1.96514327546219,0.3577725326999511,0.6992321093583059,Schofield2018_NatMethods_TimeLapseSeq_SuppTable2
BCL7A,RNA,K562,0.4968856193282559,1.3949833796699875,0.4852242794032919,0.50854695925322,0.04694634399708425,0.9541385914799756,Schofield2018_NatMethods_TimeLapseSeq_SuppTable2
BCL7B,RNA,K562,0.795115811510084,0.8717562530212046,0.851890695208183,0.738340927811984,0.14305254685619184,0.8667085248906846,Schofield2018_NatMethods_TimeLapseSeq_SuppTable2
BCL9L,RNA,K562,0.4871342008440969,1.4229080597479564,0.484755735132593,0.4895126665556,0.009765212986911168,0.9902823118827985,Schofield2018_NatMethods_TimeLapseSeq_SuppTable2
BCLAF1,RNA,K562,2.21457229920422,0.3129937012257488,2.44886769872257,1.98027689968588,0.2123890706845495,0.8086500143388203,Schofield2018_NatMethods_TimeLapseSeq_SuppTable2
BCOR,RNA,K562,0.378681192441265,1.830424099204386,0.3874906684796259,0.369871716402904,0.046535534065503203,0.9545306416129908,Schofield2018_NatMethods_TimeLapseSeq_SuppTable2
BCORL1,RNA,K562,0.506185873414346,1.3693530715989763,0.4962830231496779,0.516088723679013,0.03913232063792912,0.9616234580981593,Schofield2018_NatMethods_TimeLapseSeq_SuppTable2
BCR,RNA,K562,1.14856228356067,0.6034911562750541,1.23806141603406,1.05906315108729,0.15616208451021002,0.8554205287164482,Schofield2018_NatMethods_TimeLapseSeq_SuppTable2
BCYRN1,RNA,K562,1.40639304008669,0.49285452985263617,1.3577579348349,1.45502814533847,0.06919048228987752,0.9331489148060824,Schofield2018_NatMethods_TimeLapseSeq_SuppTable2
BDP1,RNA,K562,1.05915977840452,0.6544311771393709,1.0349948674247,1.08332468938435,0.04563826091678828,0.9553875006881679,Schofield2018_NatMethods_TimeLapseSeq_SuppTable2
BEND3,RNA,K562,0.4481819969534969,1.5465752423604506,0.470349654791532,0.4260143391154629,0.09900335887979819,0.9057396657477734,Schofield2018_NatMethods_TimeLapseSeq_SuppTable2
BET1L,RNA,K562,0.8719045862186429,0.7949805420407875,0.864336387281138,0.879472785156149,0.01736058999540467,0.9827892367672031,Schofield2018_NatMethods_TimeLapseSeq_SuppTable2
BEX4,RNA,K562,2.45798934353361,0.28199763452329524,2.95540818218673,1.9605705048805,0.4104012692310677,0.6633840011330883,Schofield2018_NatMethods_TimeLapseSeq_SuppTable2
BFAR,RNA,K562,0.5840836101058319,1.186725955954066,0.5285690223938239,0.63959819781784,0.19066676594642,0.826407929536353,Schofield2018_NatMethods_TimeLapseSeq_SuppTable2
BHLHE40,RNA,K562,0.373454129055987,1.856043692198757,0.3648174588582939,0.38209079925368,0.04626115897568943,0.9547925769761395,Schofield2018_NatMethods_TimeLapseSeq_SuppTable2
BICD1,RNA,K562,0.940599456206421,0.7369206690332483,0.797990889277934,1.08320802313491,0.3055851285731919,0.7366921886051678,Schofield2018_NatMethods_TimeLapseSeq_SuppTable2
BICD2,RNA,K562,0.4591264229826559,1.5097087552857524,0.4351982938415229,0.48305455212379,0.1043278164973764,0.9009299093200488,Schofield2018_NatMethods_TimeLapseSeq_SuppTable2
BID,RNA,K562,2.56672907821841,0.2700507764695856,2.64685787749808,2.48660027893874,0.062456802173943324,0.9394536442920681,Schofield2018_NatMethods_TimeLapseSeq_SuppTable2
BIN3,RNA,K562,0.601367155671744,1.1526189517046044,0.605742244896027,0.596992066447461,0.014550732860281286,0.9855546174593321,Schofield2018_NatMethods_TimeLapseSeq_SuppTable2
BIRC2,RNA,K562,1.32161569221166,0.5244695448493026,1.39422795344176,1.24900343098155,0.10999484555427558,0.8958387528368571,Schofield2018_NatMethods_TimeLapseSeq_SuppTable2
BIRC5,RNA,K562,2.89121196722147,0.2397427751470183,3.12662035047253,2.6558035839704,0.16320538389735562,0.8494167139828874,Schofield2018_NatMethods_TimeLapseSeq_SuppTable2
BIRC6,RNA,K562,1.84703606614922,0.375275390266227,2.17008728511496,1.52398484718348,0.35343887587667133,0.7022689168480829,Schofield2018_NatMethods_TimeLapseSeq_SuppTable2
BLM,RNA,K562,1.14115563362669,0.6074081046746135,1.11872308862648,1.16358817862691,0.039320552818732576,0.9614424666522714,Schofield2018_NatMethods_TimeLapseSeq_SuppTable2
BLMH,RNA,K562,5.081487082655,0.13640636476788726,5.32215950276808,4.84081466254192,0.09479611729108237,0.9095583587872911,Schofield2018_NatMethods_TimeLapseSeq_SuppTable2
BLVRB,RNA,K562,5.4663140846208,0.12680339435856422,6.29900335380301,4.6336248154386,0.307051963777158,0.7356123747165588,Schofield2018_NatMethods_TimeLapseSeq_SuppTable2
BLZF1,RNA,K562,0.768448053300208,0.9020091567453745,0.765574056449537,0.7713220501508788,0.0074800378205323965,0.9925478680400522,Schofield2018_NatMethods_TimeLapseSeq_SuppTable2
BMP2K,RNA,K562,0.779007010911675,0.8897829812195815,0.8254180162351409,0.73259600558821,0.11929554640582014,0.8875454511275311,Schofield2018_NatMethods_TimeLapseSeq_SuppTable2
BMS1,RNA,K562,2.15450015611756,0.32172064531617695,2.17940971576104,2.12959059647408,0.023124314529969516,0.9771410033979943,Schofield2018_NatMethods_TimeLapseSeq_SuppTable2
BNIP2,RNA,K562,0.437071157386048,1.585890921527259,0.430721922812248,0.443420391959848,0.029055594923003414,0.9713624601442555,Schofield2018_NatMethods_TimeLapseSeq_SuppTable2
BNIP3L,RNA,K562,5.64366083326473,0.12281871661642278,6.24482783586709,5.04249383066238,0.213852807504174,0.8074672293927592,Schofield2018_NatMethods_TimeLapseSeq_SuppTable2
BOD1,RNA,K562,0.450428652022745,1.5388612101988217,0.415984036117219,0.48487326792827,0.15324066874445122,0.8579232216587321,Schofield2018_NatMethods_TimeLapseSeq_SuppTable2
BOD1L1,RNA,K562,0.872986878073791,0.793994959110205,0.953129586965446,0.7928441691821358,0.1841241779805209,0.8318325021326601,Schofield2018_NatMethods_TimeLapseSeq_SuppTable2
BOP1,RNA,K562,5.2253138573894,0.1326517792954634,4.9948913210061,5.4557363937727,0.08825195014211744,0.9155301797035834,Schofield2018_NatMethods_TimeLapseSeq_SuppTable2
BPTF,RNA,K562,1.30493522586165,0.5311736297886046,1.35028872338144,1.25958172834186,0.06953873453654198,0.9328240001794369,Schofield2018_NatMethods_TimeLapseSeq_SuppTable2
BRAF,RNA,K562,1.06333966492688,0.6518586707734721,1.0751515082807,1.05152782157307,0.02221741483598272,0.9780275742296012,Schofield2018_NatMethods_TimeLapseSeq_SuppTable2
BRAP,RNA,K562,0.942365378486354,0.735539734782375,0.886418740880489,0.9983120160922188,0.11887641036470373,0.8879175313849036,Schofield2018_NatMethods_TimeLapseSeq_SuppTable2
BRAT1,RNA,K562,1.659869136933,0.41759146256595764,1.56281477459829,1.75692349926772,0.11707572963320932,0.8895178277538357,Schofield2018_NatMethods_TimeLapseSeq_SuppTable2
BRCA1,RNA,K562,3.75638232601196,0.18452519482910015,4.026696696443661,3.48606795558026,0.14417192077350252,0.8657388967634739,Schofield2018_NatMethods_TimeLapseSeq_SuppTable2
BRCA2,RNA,K562,0.828684925209205,0.8364423672663737,0.9334863649156548,0.723883485502756,0.2542959086556438,0.7754623020853256,Schofield2018_NatMethods_TimeLapseSeq_SuppTable2
BRD1,RNA,K562,0.453504583154532,1.528423760876866,0.392732204249504,0.5142769620595589,0.26963399154881396,0.7636589488214744,Schofield2018_NatMethods_TimeLapseSeq_SuppTable2
BRD2,RNA,K562,0.45768760581425,1.5144547760405276,0.4600040150615969,0.455371196566903,0.010122314855825052,0.9899287433522216,Schofield2018_NatMethods_TimeLapseSeq_SuppTable2
BRD3,RNA,K562,1.35391736964409,0.5119567826669923,1.19365144270814,1.51418329658004,0.23785916711920477,0.7883137037663415,Schofield2018_NatMethods_TimeLapseSeq_SuppTable2
BRD4,RNA,K562,1.67756345016899,0.41318686365640644,1.78292322449533,1.57220367584264,0.125776027820879,0.881812326095906,Schofield2018_NatMethods_TimeLapseSeq_SuppTable2
BRD7,RNA,K562,3.12154577817634,0.2220525437768507,3.2711900222551,2.97190153409759,0.09595184477010602,0.9085077644155978,Schofield2018_NatMethods_TimeLapseSeq_SuppTable2
BRD8,RNA,K562,0.97781291852248,0.7088750490301584,0.916817590338859,1.0388082467061,0.12492088599600112,0.8825667232099337,Schofield2018_NatMethods_TimeLapseSeq_SuppTable2
BRD9,RNA,K562,0.868507162440448,0.7980903446003224,0.8440801197516499,0.892934205129246,0.05626548098919761,0.9452881465431993,Schofield2018_NatMethods_TimeLapseSeq_SuppTable2
BRI3BP,RNA,K562,0.887116497558838,0.7813485404310974,0.943826196459468,0.8304067986582069,0.1280263356874647,0.8798302079061525,Schofield2018_NatMethods_TimeLapseSeq_SuppTable2
BRIP1,RNA,K562,0.931689581705704,0.7439679418663845,0.913750391740836,0.949628771670572,0.03851370178120519,0.9622185205418542,Schofield2018_NatMethods_TimeLapseSeq_SuppTable2
BRIX1,RNA,K562,0.559325507921555,1.2392554438213796,0.617537954598767,0.5011130612443429,0.20890878477916006,0.8114692506146137,Schofield2018_NatMethods_TimeLapseSeq_SuppTable2
BRK1,RNA,K562,3.7552259618036694,0.18458201653117576,3.39561135970184,4.11484056390549,0.19211626698225492,0.8252109181306861,Schofield2018_NatMethods_TimeLapseSeq_SuppTable2
BRMS1,RNA,K562,3.16139396349615,0.2192536547369761,3.7583836065254106,2.56440432046688,0.3822627551740637,0.6823157476566494,Schofield2018_NatMethods_TimeLapseSeq_SuppTable2
BROX,RNA,K562,3.22903811560834,0.21466057560901808,3.23801122769593,3.22006500352074,0.005557775946745692,0.9944576399174627,Schofield2018_NatMethods_TimeLapseSeq_SuppTable2
BRPF1,RNA,K562,0.371384164199605,1.8663886276728934,0.3971543220218899,0.3456140063773199,0.13900236179229983,0.870225973162822,Schofield2018_NatMethods_TimeLapseSeq_SuppTable2
BRPF3,RNA,K562,0.935289856798488,0.7411041352812262,1.01757109795709,0.853008615639883,0.17640414217857284,0.8382791309151879,Schofield2018_NatMethods_TimeLapseSeq_SuppTable2
BRWD1,RNA,K562,0.80930644514366,0.8564706048237447,0.8214204848472019,0.797192405440118,0.02993907840327406,0.9705046564408597,Schofield2018_NatMethods_TimeLapseSeq_SuppTable2
BSDC1,RNA,K562,0.6048971145630159,1.1458926879832816,0.5793991822702689,0.6303950468557629,0.08435500737235403,0.919104909152051,Schofield2018_NatMethods_TimeLapseSeq_SuppTable2
BSG,RNA,K562,6.23507285616329,0.11116905873437839,6.39532438805223,6.07482132427435,0.051414581854596506,0.9498847838935824,Schofield2018_NatMethods_TimeLapseSeq_SuppTable2
BTAF1,RNA,K562,0.790355543585576,0.8770067929369746,0.799864108536119,0.780846978635034,0.024062648311380233,0.9762245490225967,Schofield2018_NatMethods_TimeLapseSeq_SuppTable2
BTBD1,RNA,K562,2.82271305988737,0.24556062407122697,2.99803580326274,2.64739031651199,0.12438297343589419,0.8830415946436847,Schofield2018_NatMethods_TimeLapseSeq_SuppTable2
BTBD7,RNA,K562,0.821035057372129,0.844235790343092,1.03733776892499,0.604732345819273,0.5396269160400106,0.5829657069615493,Schofield2018_NatMethods_TimeLapseSeq_SuppTable2
BTF3,RNA,K562,7.9245647952102,0.08746816998441356,8.09662207375643,7.75250751666398,0.04343060519540168,0.9574989972413522,Schofield2018_NatMethods_TimeLapseSeq_SuppTable2
BTF3L4,RNA,K562,0.736211641651841,0.9415053244807813,0.69452776618152,0.7778955171221619,0.1133600769034318,0.8928291150859664,Schofield2018_NatMethods_TimeLapseSeq_SuppTable2
BTG1,RNA,K562,0.36505258302586,1.898759830199156,0.3802732372378609,0.3498319288138589,0.0834372039340482,0.9199488540263459,Schofield2018_NatMethods_TimeLapseSeq_SuppTable2
BTN2A1,RNA,K562,0.3893458943158579,1.7802863486666891,0.3511812953501319,0.427510493281583,0.19667623267446166,0.8214565510531776,Schofield2018_NatMethods_TimeLapseSeq_SuppTable2
BUB1,RNA,K562,4.26431323034607,0.1625460286611481,3.9722822502264,4.55634421046574,0.1371797901204671,0.8718134685922602,Schofield2018_NatMethods_TimeLapseSeq_SuppTable2
BUB1B,RNA,K562,1.97525812953066,0.35091473372376075,2.17814810757878,1.77236815148254,0.20615843280790425,0.8137041486369341,Schofield2018_NatMethods_TimeLapseSeq_SuppTable2
BUB3,RNA,K562,1.98857206794186,0.34856528045138513,2.12995052736732,1.8471936085164,0.14243123390421458,0.8672471894450922,Schofield2018_NatMethods_TimeLapseSeq_SuppTable2
BUD13,RNA,K562,0.378178697879669,1.8328562249703835,0.378921341367879,0.377436054391458,0.003927478977456865,0.996080223481055,Schofield2018_NatMethods_TimeLapseSeq_SuppTable2
BUD31,RNA,K562,3.9138116194264505,0.17710284703521897,4.40285122635012,3.42477201250277,0.25121743324168355,0.7778532220226393,Schofield2018_NatMethods_TimeLapseSeq_SuppTable2
BYSL,RNA,K562,0.619706272271299,1.1185092221504815,0.6307446570551128,0.608667887487484,0.035628338490148896,0.9649988797832973,Schofield2018_NatMethods_TimeLapseSeq_SuppTable2
BZW1,RNA,K562,4.67595108343621,0.148236619286995,4.71385285029157,4.63804931658084,0.0162117166268422,0.9839189859933704,Schofield2018_NatMethods_TimeLapseSeq_SuppTable2
BZW2,RNA,K562,4.55853966657616,0.15205465593338932,4.25037162414986,4.86670770900246,0.13541125327726658,0.8733566670312872,Schofield2018_NatMethods_TimeLapseSeq_SuppTable2
C10orf71,RNA,K562,0.270752958355153,2.5600724171985885,0.323789632119173,0.217716284591133,0.3969012529916612,0.6724004198843558,Schofield2018_NatMethods_TimeLapseSeq_SuppTable2
C11orf24,RNA,K562,0.910311742062184,0.7614393493263277,0.8045312083938149,1.01609227573055,0.2334596886180479,0.7917895132264174,Schofield2018_NatMethods_TimeLapseSeq_SuppTable2
C11orf57,RNA,K562,1.15516348366169,0.6000424964635964,1.3261765801039,0.984150387219476,0.29827661146430556,0.7420960390827985,Schofield2018_NatMethods_TimeLapseSeq_SuppTable2
C11orf58,RNA,K562,5.56665703196273,0.12451767309895696,6.07711421941787,5.05619984450758,0.1839147660676776,0.8320067160086908,Schofield2018_NatMethods_TimeLapseSeq_SuppTable2
C11orf84,RNA,K562,0.7990141787650699,0.867502979272847,0.737038570610475,0.8609897869196649,0.15544241704158568,0.8560363686163501,Schofield2018_NatMethods_TimeLapseSeq_SuppTable2
C12orf43,RNA,K562,0.92729243840042,0.7474957757184181,0.926094167163874,0.928490709636966,0.0025844530892334848,0.9974188837344113,Schofield2018_NatMethods_TimeLapseSeq_SuppTable2
C12orf49,RNA,K562,1.53077163483493,0.4528090048093231,1.55631772987037,1.50522553979949,0.03337985418091653,0.9671711058158184,Schofield2018_NatMethods_TimeLapseSeq_SuppTable2
C12orf65,RNA,K562,0.400901522645398,1.7289711847092233,0.3736511524126819,0.428151892878114,0.1361554079502452,0.8727069963440582,Schofield2018_NatMethods_TimeLapseSeq_SuppTable2
C14orf119,RNA,K562,0.89685213569119,0.7728667335176133,1.02710886525142,0.766595406130955,0.29254404707225107,0.7463623692346425,Schofield2018_NatMethods_TimeLapseSeq_SuppTable2
C14orf166,RNA,K562,4.45101667054265,0.15572783295719259,4.91059349676529,3.9914398443200105,0.20724278056217776,0.8128222885786117,Schofield2018_NatMethods_TimeLapseSeq_SuppTable2
C15orf39,RNA,K562,0.2795155001556259,2.479816611865967,0.2790767080429479,0.2799542922683039,0.003139664690386529,0.9968652589026392,Schofield2018_NatMethods_TimeLapseSeq_SuppTable2
C15orf57,RNA,K562,2.17441552462105,0.3187740212077196,2.5722352583871,1.776595790855,0.3700762151016509,0.6906816882562291,Schofield2018_NatMethods_TimeLapseSeq_SuppTable2
C16orf62,RNA,K562,2.68786056183955,0.2578806320539042,2.7934166246154306,2.58230449906367,0.07858322631852692,0.9244251202303829,Schofield2018_NatMethods_TimeLapseSeq_SuppTable2
C16orf70,RNA,K562,0.411997648332851,1.6824056723740202,0.451906492472546,0.3720888041931569,0.194342736636714,0.8233756549000275,Schofield2018_NatMethods_TimeLapseSeq_SuppTable2
C16orf72,RNA,K562,0.594708886001923,1.165523497084091,0.6424812401849939,0.546936531818852,0.16100485207904366,0.8512879405807537,Schofield2018_NatMethods_TimeLapseSeq_SuppTable2
C17orf53,RNA,K562,0.428030399540319,1.6193877381240842,0.481025347389744,0.3750354516908939,0.24889940664890914,0.7796583978910923,Schofield2018_NatMethods_TimeLapseSeq_SuppTable2
C17orf80,RNA,K562,0.368727658680693,1.8798350604888845,0.3531648263545549,0.3842904910068309,0.08446387545442177,0.9190048534099098,Schofield2018_NatMethods_TimeLapseSeq_SuppTable2
C18orf25,RNA,K562,0.3540161949475649,1.9579533096292692,0.3414477636809,0.3665846262142309,0.0710346924867382,0.931429577958785,Schofield2018_NatMethods_TimeLapseSeq_SuppTable2
C18orf8,RNA,K562,0.890405005033553,0.778462808094644,0.8391980276404069,0.941611982426698,0.11514657467311934,0.891235501780306,Schofield2018_NatMethods_TimeLapseSeq_SuppTable2
C19orf25,RNA,K562,1.55977254319643,0.4443899103003083,1.52975999114529,1.58978509524758,0.03848799230882771,0.962243258990334,Schofield2018_NatMethods_TimeLapseSeq_SuppTable2
C19orf43,RNA,K562,2.23869780777357,0.3096206992087486,2.38372319178451,2.09367242376263,0.12974396706550367,0.8783202810537991,Schofield2018_NatMethods_TimeLapseSeq_SuppTable2
C19orf47,RNA,K562,0.8699661224900789,0.7967519224495434,0.887343893082094,0.852588351898065,0.03995576838177315,0.9608319373638676,Schofield2018_NatMethods_TimeLapseSeq_SuppTable2
C19orf48,RNA,K562,0.718988853333203,0.96405831237375,0.742087656302381,0.6958900503640248,0.06427569712801391,0.9377464298913875,Schofield2018_NatMethods_TimeLapseSeq_SuppTable2
C19orf53,RNA,K562,3.34220373721292,0.20739225824035612,3.15565920773962,3.52874826668622,0.11174579457317887,0.8942715572916283,Schofield2018_NatMethods_TimeLapseSeq_SuppTable2
C19orf54,RNA,K562,1.20280534174294,0.576275442504713,1.34425523701223,1.06135544647365,0.23629331821961608,0.7895490508429345,Schofield2018_NatMethods_TimeLapseSeq_SuppTable2
C1GALT1,RNA,K562,0.660644075871581,1.0491991162495224,0.7403696467838679,0.5809185049592939,0.24253910399707254,0.7846330646897499,Schofield2018_NatMethods_TimeLapseSeq_SuppTable2
C1QBP,RNA,K562,8.64475600055118,0.08018123131708414,9.39122150039066,7.898290500711711,0.1731290262566352,0.8410290930080985,Schofield2018_NatMethods_TimeLapseSeq_SuppTable2
C1orf109,RNA,K562,0.452316154362279,1.5324395865038563,0.4810976646577759,0.4235346440667819,0.12743497960328254,0.8803506547221739,Schofield2018_NatMethods_TimeLapseSeq_SuppTable2
C1orf131,RNA,K562,0.6622785661439439,1.0466097137881587,0.7207775678218,0.603779564466088,0.17712141275827561,0.8376780735431576,Schofield2018_NatMethods_TimeLapseSeq_SuppTable2
C1orf159,RNA,K562,1.62179407224574,0.42739531018270804,1.58361409798352,1.65997404650795,0.04709232891202821,0.9539993118054667,Schofield2018_NatMethods_TimeLapseSeq_SuppTable2
C1orf174,RNA,K562,0.975743921848428,0.7103781689429973,1.04858889836621,0.9028989453306429,0.14958999575993373,0.8610609426987408,Schofield2018_NatMethods_TimeLapseSeq_SuppTable2
C1orf198,RNA,K562,1.14311213818783,0.6063684894981415,1.02737027112308,1.25885400525258,0.2031993848559552,0.8161155041302391,Schofield2018_NatMethods_TimeLapseSeq_SuppTable2
C1orf27,RNA,K562,1.77418364897509,0.39068513620918693,1.63215297239198,1.91621432555819,0.1604515489986476,0.8517590911530926,Schofield2018_NatMethods_TimeLapseSeq_SuppTable2
C1orf35,RNA,K562,1.17252800349765,0.5911561843233492,1.16092393232471,1.1841320746706,0.019793898324376082,0.9804007147155894,Schofield2018_NatMethods_TimeLapseSeq_SuppTable2
C1orf43,RNA,K562,2.58894875473577,0.26773306319486745,2.71427544099283,2.46362206847871,0.09689239259865207,0.9076536711313145,Schofield2018_NatMethods_TimeLapseSeq_SuppTable2
C1orf52,RNA,K562,0.771810934483215,0.8980789848799681,0.843908547639583,0.699713321326847,0.18737342265080925,0.8291340611301417,Schofield2018_NatMethods_TimeLapseSeq_SuppTable2
C21orf58,RNA,K562,0.5852608852566659,1.1843388102998988,0.710300522676457,0.460221247836875,0.4339808044457356,0.647924692639578,Schofield2018_NatMethods_TimeLapseSeq_SuppTable2
C22orf34,RNA,K562,1.22989039150815,0.5635845156168553,1.23466441193982,1.22511637107648,0.007763365649597639,0.9922666914418157,Schofield2018_NatMethods_TimeLapseSeq_SuppTable2
C2CD2,RNA,K562,0.850950246594472,0.8145566480930474,0.7708530265465379,0.931047466642405,0.18881253221131336,0.8279417045474929,Schofield2018_NatMethods_TimeLapseSeq_SuppTable2
C2CD2L,RNA,K562,0.3734421852648949,1.8561030539928771,0.3643205503862649,0.382563820143525,0.04886137636074145,0.9523131336611604,Schofield2018_NatMethods_TimeLapseSeq_SuppTable2
C2CD3,RNA,K562,1.57968000531108,0.43878961449755555,1.995184087159,1.16417592346315,0.5387228454649474,0.5834929874169422,Schofield2018_NatMethods_TimeLapseSeq_SuppTable2
C2orf49,RNA,K562,0.4489125035539309,1.5440585304986338,0.497683020995074,0.400141986112788,0.2181439209393305,0.8040097195052763,Schofield2018_NatMethods_TimeLapseSeq_SuppTable2
C2orf88,RNA,K562,1.95522717079844,0.3545097934972387,1.98202647072542,1.92842787087146,0.027414695088820988,0.9729576770817077,Schofield2018_NatMethods_TimeLapseSeq_SuppTable2
C4orf46,RNA,K562,0.4964396205401719,1.396236625525049,0.4867806182559,0.5060986228244438,0.038918011336002103,0.961829565034709,Schofield2018_NatMethods_TimeLapseSeq_SuppTable2
C5orf15,RNA,K562,0.786619734738501,0.8811718673577021,0.7980729812702368,0.775166488206766,0.029122218719209367,0.9712977464454289,Schofield2018_NatMethods_TimeLapseSeq_SuppTable2
C5orf22,RNA,K562,1.28405128106492,0.5398126934502865,1.25321946829002,1.31488309383983,0.04803194481676361,0.953103339879643,Schofield2018_NatMethods_TimeLapseSeq_SuppTable2
C5orf51,RNA,K562,1.22486200387869,0.5658981814808539,0.948979692010631,1.50074431574674,0.458329075492005,0.6323393545811553,Schofield2018_NatMethods_TimeLapseSeq_SuppTable2
C6orf106,RNA,K562,2.37284392537694,0.2921166340301269,2.5347966887719,2.21089116198198,0.13671775719312965,0.8722163681905191,Schofield2018_NatMethods_TimeLapseSeq_SuppTable2
C6orf120,RNA,K562,0.6959311898908899,0.9959995910926466,0.7908993654388738,0.600963014342906,0.27463734275046214,0.759847637517611,Schofield2018_NatMethods_TimeLapseSeq_SuppTable2
C6orf136,RNA,K562,0.777996835655542,0.8909383030792122,0.665677146871791,0.8903165244392929,0.2907722563894019,0.747685939324808,Schofield2018_NatMethods_TimeLapseSeq_SuppTable2
C6orf47,RNA,K562,0.3494438501921349,1.9835724113583106,0.369854349230166,0.3290333511541029,0.11695016049148459,0.889629530757094,Schofield2018_NatMethods_TimeLapseSeq_SuppTable2
C6orf48,RNA,K562,1.33506436281677,0.5191863402731511,1.19797610944746,1.47215261618608,0.20609213694266673,0.8137580956457273,Schofield2018_NatMethods_TimeLapseSeq_SuppTable2
C6orf62,RNA,K562,1.1848485975299,0.5850090737373334,1.24767214620854,1.12202504885127,0.10614440004543611,0.8992947804925436,Schofield2018_NatMethods_TimeLapseSeq_SuppTable2
C6orf89,RNA,K562,2.93986462806816,0.23577520336894736,3.18722994455319,2.6924993115831306,0.168682309248952,0.8447772386753807,Schofield2018_NatMethods_TimeLapseSeq_SuppTable2
C7orf49,RNA,K562,1.03759009973266,0.6680356537119407,1.04552107352269,1.02965912594263,0.015287594309452812,0.9848286677506977,Schofield2018_NatMethods_TimeLapseSeq_SuppTable2
C7orf50,RNA,K562,2.37567064698526,0.29176905537792164,2.18477264652912,2.5665686474414,0.1610580789517298,0.8512426303917917,Schofield2018_NatMethods_TimeLapseSeq_SuppTable2
C7orf73,RNA,K562,4.95461949854851,0.1398991750553211,4.96650012160333,4.94273887549369,0.004795785359116786,0.9952156960580183,Schofield2018_NatMethods_TimeLapseSeq_SuppTable2
C8orf33,RNA,K562,1.78924002971949,0.3873975369691534,1.9088158134937,1.66966424594527,0.13386050096504346,0.8747120775834775,Schofield2018_NatMethods_TimeLapseSeq_SuppTable2
C9orf3,RNA,K562,0.746049324015546,0.9290902869922064,0.6962336067239189,0.795865041307173,0.13374437950929485,0.8748136563209086,Schofield2018_NatMethods_TimeLapseSeq_SuppTable2
C9orf64,RNA,K562,0.7170965383469369,0.9666023240856803,0.6246043263445429,0.8095887503493299,0.25940803170788457,0.7715081590190477,Schofield2018_NatMethods_TimeLapseSeq_SuppTable2
C9orf78,RNA,K562,4.60404180167827,0.15055188688931506,4.91974550964564,4.2883380937109,0.1373575363432499,0.871658520812346,Schofield2018_NatMethods_TimeLapseSeq_SuppTable2
CA8,RNA,K562,1.61518329735449,0.4291445941121677,1.55719885614935,1.67316773855962,0.0718300769205522,0.9306890279213104,Schofield2018_NatMethods_TimeLapseSeq_SuppTable2
CAB39,RNA,K562,1.25169215563214,0.5537680950072634,1.36644193482208,1.1369423764422,0.18386770045145084,0.8320458758390181,Schofield2018_NatMethods_TimeLapseSeq_SuppTable2
CABIN1,RNA,K562,2.5653350179371106,0.2701975280863444,2.98681240811696,2.14385762775725,0.3315998984490871,0.7177744480808717,Schofield2018_NatMethods_TimeLapseSeq_SuppTable2
CACTIN,RNA,K562,2.13449288444542,0.32473623389006406,2.29562158629588,1.97336418259495,0.15126385736550826,0.8596208514396699,Schofield2018_NatMethods_TimeLapseSeq_SuppTable2
CACUL1,RNA,K562,1.15068991689002,0.6023752971029072,1.15728589387637,1.14409393990368,0.011464512088922732,0.9886009550081847,Schofield2018_NatMethods_TimeLapseSeq_SuppTable2
CACYBP,RNA,K562,6.19330706634016,0.11191874924579673,6.36920994881824,6.01740418386207,0.056819467385154206,0.9447646147978771,Schofield2018_NatMethods_TimeLapseSeq_SuppTable2
CAD,RNA,K562,3.00350178332303,0.2307796800416937,3.26807933922355,2.73892422742251,0.17663722873479784,0.8380837620892155,Schofield2018_NatMethods_TimeLapseSeq_SuppTable2
CALCOCO2,RNA,K562,4.19020401091169,0.1654208670401069,4.25722528144199,4.12318274038138,0.031992230750537795,0.9685141066776698,Schofield2018_NatMethods_TimeLapseSeq_SuppTable2
CALM1,RNA,K562,4.9172613428111,0.1409620380607403,5.53584372111427,4.29867896450793,0.2529362304071573,0.7765173984432278,Schofield2018_NatMethods_TimeLapseSeq_SuppTable2
CALM3,RNA,K562,8.2526785743936,0.08399057037198097,9.31298319757108,7.19237395121611,0.25838817808787307,0.7722953857676834,Schofield2018_NatMethods_TimeLapseSeq_SuppTable2
CALR,RNA,K562,6.69488213937401,0.10353388844344263,7.13394169557509,6.25582258317293,0.13135127077597075,0.8769096875368599,Schofield2018_NatMethods_TimeLapseSeq_SuppTable2
CALU,RNA,K562,3.06350742917035,0.2262593437704381,3.19884411231849,2.9281707460222,0.08841162035428256,0.9153840084754526,Schofield2018_NatMethods_TimeLapseSeq_SuppTable2
CAMK2G,RNA,K562,1.57796910147352,0.4392653695897334,1.82939557717546,1.32654262577159,0.321409598505633,0.7251261795547456,Schofield2018_NatMethods_TimeLapseSeq_SuppTable2
CAMKK2,RNA,K562,2.2109628107309,0.313504676422307,2.19231615799893,2.22960946346287,0.01686785029427193,0.9832736153684876,Schofield2018_NatMethods_TimeLapseSeq_SuppTable2
CAMSAP1,RNA,K562,0.819332270521466,0.845990333224383,0.822171103808156,0.8164934372347759,0.00692965418038291,0.9930943005086385,Schofield2018_NatMethods_TimeLapseSeq_SuppTable2
CAMTA2,RNA,K562,1.12730455968928,0.614871264914424,1.05278763165973,1.20182148771883,0.13239677889445373,0.8759933504417696,Schofield2018_NatMethods_TimeLapseSeq_SuppTable2
CAND1,RNA,K562,2.62118589954141,0.26444029806554925,2.57117127589655,2.67120052318627,0.03816646104816016,0.9625527000232829,Schofield2018_NatMethods_TimeLapseSeq_SuppTable2
CAND2,RNA,K562,4.66542323889965,0.14857112529053754,4.9269869329359,4.4038595448634,0.112246305701136,0.8938240764197078,Schofield2018_NatMethods_TimeLapseSeq_SuppTable2
CANT1,RNA,K562,1.06023178434727,0.6537694783284396,1.18617960733178,0.934283961362769,0.23871258848638915,0.7876412270013384,Schofield2018_NatMethods_TimeLapseSeq_SuppTable2
CANX,RNA,K562,9.5968487643015,0.07222653993864366,10.0531201507818,9.14057737782117,0.095159495175008,0.9092279054389235,Schofield2018_NatMethods_TimeLapseSeq_SuppTable2
CAP1,RNA,K562,5.30240351483722,0.13072320479201108,5.51677219846979,5.08803483120464,0.0809012708339614,0.922284743353356,Schofield2018_NatMethods_TimeLapseSeq_SuppTable2
CAPN1,RNA,K562,7.9107014835253695,0.08762145582202494,8.02965600242836,7.79174696462238,0.030076595917511488,0.9703712042291687,Schofield2018_NatMethods_TimeLapseSeq_SuppTable2
CAPN15,RNA,K562,2.07934114917429,0.33334942697363307,2.33690623359737,1.82177606475121,0.24901604719985468,0.77956746340944,Schofield2018_NatMethods_TimeLapseSeq_SuppTable2
CAPN2,RNA,K562,4.92998726783786,0.14059816849464973,5.36379920945437,4.49617532622136,0.17644542385443338,0.8382445260621029,Schofield2018_NatMethods_TimeLapseSeq_SuppTable2
CAPN7,RNA,K562,1.31952224727857,0.5253016248793962,1.54092108302903,1.0981234115281,0.3387776100673842,0.7126409156330635,Schofield2018_NatMethods_TimeLapseSeq_SuppTable2
CAPNS1,RNA,K562,7.02293960776013,0.098697585238244,7.92326392194896,6.1226152935713,0.25781389149569567,0.7727390320307874,Schofield2018_NatMethods_TimeLapseSeq_SuppTable2
CAPRIN1,RNA,K562,3.9021504998893,0.1776320981416809,4.12242100016696,3.68187999961164,0.11301712098818467,0.8931353686250196,Schofield2018_NatMethods_TimeLapseSeq_SuppTable2
CAPZA1,RNA,K562,6.05407363288681,0.11449269080485673,5.84697925965363,6.26116800611999,0.06844158814512691,0.9338480063046527,Schofield2018_NatMethods_TimeLapseSeq_SuppTable2
CAPZB,RNA,K562,4.45223587841389,0.15568518818164664,4.28628014664928,4.6181916101785,0.07458394398880275,0.9281295598914331,Schofield2018_NatMethods_TimeLapseSeq_SuppTable2
CARD9,RNA,K562,1.06135437328214,0.6530779897919032,0.876928530045735,1.24578021651854,0.3510917971765858,0.7039191331007015,Schofield2018_NatMethods_TimeLapseSeq_SuppTable2
CARM1,RNA,K562,4.73220418035722,0.14647448718233913,4.98304739029228,4.48136097042216,0.10611484131452814,0.8993213628978364,Schofield2018_NatMethods_TimeLapseSeq_SuppTable2
CARS,RNA,K562,2.70925141961015,0.2558445390275689,2.51639552737355,2.90210731184675,0.1426096010396585,0.867092514843032,Schofield2018_NatMethods_TimeLapseSeq_SuppTable2
CASC3,RNA,K562,2.71340215264348,0.2554531696986604,3.18768798514367,2.2391163201433,0.3532145963815414,0.7024264390300365,Schofield2018_NatMethods_TimeLapseSeq_SuppTable2
CASC4,RNA,K562,4.32596014616699,0.16022967321465206,4.90472069468893,3.7471995976450505,0.269189361370773,0.7639985701331985,Schofield2018_NatMethods_TimeLapseSeq_SuppTable2
CASP2,RNA,K562,0.7287024872750258,0.9512073756629551,0.734967375190822,0.722437599359229,0.0171950621444042,0.9829519292222463,Schofield2018_NatMethods_TimeLapseSeq_SuppTable2
CASP3,RNA,K562,0.6389061035619878,1.0848967895212709,0.6765271104499079,0.601285096674068,0.11790332881973525,0.8887819680636273,Schofield2018_NatMethods_TimeLapseSeq_SuppTable2
CASP8,RNA,K562,0.707037643698446,0.9803539977506133,0.794538370393274,0.619536917003618,0.24878898892479606,0.7797444907499744,Schofield2018_NatMethods_TimeLapseSeq_SuppTable2
CASP8AP2,RNA,K562,0.660072474290265,1.0501076890158818,0.642991489676623,0.6771534589039069,0.05176643330998116,0.9495506243406316,Schofield2018_NatMethods_TimeLapseSeq_SuppTable2
CASS4,RNA,K562,0.37439979123216,1.8513556812592733,0.363314600685754,0.3854849817785659,0.05923310699135702,0.9424870432292296,Schofield2018_NatMethods_TimeLapseSeq_SuppTable2
CAST,RNA,K562,7.944206775988621,0.08725190571008094,9.17806990058138,6.71034365139586,0.3131667675600866,0.731127973973133,Schofield2018_NatMethods_TimeLapseSeq_SuppTable2
CBFA2T2,RNA,K562,0.557251742648442,1.2438672282398526,0.616748374409056,0.4977551108878279,0.21435290879558747,0.807063514946038,Schofield2018_NatMethods_TimeLapseSeq_SuppTable2
CBFA2T3,RNA,K562,0.7546907862969359,0.9184518920139884,0.779927681917533,0.729453890676339,0.06690504067910265,0.9352840110545905,Schofield2018_NatMethods_TimeLapseSeq_SuppTable2
CBFB,RNA,K562,2.57862199598715,0.26880526949611866,2.43095095385491,2.72629303811938,0.11466030513857857,0.8916689878399133,Schofield2018_NatMethods_TimeLapseSeq_SuppTable2
CBL,RNA,K562,1.29747804821608,0.534226518524119,1.2452119132067,1.34974418322545,0.0806093537436687,0.9225540133323993,Schofield2018_NatMethods_TimeLapseSeq_SuppTable2
CBLL1,RNA,K562,0.397525777552723,1.7436534174642666,0.400623370533202,0.3944281845722449,0.015584678282469476,0.9845361343929792,Schofield2018_NatMethods_TimeLapseSeq_SuppTable2
CBS,RNA,K562,1.10405736779129,0.6278180833543219,1.15368450003099,1.05443023555159,0.08996017389864065,0.9139675843120594,Schofield2018_NatMethods_TimeLapseSeq_SuppTable2
CBX1,RNA,K562,4.66708994222376,0.1485180678197251,5.19474256455715,4.13943731989037,0.2270872033286256,0.7968512911752453,Schofield2018_NatMethods_TimeLapseSeq_SuppTable2
CBX2,RNA,K562,0.6586090365834019,1.0524410417380747,0.7210786215650719,0.5961394516017319,0.19027355761246909,0.8267329439164837,Schofield2018_NatMethods_TimeLapseSeq_SuppTable2
CBX3,RNA,K562,4.06479938925279,0.1705243270781348,3.8705319300341094,4.25906684847147,0.0956581394142411,0.9087746372009162,Schofield2018_NatMethods_TimeLapseSeq_SuppTable2
CBX4,RNA,K562,0.440109587375837,1.5749422426647202,0.4384358657395779,0.441783309012097,0.007605967936617082,0.9924228842415876,Schofield2018_NatMethods_TimeLapseSeq_SuppTable2
CBX5,RNA,K562,5.81389168668877,0.11922258237919095,6.17897165449165,5.44881171888588,0.12575430700368365,0.8818314799882601,Schofield2018_NatMethods_TimeLapseSeq_SuppTable2
CBX6,RNA,K562,0.675063406743715,1.0267882596443207,0.6427481480970029,0.707378665390427,0.09581315220495897,0.908633776426163,Schofield2018_NatMethods_TimeLapseSeq_SuppTable2
CC2D1A,RNA,K562,1.03250128610106,0.6713281522170431,1.12013621560678,0.944866356595345,0.17016208207083974,0.8435280847370059,Schofield2018_NatMethods_TimeLapseSeq_SuppTable2
CC2D1B,RNA,K562,1.50391561036613,0.46089499688828806,1.70797474998067,1.29985647075159,0.2730544606154046,0.7610513391760043,Schofield2018_NatMethods_TimeLapseSeq_SuppTable2
CCAR1,RNA,K562,2.67425426670052,0.25919269876126866,2.70844132805064,2.6400672053504,0.02556894031891695,0.9747551767165467,Schofield2018_NatMethods_TimeLapseSeq_SuppTable2
CCAR2,RNA,K562,2.68761789718862,0.2579039160607656,2.75907861334358,2.61615718103367,0.05319027196547737,0.9481995795195153,Schofield2018_NatMethods_TimeLapseSeq_SuppTable2
CCDC117,RNA,K562,0.5873733214293029,1.180079440573253,0.547946625138199,0.626800017720407,0.13444965593155642,0.8741968883967363,Schofield2018_NatMethods_TimeLapseSeq_SuppTable2
CCDC12,RNA,K562,0.768627565632604,0.9017984932526638,0.7484242734824799,0.7888308577827269,0.052581894720912195,0.9487766180777674,Schofield2018_NatMethods_TimeLapseSeq_SuppTable2
CCDC124,RNA,K562,5.88490223824601,0.11778397541681801,5.82651283752105,5.94329163897097,0.01984444753851895,0.9803511574824656,Schofield2018_NatMethods_TimeLapseSeq_SuppTable2
CCDC137,RNA,K562,0.477085745984736,1.4528775726242762,0.4678207522315239,0.486350739737948,0.03884483581443663,0.961899949989984,Schofield2018_NatMethods_TimeLapseSeq_SuppTable2
CCDC138,RNA,K562,1.72581747716032,0.40163411816900685,1.67147705291781,1.78015790140283,0.06299437067595587,0.938948759321083,Schofield2018_NatMethods_TimeLapseSeq_SuppTable2
CCDC14,RNA,K562,1.10364449400433,0.6280529503164684,1.17817756493745,1.02911142307121,0.13527307425466506,0.8734773549399967,Schofield2018_NatMethods_TimeLapseSeq_SuppTable2
CCDC144NL-AS1,RNA,K562,1.96602550351729,0.35256265970094497,2.34084069247896,1.59121031455563,0.3860152043513892,0.6797601902889563,Schofield2018_NatMethods_TimeLapseSeq_SuppTable2
CCDC174,RNA,K562,0.323517316824176,2.1425350190347134,0.3391609661933699,0.307873667454981,0.09678529298522755,0.9077508856943441,Schofield2018_NatMethods_TimeLapseSeq_SuppTable2
CCDC18,RNA,K562,2.1490552740288,0.32253576207954543,2.17988730386221,2.11822324419538,0.028695535061189704,0.9717122717502061,Schofield2018_NatMethods_TimeLapseSeq_SuppTable2
CCDC26,RNA,K562,1.49712318276419,0.4629860712464313,1.55668244452728,1.4375639210011,0.07960695914783605,0.9234792401334281,Schofield2018_NatMethods_TimeLapseSeq_SuppTable2
CCDC43,RNA,K562,2.20466035533328,0.3144008912226127,2.48185331862176,1.92746739204481,0.25279867789357485,0.7766242177096849,Schofield2018_NatMethods_TimeLapseSeq_SuppTable2
CCDC47,RNA,K562,3.34163381621399,0.20742762932213452,3.57157971353386,3.11168791889412,0.13784267655116497,0.8712357467769619,Schofield2018_NatMethods_TimeLapseSeq_SuppTable2
CCDC50,RNA,K562,2.74075725190586,0.25290352878860267,2.87392562929129,2.60758887452043,0.09725291874867799,0.9073264972286221,Schofield2018_NatMethods_TimeLapseSeq_SuppTable2
CCDC59,RNA,K562,1.04176849679036,0.6653562501606637,1.12008030045272,0.963456693128002,0.15062811916164853,0.860167519006081,Schofield2018_NatMethods_TimeLapseSeq_SuppTable2
CCDC6,RNA,K562,0.916284377295523,0.7564760436119378,0.8978142685793449,0.934754486011702,0.04032069395465956,0.9604813691882141,Schofield2018_NatMethods_TimeLapseSeq_SuppTable2
CCDC66,RNA,K562,0.7723376229647199,0.8974665482424751,0.8379370246001339,0.7067382213293049,0.17028261754644416,0.8434264158056061,Schofield2018_NatMethods_TimeLapseSeq_SuppTable2
CCDC77,RNA,K562,0.6741150111980209,1.0282328223608326,0.614680051138282,0.733549971257761,0.17679383202117208,0.837952525694109,Schofield2018_NatMethods_TimeLapseSeq_SuppTable2
CCDC8,RNA,K562,0.5374757241312569,1.289634395451639,0.6074760414508769,0.467475406811637,0.2619659949015624,0.7695371914506016,Schofield2018_NatMethods_TimeLapseSeq_SuppTable2
CCDC82,RNA,K562,0.943240001068848,0.73485770299658,0.853920468452111,1.03255953368558,0.18995792174118578,0.826993931675938,Schofield2018_NatMethods_TimeLapseSeq_SuppTable2
CCDC85C,RNA,K562,1.22673397412846,0.5650346327551543,1.06281995004433,1.39064799821259,0.2688441183366823,0.7642623808543788,Schofield2018_NatMethods_TimeLapseSeq_SuppTable2
CCDC86,RNA,K562,2.30512205079491,0.3006986898246524,2.34235054616249,2.26789355542734,0.032303480566188446,0.9682127037487476,Schofield2018_NatMethods_TimeLapseSeq_SuppTable2
CCDC88A,RNA,K562,4.29640923551207,0.16133174066164863,4.2039032229468,4.38891524807734,0.043068667925619655,0.9578456145373078,Schofield2018_NatMethods_TimeLapseSeq_SuppTable2
CCDC88C,RNA,K562,0.947308067200557,0.7317019716809794,1.05181123184198,0.8428049025591329,0.22153344088120122,0.8012891258854254,Schofield2018_NatMethods_TimeLapseSeq_SuppTable2
CCDC9,RNA,K562,0.8670581135009608,0.7994241329006111,0.9263656799452769,0.807750547056645,0.13701577747706045,0.8719564687503979,Schofield2018_NatMethods_TimeLapseSeq_SuppTable2
CCDC93,RNA,K562,0.699676965014247,0.9906674297128407,0.7729933588633189,0.6263605711651749,0.21034425961373684,0.8103052425783237,Schofield2018_NatMethods_TimeLapseSeq_SuppTable2
CCDC94,RNA,K562,0.8835938680533229,0.7844635478141587,0.7974204709943359,0.96976726511231,0.19567400303979773,0.8222802518519591,Schofield2018_NatMethods_TimeLapseSeq_SuppTable2
CCHCR1,RNA,K562,2.24745947661038,0.30841365006738647,2.7166606750044,1.77825827821636,0.4237690431815759,0.6545750430216979,Schofield2018_NatMethods_TimeLapseSeq_SuppTable2
CCNA2,RNA,K562,1.93550596381122,0.3581219554576126,1.88157821924413,1.9894337083783,0.05573912658658432,0.9457858340893956,Schofield2018_NatMethods_TimeLapseSeq_SuppTable2
CCNB1,RNA,K562,1.55563593703711,0.4455715916926713,1.60110468872379,1.51016718535043,0.05847345798757001,0.9432032745804743,Schofield2018_NatMethods_TimeLapseSeq_SuppTable2
CCNB2,RNA,K562,3.10791439754415,0.22302647109832396,3.26845259771981,2.94737619736849,0.10340131124457905,0.9017650124174007,Schofield2018_NatMethods_TimeLapseSeq_SuppTable2
CCND1,RNA,K562,0.509051707464379,1.3616439556063142,0.5658576805365119,0.452245734392245,0.22411690650710928,0.799221694690886,Schofield2018_NatMethods_TimeLapseSeq_SuppTable2
CCND2,RNA,K562,1.88263862783666,0.36817856083004136,1.86900990737219,1.89626734830113,0.014478571026213716,0.9856257394542177,Schofield2018_NatMethods_TimeLapseSeq_SuppTable2
CCND3,RNA,K562,2.01132889939293,0.3446214991338088,2.01137255173211,2.01128524705375,4.3406465446815805e-05,0.9999565944766001,Schofield2018_NatMethods_TimeLapseSeq_SuppTable2
CCNE1,RNA,K562,0.71281942926885,0.9724021990687279,0.750065876739162,0.6755729817985369,0.10459984560848443,0.9006848634889567,Schofield2018_NatMethods_TimeLapseSeq_SuppTable2
CCNE2,RNA,K562,0.3901901170180179,1.776434487519164,0.3738238300100419,0.406556404025994,0.08393803096859408,0.9194882341249276,Schofield2018_NatMethods_TimeLapseSeq_SuppTable2
CCNF,RNA,K562,0.7678512634597179,0.9027102168678118,0.82963715681708,0.706065370102356,0.16128061932698545,0.8510532156143903,Schofield2018_NatMethods_TimeLapseSeq_SuppTable2
CCNG1,RNA,K562,3.90614408075594,0.17745048985131223,3.11888165320567,4.69340650830622,0.4086841601192229,0.6645240823879174,Schofield2018_NatMethods_TimeLapseSeq_SuppTable2
CCNH,RNA,K562,1.9641776869795,0.3528943359629864,2.36336502029132,1.56499035366768,0.4122067993431708,0.6621873219883619,Schofield2018_NatMethods_TimeLapseSeq_SuppTable2
CCNI,RNA,K562,4.91840582979136,0.14092923694126086,4.91375980695167,4.92305185263105,0.0018892398807115187,0.9981125436096281,Schofield2018_NatMethods_TimeLapseSeq_SuppTable2
CCNJ,RNA,K562,0.3469992324892349,1.9975467253560828,0.3917950767524279,0.3022033882260409,0.25963867807314484,0.7713302339860711,Schofield2018_NatMethods_TimeLapseSeq_SuppTable2
CCNK,RNA,K562,3.13424884029558,0.22115256824808363,2.74841076040313,3.52008692018803,0.24746284322147688,0.780779231512931,Schofield2018_NatMethods_TimeLapseSeq_SuppTable2
CCNL1,RNA,K562,0.3270920629595799,2.1191195356079318,0.3561419523239199,0.2980421735952399,0.17809439523452433,0.8368634238410733,Schofield2018_NatMethods_TimeLapseSeq_SuppTable2
CCNL2,RNA,K562,0.501007544430729,1.3835064726371245,0.5554986308051019,0.4465164580563569,0.2183898844934999,0.8038119867356043,Schofield2018_NatMethods_TimeLapseSeq_SuppTable2
CCNT1,RNA,K562,0.3191551573064109,2.1718188307214987,0.333980493566699,0.3043298210461229,0.09297053783786398,0.9112203464222541,Schofield2018_NatMethods_TimeLapseSeq_SuppTable2
CCNT2,RNA,K562,0.38059509539323,1.8212194243958588,0.3341997258900389,0.42699046489642,0.2450228865623606,0.7826866250306305,Schofield2018_NatMethods_TimeLapseSeq_SuppTable2
CCNY,RNA,K562,3.13397000922608,0.2211722443161206,2.83544737249546,3.43249264595669,0.19108698810386854,0.8260607275693598,Schofield2018_NatMethods_TimeLapseSeq_SuppTable2
CCP110,RNA,K562,0.5612472147210709,1.2350122412713018,0.4749198394252259,0.6475745900169149,0.3100879531879218,0.7333824500631206,Schofield2018_NatMethods_TimeLapseSeq_SuppTable2
CCSAP,RNA,K562,0.6098767667167159,1.1365364584906512,0.6692257150246769,0.5505278184087549,0.19524390701872577,0.8226339873811556,Schofield2018_NatMethods_TimeLapseSeq_SuppTable2
CCSER2,RNA,K562,1.01987148474026,0.6796416910670617,1.12983898852421,0.909903980956304,0.2164913350112117,0.8053395131502906,Schofield2018_NatMethods_TimeLapseSeq_SuppTable2
CCT2,RNA,K562,7.92520258080208,0.08746113092919758,7.42149065591527,8.4289145056889,0.1272880640609972,0.8804800014173009,Schofield2018_NatMethods_TimeLapseSeq_SuppTable2
CCT3,RNA,K562,6.49040426170765,0.10679568677245624,7.23641778341544,5.74439073999987,0.23090244745848926,0.7938169011143849,Schofield2018_NatMethods_TimeLapseSeq_SuppTable2
CCT4,RNA,K562,6.31094889774124,0.1098324818963485,6.56019051781571,6.06170727766677,0.07902815549325279,0.9240139080114833,Schofield2018_NatMethods_TimeLapseSeq_SuppTable2
CCT5,RNA,K562,7.14410167258067,0.09702370043532137,7.487743522766179,6.80045982239516,0.09627725598501552,0.9082121738970679,Schofield2018_NatMethods_TimeLapseSeq_SuppTable2
CCT6A,RNA,K562,5.65963074416486,0.12247215620464064,5.20892716692902,6.11033432140071,0.15960757226804653,0.8524782594440667,Schofield2018_NatMethods_TimeLapseSeq_SuppTable2
CCT7,RNA,K562,10.6041703267736,0.06536552688236956,10.5304805809725,10.6778600725747,0.013898481396193308,0.9861976565903185,Schofield2018_NatMethods_TimeLapseSeq_SuppTable2
CCT8,RNA,K562,7.70290209284729,0.08998519937097257,8.21957108342522,7.18623310226935,0.13435090151966778,0.8742832234592388,Schofield2018_NatMethods_TimeLapseSeq_SuppTable2
CD164,RNA,K562,0.8243355866884708,0.840855583275815,0.76391250461546,0.884758668761482,0.14686165730242193,0.8634134160955022,Schofield2018_NatMethods_TimeLapseSeq_SuppTable2
CD2AP,RNA,K562,0.923485725445167,0.7505770381299756,0.8708445557099829,0.976126895180352,0.11412909905382816,0.8921427736596512,Schofield2018_NatMethods_TimeLapseSeq_SuppTable2
CD2BP2,RNA,K562,1.66507735356618,0.4162852729186407,1.59472522556464,1.73542948156772,0.08455347355143175,0.9189225160125934,Schofield2018_NatMethods_TimeLapseSeq_SuppTable2
CD3EAP,RNA,K562,0.7151423434537009,0.9692436574409335,0.7519831429745059,0.6783015439328969,0.10312196331183816,0.9020169537974511,Schofield2018_NatMethods_TimeLapseSeq_SuppTable2
CD46,RNA,K562,1.25503839261582,0.5522916148527137,1.23035895203317,1.27971783319847,0.03933365308550006,0.9614298715819762,Schofield2018_NatMethods_TimeLapseSeq_SuppTable2
CD55,RNA,K562,1.10383841236007,0.6279426162366979,1.05756268251091,1.15011414220923,0.08389428712113686,0.9195284569577242,Schofield2018_NatMethods_TimeLapseSeq_SuppTable2
CD58,RNA,K562,0.7518924705397029,0.9218700914273146,0.849634105511046,0.6541508355683588,0.2614678324128782,0.769920641515319,Schofield2018_NatMethods_TimeLapseSeq_SuppTable2
CD59,RNA,K562,2.65508791890974,0.261063739405124,2.80702853000308,2.50314730781639,0.11457759798376682,0.8917427382947345,Schofield2018_NatMethods_TimeLapseSeq_SuppTable2
CD81,RNA,K562,5.01129855502479,0.1383168799362257,4.55490514593954,5.46769196411004,0.18265187665375074,0.833058112241502,Schofield2018_NatMethods_TimeLapseSeq_SuppTable2
CDAN1,RNA,K562,1.31570333058105,0.5268263478924484,1.36249821479318,1.26890844636892,0.07116289746267046,0.9313101717065616,Schofield2018_NatMethods_TimeLapseSeq_SuppTable2
CDC123,RNA,K562,6.00694097436438,0.11539104238214863,6.61967929583161,5.39420265289714,0.20472212996640907,0.8148737139416785,Schofield2018_NatMethods_TimeLapseSeq_SuppTable2
CDC14A,RNA,K562,0.488462579871693,1.4190384465930181,0.496818305092716,0.4801068546506699,0.03421568295759156,0.9663630541170831,Schofield2018_NatMethods_TimeLapseSeq_SuppTable2
CDC16,RNA,K562,2.56833409365372,0.26988201506676723,3.10580664552123,2.03086154178622,0.4248133630236128,0.6538918141330051,Schofield2018_NatMethods_TimeLapseSeq_SuppTable2
CDC20,RNA,K562,2.54490284358867,0.2723668537312452,3.0931308046986894,1.99667488247865,0.43770054515290163,0.6455190577280329,Schofield2018_NatMethods_TimeLapseSeq_SuppTable2
CDC23,RNA,K562,1.74779436018735,0.39658394394043317,1.81305201576007,1.68253670461463,0.07470902397681566,0.9280134767171998,Schofield2018_NatMethods_TimeLapseSeq_SuppTable2
CDC25A,RNA,K562,0.5138026896095859,1.3490532349813793,0.528626395655941,0.49897898356323,0.05771795819492933,0.943916133707392,Schofield2018_NatMethods_TimeLapseSeq_SuppTable2
CDC25B,RNA,K562,3.9292779040513905,0.17640574107656187,4.49355981046785,3.36499599763494,0.2892184447831167,0.7488486054633355,Schofield2018_NatMethods_TimeLapseSeq_SuppTable2
CDC27,RNA,K562,1.37497261508962,0.5041170805534672,1.20565880205467,1.54428642812457,0.247535803600534,0.780722267642318,Schofield2018_NatMethods_TimeLapseSeq_SuppTable2
CDC34,RNA,K562,3.11147598718819,0.22277118107742028,3.10317466346462,3.11977731091175,0.005335952103938954,0.9946782588010173,Schofield2018_NatMethods_TimeLapseSeq_SuppTable2
CDC37,RNA,K562,8.21732617957882,0.08435191270397796,9.06188992001682,7.37276243914082,0.2062852406354252,0.813600971123597,Schofield2018_NatMethods_TimeLapseSeq_SuppTable2
CDC40,RNA,K562,0.662103508895254,1.046886432782223,0.664808697822414,0.659398319968094,0.008171544007402836,0.9918617523025168,Schofield2018_NatMethods_TimeLapseSeq_SuppTable2
CDC42,RNA,K562,4.07041894466351,0.17028890391459342,4.5772929328984,3.56354495642862,0.25035193700642955,0.7785267424805469,Schofield2018_NatMethods_TimeLapseSeq_SuppTable2
CDC42BPA,RNA,K562,2.31149662392376,0.2998694323781142,2.615438528493,2.00755471935452,0.2645143568486414,0.7675786287782724,Schofield2018_NatMethods_TimeLapseSeq_SuppTable2
CDC42BPB,RNA,K562,2.53943597105131,0.27295320238887016,2.8249781548534294,2.25389378724919,0.22584133916071586,0.7978446783303111,Schofield2018_NatMethods_TimeLapseSeq_SuppTable2
CDC42EP1,RNA,K562,1.16782321213939,0.5935377661231245,1.09393545185695,1.24171097242184,0.1267085447140031,0.8809904044927075,Schofield2018_NatMethods_TimeLapseSeq_SuppTable2
CDC42EP4,RNA,K562,0.4971470622447399,1.3942497767767492,0.4446726663444939,0.5496214581449859,0.21189135310481344,0.8090525938439483,Schofield2018_NatMethods_TimeLapseSeq_SuppTable2
CDC42SE1,RNA,K562,1.0649791458869,0.6508551676687545,1.04005225548293,1.08990603629086,0.04682052973975018,0.9542586432702115,Schofield2018_NatMethods_TimeLapseSeq_SuppTable2
CDC42SE2,RNA,K562,0.8696164485651489,0.7970722974520841,0.881514561845602,0.8577183352846969,0.027365756057104874,0.9730052938534746,Schofield2018_NatMethods_TimeLapseSeq_SuppTable2
CDC45,RNA,K562,3.13080612345548,0.22139575343455528,3.36911355694951,2.89249868996145,0.1525289431056156,0.858534044955255,Schofield2018_NatMethods_TimeLapseSeq_SuppTable2
CDC5L,RNA,K562,1.1241951511613,0.6165719357923937,1.10792194505817,1.14046835726443,0.028952878595316218,0.97146224005344,Schofield2018_NatMethods_TimeLapseSeq_SuppTable2
CDC6,RNA,K562,1.03387924620467,0.6704334022609133,0.90123290488538,1.16652558752397,0.25802130632570675,0.7725787711166355,Schofield2018_NatMethods_TimeLapseSeq_SuppTable2
CDC7,RNA,K562,1.03822165861126,0.6676292820620875,1.02319025525313,1.05325306196939,0.028958081593411043,0.9714571855504051,Schofield2018_NatMethods_TimeLapseSeq_SuppTable2
CDC73,RNA,K562,1.33684522708593,0.5184947116659684,1.32734627139126,1.34634418278061,0.014211242062468552,0.9858892609836859,Schofield2018_NatMethods_TimeLapseSeq_SuppTable2
CDCA2,RNA,K562,0.8596339273081,0.8063283201612348,0.89851848461985,0.820749369996351,0.09052948998007847,0.9134473959582456,Schofield2018_NatMethods_TimeLapseSeq_SuppTable2
CDCA4,RNA,K562,0.4152906970287619,1.669065032082671,0.4914166070385799,0.3391647870189439,0.3708061681989381,0.6901777069823709,Schofield2018_NatMethods_TimeLapseSeq_SuppTable2
CDCA5,RNA,K562,0.830107880567293,0.8350085534500056,0.8179200692113309,0.842295691923256,0.02936651372210775,0.971060492240834,Schofield2018_NatMethods_TimeLapseSeq_SuppTable2
CDCA7,RNA,K562,1.12489686480408,0.6161873165862798,1.12807403532133,1.12171969428682,0.005648836022415939,0.9943670886523861,Schofield2018_NatMethods_TimeLapseSeq_SuppTable2
CDCA8,RNA,K562,0.8662946514648578,0.8001286622142599,0.8574110600348999,0.875178242894817,0.020510118192958473,0.9796987836430339,Schofield2018_NatMethods_TimeLapseSeq_SuppTable2
CDCP1,RNA,K562,1.08775064129049,0.6372298523654342,1.09550863876856,1.07999264381241,0.01426453587975299,0.9858367205816001,Schofield2018_NatMethods_TimeLapseSeq_SuppTable2
CDK1,RNA,K562,1.37886260032234,0.5026948880895795,1.23159431604301,1.52613088460166,0.21442617695241434,0.8070043850560512,Schofield2018_NatMethods_TimeLapseSeq_SuppTable2
CDK10,RNA,K562,0.717876372677519,0.9655522969430804,0.6393004276171989,0.7964523177378379,0.21979276616629406,0.8026851242432225,Schofield2018_NatMethods_TimeLapseSeq_SuppTable2
CDK11B,RNA,K562,1.65244606392253,0.41946735551208975,1.56313017992804,1.74176194791702,0.10820687815172705,0.8974419160996102,Schofield2018_NatMethods_TimeLapseSeq_SuppTable2
CDK12,RNA,K562,0.8928226284682859,0.7763548530900242,0.9140444579651849,0.8716007989713879,0.04754769162884666,0.9535649949803496,Schofield2018_NatMethods_TimeLapseSeq_SuppTable2
CDK13,RNA,K562,0.7687374588690359,0.9016695785576798,0.7073782834573599,0.830096634280712,0.1599765436566533,0.8521637773779327,Schofield2018_NatMethods_TimeLapseSeq_SuppTable2
CDK16,RNA,K562,2.1272114108031106,0.3258478104431818,2.52238399616673,1.73203882543949,0.37590525811915637,0.6866673861203019,Schofield2018_NatMethods_TimeLapseSeq_SuppTable2
CDK17,RNA,K562,0.51551906375618,1.3445616841199424,0.4811844106370269,0.549853716875333,0.13340168680450268,0.8751134999531606,Schofield2018_NatMethods_TimeLapseSeq_SuppTable2
CDK2,RNA,K562,2.24183092029743,0.30918798303842804,1.86988777030616,2.61377407028871,0.3349167676332628,0.7153976281123707,Schofield2018_NatMethods_TimeLapseSeq_SuppTable2
CDK4,RNA,K562,3.9979927364130106,0.17337379686733378,4.83925763803662,3.15672783478939,0.42722533261025364,0.6523165474756859,Schofield2018_NatMethods_TimeLapseSeq_SuppTable2
CDK5RAP1,RNA,K562,2.8822405807621,0.24048900885874994,2.19416382360205,3.57031733792215,0.48685345403371044,0.6145570872081101,Schofield2018_NatMethods_TimeLapseSeq_SuppTable2
CDK5RAP2,RNA,K562,2.42185976658073,0.2862045070175784,2.60845437810403,2.23526515505743,0.15439799498394463,0.8569308989341594,Schofield2018_NatMethods_TimeLapseSeq_SuppTable2
CDK6,RNA,K562,2.89815977203703,0.23916803595433003,2.9930843135871,2.80323523048696,0.0655302090990714,0.9365707533735951,Schofield2018_NatMethods_TimeLapseSeq_SuppTable2
CDK7,RNA,K562,0.8980358752405259,0.7718479847748798,0.839790830690168,0.956280919790884,0.12989886929402045,0.8781842378218844,Schofield2018_NatMethods_TimeLapseSeq_SuppTable2
CDK8,RNA,K562,2.2737777663119,0.30484385538004444,2.15000296622504,2.39755256639876,0.10897923126214047,0.8967490416506065,Schofield2018_NatMethods_TimeLapseSeq_SuppTable2
CDK9,RNA,K562,0.6759392213802599,1.0254578498116251,0.717462829914073,0.6344156128464469,0.12301686086254321,0.8842487532384469,Schofield2018_NatMethods_TimeLapseSeq_SuppTable2
CDKAL1,RNA,K562,2.35058872495622,0.29488237274381346,2.61892795399601,2.0822494959164306,0.2293162584254966,0.7950770439252806,Schofield2018_NatMethods_TimeLapseSeq_SuppTable2
CDKN2AIP,RNA,K562,0.3993960695006429,1.7354882370940048,0.4602273870730669,0.338564751928219,0.3070053222352661,0.7356466856121007,Schofield2018_NatMethods_TimeLapseSeq_SuppTable2
CDKN2C,RNA,K562,0.91633488190564,0.7564343497635424,0.849997893220885,0.9826718705903948,0.14504138942561068,0.8649864910758069,Schofield2018_NatMethods_TimeLapseSeq_SuppTable2
CDR2,RNA,K562,0.4089579367106669,1.6949106945694004,0.4027689613282359,0.415146912093099,0.03026936203242728,0.9701841675698475,Schofield2018_NatMethods_TimeLapseSeq_SuppTable2
CDS2,RNA,K562,2.0673073647644298,0.3352898520916988,2.33016158646782,1.80445314306104,0.25568003754075413,0.7743897047913848,Schofield2018_NatMethods_TimeLapseSeq_SuppTable2
CDT1,RNA,K562,0.717932692883475,0.9654765515357961,0.713052882460053,0.722812503306897,0.013594270388702987,0.9864977144111464,Schofield2018_NatMethods_TimeLapseSeq_SuppTable2
CDV3,RNA,K562,2.12587303372704,0.3260529530988654,2.31233961821518,1.9394064492389,0.1758778614528003,0.8387204171746471,Schofield2018_NatMethods_TimeLapseSeq_SuppTable2
CDYL,RNA,K562,0.927427027828392,0.7473872981499984,0.927044074200125,0.927809981456658,0.0008258410387891285,0.9991744998740685,Schofield2018_NatMethods_TimeLapseSeq_SuppTable2
CEBPG,RNA,K562,0.5845487259766419,1.1857816974998299,0.652662985373433,0.516434466579851,0.23411249331534853,0.7912727979883272,Schofield2018_NatMethods_TimeLapseSeq_SuppTable2
CEBPZ,RNA,K562,1.37388655235753,0.5045155870916231,1.2690749694264,1.47869813528865,0.15287379779931598,0.8582380265047603,Schofield2018_NatMethods_TimeLapseSeq_SuppTable2
CELF1,RNA,K562,1.20399274425037,0.5757071077629398,1.22264784033799,1.18533764816276,0.030991198687692206,0.9694841057708687,Schofield2018_NatMethods_TimeLapseSeq_SuppTable2
CELSR2,RNA,K562,1.96976661451591,0.35189304938559596,2.04097053477716,1.89856269425466,0.07232832387217134,0.9302254304528466,Schofield2018_NatMethods_TimeLapseSeq_SuppTable2
CENPA,RNA,K562,1.04747947208087,0.6617286534341088,1.24629475518117,0.848664188980577,0.38426666157125544,0.6809498198178723,Schofield2018_NatMethods_TimeLapseSeq_SuppTable2
CENPB,RNA,K562,1.22259139066706,0.5669491752119702,1.43974692367052,1.00543585766361,0.35904621397891434,0.6983420774397846,Schofield2018_NatMethods_TimeLapseSeq_SuppTable2
CENPBD1,RNA,K562,0.418901744923938,1.654677233884054,0.4378937330496239,0.399909756798253,0.09073734868132528,0.9132575477003542,Schofield2018_NatMethods_TimeLapseSeq_SuppTable2
CENPC,RNA,K562,0.671793770692226,1.031785662206597,0.64585690491045,0.697730636474003,0.07725515083127477,0.9256536421767316,Schofield2018_NatMethods_TimeLapseSeq_SuppTable2
CENPE,RNA,K562,3.04991112218747,0.22726799332526232,3.68957618982338,2.4102460545515494,0.42578275813456185,0.6532582417458976,Schofield2018_NatMethods_TimeLapseSeq_SuppTable2
CENPF,RNA,K562,2.08559506386504,0.3323498374969299,1.94937437165766,2.22181575607243,0.1308162836706068,0.8773789484253308,Schofield2018_NatMethods_TimeLapseSeq_SuppTable2
CENPJ,RNA,K562,0.82201499167982,0.843229366344611,0.8665977531195969,0.777432230240043,0.1085784399726801,0.8971085228889945,Schofield2018_NatMethods_TimeLapseSeq_SuppTable2
CENPL,RNA,K562,0.732950747968725,0.9456940762812646,0.7357130985850558,0.730188397352393,0.007537651616641519,0.9924906852368295,Schofield2018_NatMethods_TimeLapseSeq_SuppTable2
CENPN,RNA,K562,0.893130250424867,0.7760874522279492,0.886211457377373,0.900049043472362,0.01549366724615194,0.9846257421244468,Schofield2018_NatMethods_TimeLapseSeq_SuppTable2
CENPO,RNA,K562,1.34879634339889,0.5139005484054426,1.50779299923704,1.18979968756075,0.23686202857963484,0.7891001537762822,Schofield2018_NatMethods_TimeLapseSeq_SuppTable2
CENPP,RNA,K562,2.20847774527296,0.31385744413479466,2.04950437389968,2.36745111664624,0.14421590310693005,0.8657008203840054,Schofield2018_NatMethods_TimeLapseSeq_SuppTable2
CENPQ,RNA,K562,0.525457871619982,1.3191298827115836,0.589803533019855,0.46111221022011,0.2461480670674957,0.7818064565655751,Schofield2018_NatMethods_TimeLapseSeq_SuppTable2
CENPT,RNA,K562,3.26968529209947,0.21199201716287333,3.33403489570823,3.2053356884907,0.039366427006427146,0.9613983622717327,Schofield2018_NatMethods_TimeLapseSeq_SuppTable2
CENPU,RNA,K562,4.0083233368831,0.17292696279810135,3.2547015362681,4.76194513749809,0.3805556495737854,0.683481527462139,Schofield2018_NatMethods_TimeLapseSeq_SuppTable2
CEP104,RNA,K562,5.29095390192182,0.1310060895272921,5.34133495743655,5.24057284640708,0.019044799567452777,0.9811354068163833,Schofield2018_NatMethods_TimeLapseSeq_SuppTable2
CEP128,RNA,K562,1.44089627154372,0.4810527962691822,1.56994501311387,1.31184752997356,0.17960412339415574,0.8356009408072245,Schofield2018_NatMethods_TimeLapseSeq_SuppTable2
CEP152,RNA,K562,0.891989214338999,0.7770802263271716,0.901105686553946,0.8828727421240519,0.020441479588421466,0.9797660311082694,Schofield2018_NatMethods_TimeLapseSeq_SuppTable2
CEP170,RNA,K562,0.4584735958300489,1.5118584513139277,0.4835600408083919,0.4333871508517069,0.10954404538214844,0.8962426881410458,Schofield2018_NatMethods_TimeLapseSeq_SuppTable2
CEP170B,RNA,K562,1.02872424905579,0.6737929831012999,1.18035454033181,0.8770939577797598,0.29695600816727147,0.7430767009488518,Schofield2018_NatMethods_TimeLapseSeq_SuppTable2
CEP192,RNA,K562,1.67360856429936,0.4141632609594853,1.82019958400745,1.52701754459127,0.17562964086667174,0.8389286306885673,Schofield2018_NatMethods_TimeLapseSeq_SuppTable2
CEP250,RNA,K562,1.89678389660009,0.36543286865856683,2.12051097172404,1.67305682147613,0.2370046987892598,0.7889875807225294,Schofield2018_NatMethods_TimeLapseSeq_SuppTable2
CEP295,RNA,K562,0.872457466073388,0.7944767596288071,0.9392195370027608,0.805695395144015,0.1533435011878934,0.8578350038534672,Schofield2018_NatMethods_TimeLapseSeq_SuppTable2
CEP350,RNA,K562,0.9007660074803648,0.7695085902484555,0.8357394052425489,0.965792609718182,0.14463227315659116,0.865340443520703,Schofield2018_NatMethods_TimeLapseSeq_SuppTable2
CEP55,RNA,K562,1.37654121469506,0.5035426278271629,1.37282068578588,1.38026174360425,0.005405632507356636,0.994608951633377,Schofield2018_NatMethods_TimeLapseSeq_SuppTable2
CEP57,RNA,K562,1.51158024250448,0.4585579786432614,1.5638969876385,1.45926349737046,0.06924892068793696,0.9330943846716926,Schofield2018_NatMethods_TimeLapseSeq_SuppTable2
CEP57L1,RNA,K562,1.64766524337711,0.4206844705537683,1.59190024543961,1.70343024131461,0.06771558150960759,0.9345262323223007,Schofield2018_NatMethods_TimeLapseSeq_SuppTable2
CEP72,RNA,K562,0.639916700182911,1.0831834524115702,0.6670365502308488,0.6127968501349719,0.08481136406757075,0.9186855651656486,Schofield2018_NatMethods_TimeLapseSeq_SuppTable2
CEP83,RNA,K562,2.12874028394786,0.3256137847283407,2.39530420145155,1.86217636644418,0.25176434482693166,0.7774279213954137,Schofield2018_NatMethods_TimeLapseSeq_SuppTable2
CEP85,RNA,K562,0.481382685221708,1.4399088331162264,0.491415368386836,0.47135000205658,0.04168881209119251,0.9591682156866108,Schofield2018_NatMethods_TimeLapseSeq_SuppTable2
CEP85L,RNA,K562,0.4793958364594729,1.4458765134030163,0.483243235113182,0.475548437805764,0.016051375362585357,0.9840767614561314,Schofield2018_NatMethods_TimeLapseSeq_SuppTable2
CEP95,RNA,K562,1.17009691657365,0.5923844176853843,1.23926216311863,1.10093167002866,0.11835937869482077,0.8883767315691634,Schofield2018_NatMethods_TimeLapseSeq_SuppTable2
CEPT1,RNA,K562,1.95009983631515,0.3554418946415048,2.33182876955154,1.56837090307876,0.39661540006989615,0.6725926549831491,Schofield2018_NatMethods_TimeLapseSeq_SuppTable2
CERS2,RNA,K562,2.67023492611498,0.2595828456069331,2.7123806042520706,2.6280892479779,0.03156964056871878,0.9689234777221047,Schofield2018_NatMethods_TimeLapseSeq_SuppTable2
CERS6,RNA,K562,1.31691193050428,0.5263428514118792,1.31068269095022,1.32314117005833,0.009460444346265523,0.9905841648721726,Schofield2018_NatMethods_TimeLapseSeq_SuppTable2
CFAP20,RNA,K562,0.5927697287209989,1.1693363324330475,0.5848793003069959,0.6006601571350019,0.02662381058078622,0.9737274786074097,Schofield2018_NatMethods_TimeLapseSeq_SuppTable2
CFAP97,RNA,K562,2.35788461525752,0.2939699322327705,2.14817288197263,2.5675963485424,0.1783525298282484,0.8366474283203149,Schofield2018_NatMethods_TimeLapseSeq_SuppTable2
CFH,RNA,K562,5.54054873485074,0.12510442805059424,5.54772887223821,5.53336859746326,0.0025918520892380596,0.9974115038593879,Schofield2018_NatMethods_TimeLapseSeq_SuppTable2
CFL1,RNA,K562,6.71863049791791,0.10316792697183604,6.92345571269577,6.513805283140061,0.06099121107785757,0.940831508634551,Schofield2018_NatMethods_TimeLapseSeq_SuppTable2
CFLAR,RNA,K562,0.9751520046566828,0.7108093684368504,0.8382803611441019,1.11202364816926,0.2825841365564147,0.7538332143603012,Schofield2018_NatMethods_TimeLapseSeq_SuppTable2
CGGBP1,RNA,K562,1.28313296237965,0.5401990291594261,1.35746786673945,1.20879805801985,0.11599457619605594,0.8904800530735987,Schofield2018_NatMethods_TimeLapseSeq_SuppTable2
CH17-472G23.4,RNA,K562,0.466267398351538,1.4865872737629264,0.4140305980959619,0.518504198607114,0.2250082457011444,0.7985096344604243,Schofield2018_NatMethods_TimeLapseSeq_SuppTable2
CHAF1A,RNA,K562,0.880374622895988,0.7873320772012272,0.940469540230854,0.820279705561122,0.13673387499563416,0.8722023100926485,Schofield2018_NatMethods_TimeLapseSeq_SuppTable2
CHAF1B,RNA,K562,1.64135891020983,0.4223007998118668,1.71771616904618,1.56500165137347,0.09310872062992044,0.9110944401498473,Schofield2018_NatMethods_TimeLapseSeq_SuppTable2
CHAMP1,RNA,K562,0.356535299590718,1.9441193658962754,0.342951456976479,0.370119142204958,0.07623604746438593,0.9265974597622012,Schofield2018_NatMethods_TimeLapseSeq_SuppTable2
CHCHD10,RNA,K562,8.44180938747292,0.08210884050385327,8.76138475063379,8.12223402431205,0.07574872653175367,0.9270491201433079,Schofield2018_NatMethods_TimeLapseSeq_SuppTable2
CHCHD2,RNA,K562,12.168971570075,0.05696021036522754,12.9873886709259,11.3505544692241,0.1347121897231374,0.8739674122969705,Schofield2018_NatMethods_TimeLapseSeq_SuppTable2
CHCHD3,RNA,K562,3.93604340765602,0.17610252448225058,4.0792786188708,3.7928081964412295,0.07281347002692344,0.9297742446165961,Schofield2018_NatMethods_TimeLapseSeq_SuppTable2
CHCHD4,RNA,K562,1.10048786068974,0.6298544539378286,1.12041609330162,1.08055962807787,0.03622104711355929,0.9644270860959325,Schofield2018_NatMethods_TimeLapseSeq_SuppTable2
CHD1,RNA,K562,0.6196792354913359,1.118558023023569,0.614921039031267,0.624437431951406,0.015357267772898062,0.9847600537168317,Schofield2018_NatMethods_TimeLapseSeq_SuppTable2
CHD1L,RNA,K562,3.29109372011774,0.21061301789216372,4.009419045609,2.57276839462649,0.4436638389159812,0.6416810927867745,Schofield2018_NatMethods_TimeLapseSeq_SuppTable2
CHD2,RNA,K562,0.63011911767057,1.1000256318557322,0.5819628801563709,0.678275355184769,0.15314666818623643,0.8580038707109421,Schofield2018_NatMethods_TimeLapseSeq_SuppTable2
CHD3,RNA,K562,5.22504642902667,0.13265856867975542,4.13751651933636,6.31257633871698,0.4224481545063917,0.6554402350684766,Schofield2018_NatMethods_TimeLapseSeq_SuppTable2
CHD4,RNA,K562,4.25685731940133,0.16283072899831819,4.44776749254111,4.06594714626155,0.08975556705191011,0.9141546074699562,Schofield2018_NatMethods_TimeLapseSeq_SuppTable2
CHD6,RNA,K562,1.07659513167983,0.6438327279804952,1.12056386806672,1.03262639529294,0.0817265571384018,0.9215239083823965,Schofield2018_NatMethods_TimeLapseSeq_SuppTable2
CHD8,RNA,K562,0.8079825841390919,0.8578739123424249,0.8403497121052829,0.7756154561729,0.0801612779427618,0.9229674800861087,Schofield2018_NatMethods_TimeLapseSeq_SuppTable2
CHD9,RNA,K562,0.473568133676316,1.4636693883497482,0.5063163338511139,0.4408199335015169,0.13852516165800485,0.8706413442137605,Schofield2018_NatMethods_TimeLapseSeq_SuppTable2
CHEK1,RNA,K562,1.76757886458024,0.39214498116583446,1.6341428000681,1.90101492909238,0.15126953119738604,0.8596159741093168,Schofield2018_NatMethods_TimeLapseSeq_SuppTable2
CHID1,RNA,K562,2.47458575614776,0.2801063486435734,2.4965521539603106,2.45261935833522,0.017754062271880117,0.9824026125168668,Schofield2018_NatMethods_TimeLapseSeq_SuppTable2
CHMP4B,RNA,K562,3.20919968239456,0.21598755115255094,3.69309817610694,2.72530118868218,0.3038867699305871,0.7379444192179699,Schofield2018_NatMethods_TimeLapseSeq_SuppTable2
CHMP7,RNA,K562,0.7490305939456389,0.925392348673879,0.70462473662315,0.793436451268128,0.11870807752207904,0.8880670096476754,Schofield2018_NatMethods_TimeLapseSeq_SuppTable2
CHORDC1,RNA,K562,3.72398620370608,0.18613043729059225,4.06191091522476,3.3860614921874,0.18198608739547564,0.833612938062192,Schofield2018_NatMethods_TimeLapseSeq_SuppTable2
CHP1,RNA,K562,4.17198126478943,0.16614340682925624,4.13845068003115,4.20551184954771,0.01607452412904834,0.9840539815566631,Schofield2018_NatMethods_TimeLapseSeq_SuppTable2
CHPF2,RNA,K562,0.5406911277327608,1.2819651461019286,0.6105250807283709,0.470857174737151,0.25976456530068487,0.7712331394730045,Schofield2018_NatMethods_TimeLapseSeq_SuppTable2
CHRAC1,RNA,K562,4.99613813126283,0.1387365926139325,4.54566879951072,5.44660746301494,0.18081806358989952,0.834587186680512,Schofield2018_NatMethods_TimeLapseSeq_SuppTable2
CHST10,RNA,K562,0.4780133735195369,1.450058134266019,0.46307334917588,0.4929533978631949,0.06252917882876378,0.9393856522404836,Schofield2018_NatMethods_TimeLapseSeq_SuppTable2
CHST11,RNA,K562,0.6695949354470319,1.0351738698519122,0.723685328239789,0.615504542654275,0.1619143423772442,0.8505140544321372,Schofield2018_NatMethods_TimeLapseSeq_SuppTable2
CHST12,RNA,K562,0.713460559953074,0.9715283779744395,0.6994846598309639,0.727436460075185,0.03918279145499166,0.9615749254012753,Schofield2018_NatMethods_TimeLapseSeq_SuppTable2
CHST2,RNA,K562,0.9710410861666268,0.7138185916481438,0.96163296330163,0.980449209031624,0.01937800037184669,0.9808085461677524,Schofield2018_NatMethods_TimeLapseSeq_SuppTable2
CHST3,RNA,K562,0.395764088651167,1.7514150486020894,0.404410467534184,0.387117709768151,0.04370156453132481,0.9572395890950293,Schofield2018_NatMethods_TimeLapseSeq_SuppTable2
CHSY1,RNA,K562,0.610179199654246,1.1359731386332286,0.584623841501821,0.6357345578066709,0.0838124798461329,0.9196036841521005,Schofield2018_NatMethods_TimeLapseSeq_SuppTable2
CHTF8,RNA,K562,0.994776992515792,0.6967865016730789,0.934907911418565,1.05464607361302,0.12051248040067998,0.8864660238251734,Schofield2018_NatMethods_TimeLapseSeq_SuppTable2
CHTOP,RNA,K562,1.08761252148451,0.6373107764646283,1.11295414167027,1.06227090129875,0.046608892732431725,0.9544606210859173,Schofield2018_NatMethods_TimeLapseSeq_SuppTable2
CIAO1,RNA,K562,2.88707640984896,0.2400861917597144,3.00971911835768,2.76443370134024,0.08501095389024829,0.9185022231738073,Schofield2018_NatMethods_TimeLapseSeq_SuppTable2
CIAPIN1,RNA,K562,3.22552434730956,0.2148944189920953,3.5954639560946906,2.85558473852442,0.23039640455387908,0.7942187081819867,Schofield2018_NatMethods_TimeLapseSeq_SuppTable2
CIC,RNA,K562,0.486687203094537,1.4242149293276245,0.4734249918722109,0.499949414316862,0.054513433956839975,0.9469457875435368,Schofield2018_NatMethods_TimeLapseSeq_SuppTable2
CIR1,RNA,K562,1.09824046233802,0.6311433646182727,1.18191023068772,1.01457069398833,0.15266640770266987,0.8584160350299871,Schofield2018_NatMethods_TimeLapseSeq_SuppTable2
CIRBP,RNA,K562,1.85424100429706,0.3738172001124074,1.90050267089267,1.80797933770145,0.04990858116712129,0.9513163887595267,Schofield2018_NatMethods_TimeLapseSeq_SuppTable2
CISD1,RNA,K562,4.22549922201192,0.16403912156677944,4.42414391838016,4.02685452564368,0.09409123850055932,0.9101997131951479,Schofield2018_NatMethods_TimeLapseSeq_SuppTable2
CISD2,RNA,K562,2.3259833547896,0.29800178025033414,2.45321759821492,2.19874911136428,0.10951185540467069,0.8962715386373376,Schofield2018_NatMethods_TimeLapseSeq_SuppTable2
CISH,RNA,K562,0.2665920899681409,2.600029058036868,0.278131279936345,0.255052899999938,0.08662225758840338,0.9170234288581678,Schofield2018_NatMethods_TimeLapseSeq_SuppTable2
CIT,RNA,K562,2.11888936480325,0.32712759433020594,2.3856102861658,1.85216844344069,0.2530978925222096,0.7763918751446748,Schofield2018_NatMethods_TimeLapseSeq_SuppTable2
CITED2,RNA,K562,0.317838433845596,2.180816121491059,0.292378551624389,0.343298316066803,0.16055042298818795,0.8516748784969123,Schofield2018_NatMethods_TimeLapseSeq_SuppTable2
CIZ1,RNA,K562,6.13968851063125,0.1128961476400176,6.64667058740012,5.63270643386239,0.16552602260641666,0.8474478101171631,Schofield2018_NatMethods_TimeLapseSeq_SuppTable2
CKAP2,RNA,K562,1.01423177231325,0.6834208900585139,1.01902730023813,1.00943624438837,0.00945654394370175,0.9905880285567239,Schofield2018_NatMethods_TimeLapseSeq_SuppTable2
CKAP2L,RNA,K562,0.573419442195086,1.2087960915774567,0.512230432703436,0.6346084516867359,0.2142336095276368,0.8071598027759804,Schofield2018_NatMethods_TimeLapseSeq_SuppTable2
CKAP5,RNA,K562,3.40614479599184,0.20349903544194656,3.49756919819711,3.31472039378658,0.053694938092629145,0.9477211760371222,Schofield2018_NatMethods_TimeLapseSeq_SuppTable2
CKB,RNA,K562,7.51183436007201,0.09227402353867939,7.19266804286278,7.831000677281231,0.08502812246174678,0.9184864539380851,Schofield2018_NatMethods_TimeLapseSeq_SuppTable2
CKS2,RNA,K562,0.869924538143886,0.7967900089804092,0.76482034165831,0.975028734629463,0.24282598323834237,0.7844080020359218,Schofield2018_NatMethods_TimeLapseSeq_SuppTable2
CLASP1,RNA,K562,1.4116667707845,0.4910133148311944,1.54830413218235,1.27502940938665,0.19419097915833963,0.8235006177949571,Schofield2018_NatMethods_TimeLapseSeq_SuppTable2
CLASP2,RNA,K562,2.57931238487972,0.2687333200209747,2.37126473179886,2.78736003796057,0.16167147000858925,0.8507206458817733,Schofield2018_NatMethods_TimeLapseSeq_SuppTable2
CLASRP,RNA,K562,1.22201366412013,0.567217209521976,1.29728013990024,1.14674718834001,0.12334047004137964,0.8839626485210773,Schofield2018_NatMethods_TimeLapseSeq_SuppTable2
CLCN3,RNA,K562,2.51072231739284,0.27607480753973485,2.76727868370136,2.25416595108431,0.20508437459159246,0.8145785837764852,Schofield2018_NatMethods_TimeLapseSeq_SuppTable2
CLCN6,RNA,K562,0.5231720967820989,1.324893251806281,0.5767255480593309,0.4696186455048659,0.20544552726830662,0.8142844496574195,Schofield2018_NatMethods_TimeLapseSeq_SuppTable2
CLEC16A,RNA,K562,2.0155048879692,0.3439074669068913,2.13494731330922,1.89606246262919,0.1186626210543153,0.8881073789545876,Schofield2018_NatMethods_TimeLapseSeq_SuppTable2
CLIC1,RNA,K562,5.86467089236257,0.11819029461015713,6.48538251471274,5.2439592700124,0.21247400166251376,0.808581337818695,Schofield2018_NatMethods_TimeLapseSeq_SuppTable2
CLIC4,RNA,K562,2.11370649181339,0.32792972120044955,2.31386483172099,1.91354815190579,0.1899600239310899,0.8269921931794714,Schofield2018_NatMethods_TimeLapseSeq_SuppTable2
CLINT1,RNA,K562,2.39226272297696,0.2897454254929762,2.39221413371419,2.39231131223973,4.0622012214634264e-05,0.9999593788128481,Schofield2018_NatMethods_TimeLapseSeq_SuppTable2
CLIP1,RNA,K562,1.40553555010731,0.4931552108426036,1.26743612211197,1.54363497810264,0.19714395204923288,0.8210724297462086,Schofield2018_NatMethods_TimeLapseSeq_SuppTable2
CLK1,RNA,K562,0.3612257013174279,1.918875589505301,0.415735460616321,0.306715942018536,0.3041270970410097,0.7377670924771119,Schofield2018_NatMethods_TimeLapseSeq_SuppTable2
CLK2,RNA,K562,0.457334859953688,1.515622886543433,0.515405663222939,0.3992640566844369,0.25533129197199045,0.774659816866884,Schofield2018_NatMethods_TimeLapseSeq_SuppTable2
CLK3,RNA,K562,0.553586029194081,1.2521038176650512,0.623873869478346,0.483298188909816,0.255314384189271,0.774672914757477,Schofield2018_NatMethods_TimeLapseSeq_SuppTable2
CLK4,RNA,K562,0.3745343919197999,1.8506903384946576,0.3561327470840299,0.3929360367555699,0.09834329586068825,0.9063377083572667,Schofield2018_NatMethods_TimeLapseSeq_SuppTable2
CLNS1A,RNA,K562,6.95355012415199,0.09968248853954685,6.34670484851589,7.5603953997880895,0.1749877336583488,0.8394673178989795,Schofield2018_NatMethods_TimeLapseSeq_SuppTable2
CLOCK,RNA,K562,0.786454929445213,0.8813565210264629,0.951920529452374,0.6209893294380509,0.4271676549245659,0.6523541726695368,Schofield2018_NatMethods_TimeLapseSeq_SuppTable2
CLPB,RNA,K562,2.4258308755304494,0.2857359874308537,2.42801119862782,2.42365055243309,0.0017975891942588844,0.998204025501532,Schofield2018_NatMethods_TimeLapseSeq_SuppTable2
CLPTM1,RNA,K562,2.71027623002113,0.255747799018457,2.85499781717725,2.56555464286502,0.10689638826389475,0.8986187756183984,Schofield2018_NatMethods_TimeLapseSeq_SuppTable2
CLPTM1L,RNA,K562,4.50527491341342,0.15385236059541207,4.84774616183742,4.16280366498942,0.15232508284358126,0.8587090837717483,Schofield2018_NatMethods_TimeLapseSeq_SuppTable2
CLPX,RNA,K562,2.26683135519796,0.30577800989496784,2.18051834055327,2.35314436984265,0.07618984407830601,0.9266402726914188,Schofield2018_NatMethods_TimeLapseSeq_SuppTable2
CLSPN,RNA,K562,1.20400040865347,0.5757034429374881,1.19861957287696,1.20938124442998,0.008938321884803617,0.9911015061606215,Schofield2018_NatMethods_TimeLapseSeq_SuppTable2
CLSTN1,RNA,K562,3.18938115743582,0.21732967818660398,2.52316307468009,3.85559924019156,0.42401313706336347,0.6544152847573261,Schofield2018_NatMethods_TimeLapseSeq_SuppTable2
CLTA,RNA,K562,4.17178870356288,0.16615107566880577,4.53867921148524,3.8048981956405306,0.17634681160743096,0.8383271913141914,Schofield2018_NatMethods_TimeLapseSeq_SuppTable2
CLTB,RNA,K562,4.71685834639682,0.14695102749681604,5.2354548098069,4.19826188298674,0.220783116962041,0.8018905778964379,Schofield2018_NatMethods_TimeLapseSeq_SuppTable2
CLTC,RNA,K562,4.55798701645435,0.15207309236680172,4.65020454672619,4.4657694861825,0.04046967036406645,0.9603382907804486,Schofield2018_NatMethods_TimeLapseSeq_SuppTable2
CLTCL1,RNA,K562,1.24135868844167,0.5583778379398804,1.21037277594591,1.27234460093744,0.04993294945827249,0.9512932070872385,Schofield2018_NatMethods_TimeLapseSeq_SuppTable2
CLUH,RNA,K562,2.4272789713859506,0.28556551955137055,2.63512812622062,2.21942981655127,0.17168148205885614,0.842247401356701,Schofield2018_NatMethods_TimeLapseSeq_SuppTable2
CMBL,RNA,K562,5.20041549684181,0.13328688466929048,5.03063785579352,5.37019313789009,0.06531708759272488,0.9367703780147507,Schofield2018_NatMethods_TimeLapseSeq_SuppTable2
CMC2,RNA,K562,3.45339937234234,0.20071445721315567,3.8595678660950505,3.04723087858963,0.23632195585933988,0.7895264403454293,Schofield2018_NatMethods_TimeLapseSeq_SuppTable2
CMIP,RNA,K562,1.11552434570326,0.6213644580952328,1.15916785773361,1.07188083367291,0.07828748981579761,0.9246985469116074,Schofield2018_NatMethods_TimeLapseSeq_SuppTable2
CMPK1,RNA,K562,4.91968078324916,0.1408927146086422,4.74722995801609,5.09213160848224,0.07013524528361467,0.9322677265662914,Schofield2018_NatMethods_TimeLapseSeq_SuppTable2
CMSS1,RNA,K562,4.09016773528297,0.16946668826822364,3.7592381443003706,4.42109732626557,0.16217161346357747,0.8502952699020854,Schofield2018_NatMethods_TimeLapseSeq_SuppTable2
CMTM6,RNA,K562,0.740672840577897,0.9358344772290144,0.818106004838061,0.663239676317732,0.20985549087206512,0.8107013912567678,Schofield2018_NatMethods_TimeLapseSeq_SuppTable2
CMTR1,RNA,K562,2.578342660692,0.26883439161415107,2.71051190151761,2.4461734198664,0.10261257647764704,0.9024765464032061,Schofield2018_NatMethods_TimeLapseSeq_SuppTable2
CMTR2,RNA,K562,0.267827107408979,2.5880396770349736,0.302016879200394,0.233637335617565,0.2567128418919729,0.7735903246074606,Schofield2018_NatMethods_TimeLapseSeq_SuppTable2
CNBP,RNA,K562,3.32866127496174,0.20823602142212935,3.21852200618474,3.43880054373873,0.06620048154573348,0.9359432061405635,Schofield2018_NatMethods_TimeLapseSeq_SuppTable2
CNDP2,RNA,K562,4.8993519687796,0.1414773188325566,4.13358865719077,5.66511528036842,0.3151812899164484,0.7296565828969238,Schofield2018_NatMethods_TimeLapseSeq_SuppTable2
CNKSR3,RNA,K562,0.6474605270547829,1.0705628398892288,0.642210392905164,0.652710661204402,0.016217974703015177,0.9839128285726748,Schofield2018_NatMethods_TimeLapseSeq_SuppTable2
CNN2,RNA,K562,4.51879432059835,0.1533920624358409,4.77126843141532,4.26632020978138,0.11186050995788258,0.8941689764698157,Schofield2018_NatMethods_TimeLapseSeq_SuppTable2
CNOT1,RNA,K562,3.81359278489857,0.181756999149132,3.8824845069499494,3.7447010628472,0.03613349477138955,0.9645115276426458,Schofield2018_NatMethods_TimeLapseSeq_SuppTable2
CNOT10,RNA,K562,2.3312879995744,0.2973237029000648,2.37137830205594,2.29119769709285,0.0343966554802175,0.9661881847811568,Schofield2018_NatMethods_TimeLapseSeq_SuppTable2
CNOT2,RNA,K562,1.24556805565078,0.5564908135009871,1.16671845659178,1.32441765470978,0.12677778674138293,0.8809294050428854,Schofield2018_NatMethods_TimeLapseSeq_SuppTable2
CNOT3,RNA,K562,0.8621905535534489,0.803937340421088,0.874399905734169,0.849981201372729,0.02832359584830487,0.9720737568687894,Schofield2018_NatMethods_TimeLapseSeq_SuppTable2
CNOT4,RNA,K562,0.336466281238948,2.060079179428067,0.327271081164522,0.3456614813133739,0.05467109656872918,0.9467965013660887,Schofield2018_NatMethods_TimeLapseSeq_SuppTable2
CNOT6,RNA,K562,1.54615392140184,0.44830412481280946,1.44354709174272,1.64876075106097,0.1329206028675283,0.8755346042861609,Schofield2018_NatMethods_TimeLapseSeq_SuppTable2
CNOT6L,RNA,K562,0.822862428317178,0.8423609545249122,0.749381116421586,0.8963437402127699,0.17907629025582747,0.8360421150971629,Schofield2018_NatMethods_TimeLapseSeq_SuppTable2
CNOT7,RNA,K562,3.41309341511069,0.2030847375847361,3.19277194433539,3.63341488588599,0.12928345842431804,0.878724848279155,Schofield2018_NatMethods_TimeLapseSeq_SuppTable2
CNOT8,RNA,K562,0.596876251045782,1.1612912715918715,0.5356481986015639,0.658104303489999,0.2058858350163042,0.8139259928266126,Schofield2018_NatMethods_TimeLapseSeq_SuppTable2
CNOT9,RNA,K562,1.04805485902294,0.6613653613572661,1.16197290872847,0.9341368093174028,0.21825171850540728,0.8039230538856669,Schofield2018_NatMethods_TimeLapseSeq_SuppTable2
CNP,RNA,K562,2.86072489866333,0.2422977409969821,2.78056344928165,2.94088634804502,0.05605742807830099,0.9454848369540204,Schofield2018_NatMethods_TimeLapseSeq_SuppTable2
CNST,RNA,K562,0.5591138337196369,1.2397246119786018,0.546098259357925,0.572129408081348,0.04656628194866328,0.9545012922675672,Schofield2018_NatMethods_TimeLapseSeq_SuppTable2
CNTRL,RNA,K562,1.32053290504905,0.5248995900895018,1.29756358926207,1.34350222083602,0.03479145817257843,0.9658068063740426,Schofield2018_NatMethods_TimeLapseSeq_SuppTable2
COA1,RNA,K562,2.56637381196866,0.27008815992719065,2.59144618898124,2.54130143495609,0.019539768224987365,0.9806498957075149,Schofield2018_NatMethods_TimeLapseSeq_SuppTable2
COA4,RNA,K562,3.70492430903937,0.18708808135939156,4.52617827488416,2.88367034319457,0.4508140280170031,0.6371093156440845,Schofield2018_NatMethods_TimeLapseSeq_SuppTable2
COA6,RNA,K562,2.54384768206534,0.27247982866536324,2.2668830583837,2.82081230574699,0.21861910926317216,0.8036277542342181,Schofield2018_NatMethods_TimeLapseSeq_SuppTable2
COA7,RNA,K562,0.513035370705862,1.3510709400138934,0.529918483200661,0.496152258211063,0.06584033761682508,0.9362803411089702,Schofield2018_NatMethods_TimeLapseSeq_SuppTable2
COASY,RNA,K562,2.38660269434761,0.29043258109176845,2.50931358514319,2.26389180355204,0.10292387444043738,0.902195651016194,Schofield2018_NatMethods_TimeLapseSeq_SuppTable2
COBL,RNA,K562,1.37997519105586,0.5022895955322195,1.01634422447586,1.74360615763586,0.5397433775470861,0.582897817850054,Schofield2018_NatMethods_TimeLapseSeq_SuppTable2
COG1,RNA,K562,1.10884356486637,0.6251081780354459,0.973013912133835,1.24467321759891,0.24622991835321903,0.7817424673207551,Schofield2018_NatMethods_TimeLapseSeq_SuppTable2
COG2,RNA,K562,1.55887269807795,0.4446464303432718,1.62782587507172,1.48991952108418,0.08852319971251008,0.9152818762132873,Schofield2018_NatMethods_TimeLapseSeq_SuppTable2
COG8,RNA,K562,0.968300874750193,0.715838639243992,0.9370783286779248,0.999523420822461,0.0645117122862279,0.9375251336350348,Schofield2018_NatMethods_TimeLapseSeq_SuppTable2
COIL,RNA,K562,0.761789516301412,0.9098933048137309,0.7232645582267399,0.800314474376084,0.10122967084382711,0.9037254496622575,Schofield2018_NatMethods_TimeLapseSeq_SuppTable2
COL18A1,RNA,K562,3.49160341717728,0.19851830169197934,3.0721215188759,3.91108531547865,0.24144653834305307,0.7854907963059673,Schofield2018_NatMethods_TimeLapseSeq_SuppTable2
COL4A3BP,RNA,K562,1.14907039725917,0.6032242952331559,1.21194337241544,1.0861974221029,0.10954217082746022,0.8962443681985534,Schofield2018_NatMethods_TimeLapseSeq_SuppTable2
COL6A5,RNA,K562,1.21115182918808,0.5723041189844963,1.38058001787278,1.04172364050339,0.2816270257651939,0.7545550616533583,Schofield2018_NatMethods_TimeLapseSeq_SuppTable2
COLGALT1,RNA,K562,4.43936882542293,0.1561364256536875,4.86062232617343,4.01811532467244,0.19035351237766937,0.8266668453205536,Schofield2018_NatMethods_TimeLapseSeq_SuppTable2
COMMD2,RNA,K562,3.30913508255308,0.20946475839395623,4.0492998575328,2.56897030757336,0.4550388314003511,0.6344233319235116,Schofield2018_NatMethods_TimeLapseSeq_SuppTable2
COMT,RNA,K562,3.24359377940586,0.21369728384634878,3.0453648631855,3.44182269562622,0.1223804667524716,0.8848116630340871,Schofield2018_NatMethods_TimeLapseSeq_SuppTable2
COPA,RNA,K562,6.75176260191952,0.10266166354292199,7.94947855565744,5.55404664818159,0.35857954815800064,0.6986680458718789,Schofield2018_NatMethods_TimeLapseSeq_SuppTable2
COPB1,RNA,K562,3.5955172172069,0.19278093767505353,3.91295272186169,3.2780817125521,0.177033853256004,0.8377514234295338,Schofield2018_NatMethods_TimeLapseSeq_SuppTable2
COPB2,RNA,K562,6.32467661188528,0.10959409043260628,6.60958759832334,6.03976562544721,0.09015605388593323,0.9137885738861109,Schofield2018_NatMethods_TimeLapseSeq_SuppTable2
COPG1,RNA,K562,4.27570008178956,0.16211314341529637,4.66866813344829,3.88273203013082,0.1843347974129308,0.8316573204921772,Schofield2018_NatMethods_TimeLapseSeq_SuppTable2
COPG2,RNA,K562,5.12832680198806,0.13516049333892646,5.4962345993747,4.76041900460141,0.14372754893877654,0.8661236922352252,Schofield2018_NatMethods_TimeLapseSeq_SuppTable2
COPS2,RNA,K562,2.26296984968004,0.3062997859463081,2.39498193942952,2.13095775993056,0.11680415867895794,0.8897594277634302,Schofield2018_NatMethods_TimeLapseSeq_SuppTable2
COPS3,RNA,K562,3.20189754680042,0.2164801248099243,3.24936296453718,3.15443212906367,0.02965047721252946,0.9707847856612006,Schofield2018_NatMethods_TimeLapseSeq_SuppTable2
COPS4,RNA,K562,3.77203293691252,0.1837595779657479,4.49848584901177,3.04558002481328,0.3900494947961079,0.6770233645354992,Schofield2018_NatMethods_TimeLapseSeq_SuppTable2
COQ4,RNA,K562,2.17537056546168,0.31863407162210927,2.06179220769398,2.28894892322938,0.10451711840816995,0.9007593777082127,Schofield2018_NatMethods_TimeLapseSeq_SuppTable2
COQ9,RNA,K562,2.28140264255012,0.3038250099443889,2.71596653828294,1.8468387468173,0.38567249745392557,0.6799931887175933,Schofield2018_NatMethods_TimeLapseSeq_SuppTable2
CORO1C,RNA,K562,5.2216051640064,0.13274599644912863,5.3202806579534,5.12292967005939,0.037799580626225925,0.9629059065523197,Schofield2018_NatMethods_TimeLapseSeq_SuppTable2
COX10,RNA,K562,0.719958765934389,0.962759554236906,0.6522419780734,0.787675553795379,0.18867064622143156,0.828059186210111,Schofield2018_NatMethods_TimeLapseSeq_SuppTable2
COX20,RNA,K562,3.21293486147577,0.21573645605798802,3.51019617709745,2.9156735458541,0.18557107167258394,0.8306297992339119,Schofield2018_NatMethods_TimeLapseSeq_SuppTable2
COX4I1,RNA,K562,12.0091191018107,0.057718403380264134,13.7534810388564,10.264757164765,0.2925755649655591,0.7463388458358258,Schofield2018_NatMethods_TimeLapseSeq_SuppTable2
COX6B1,RNA,K562,9.04467231019602,0.07663596388987619,9.5181009680852,8.57124365230684,0.10478251172601986,0.900520353907441,Schofield2018_NatMethods_TimeLapseSeq_SuppTable2
COX7C,RNA,K562,12.2450740770682,0.056606205580906,10.6632214372956,13.8269267168407,0.2598173306826542,0.771192446135422,Schofield2018_NatMethods_TimeLapseSeq_SuppTable2
CPD,RNA,K562,3.33305867054339,0.20796128993641183,2.98732323045625,3.67879411063053,0.20820726536568007,0.8120387117680351,Schofield2018_NatMethods_TimeLapseSeq_SuppTable2
CPEB4,RNA,K562,0.42893472370091,1.6159735788685339,0.443480998782319,0.414388448619501,0.0678511414451744,0.9343995565927324,Schofield2018_NatMethods_TimeLapseSeq_SuppTable2
CPED1,RNA,K562,1.75000899150569,0.3960820681061578,1.69463812065664,1.80537986235475,0.06330179980060402,0.9386601434926444,Schofield2018_NatMethods_TimeLapseSeq_SuppTable2
CPNE7,RNA,K562,1.67541377302165,0.4137170123114347,1.92723274667382,1.42359479936949,0.30289994252115293,0.7386730024313095,Schofield2018_NatMethods_TimeLapseSeq_SuppTable2
CPPED1,RNA,K562,1.41437504499813,0.490073112510877,1.59618911249815,1.23256097749811,0.25852488319386785,0.7721898162612224,Schofield2018_NatMethods_TimeLapseSeq_SuppTable2
CPSF1,RNA,K562,3.33879482726307,0.2076040057628048,3.70078909628705,2.9768005582391,0.21769698059810225,0.8043691441983772,Schofield2018_NatMethods_TimeLapseSeq_SuppTable2
CPSF2,RNA,K562,5.55442954513347,0.12479178553398851,4.19396867283874,6.91489041742821,0.5000296549760187,0.6065126733271593,Schofield2018_NatMethods_TimeLapseSeq_SuppTable2
CPSF3,RNA,K562,4.6001003132646,0.1506808837540398,4.46526810787359,4.73493251865562,0.05863821585062953,0.9430478872255195,Schofield2018_NatMethods_TimeLapseSeq_SuppTable2
CPSF4,RNA,K562,0.92364569458065,0.750447043305545,0.8765416368345549,0.9707497523267448,0.10208450672355596,0.9029532428245417,Schofield2018_NatMethods_TimeLapseSeq_SuppTable2
CPSF6,RNA,K562,2.83842811400649,0.24420106929590552,3.02906150649675,2.64779472151623,0.1345257247306389,0.8741303918184637,Schofield2018_NatMethods_TimeLapseSeq_SuppTable2
CPSF7,RNA,K562,0.72224045726535,0.9597180185452892,0.707978964693529,0.7365019498371719,0.03949750096844136,0.9612723562375513,Schofield2018_NatMethods_TimeLapseSeq_SuppTable2
CPT2,RNA,K562,1.19954379388972,0.5778423298013159,1.47519245000537,0.9238951377740668,0.46794515689874966,0.6262878702847915,Schofield2018_NatMethods_TimeLapseSeq_SuppTable2
CPTP,RNA,K562,0.5476806913385819,1.2656045603247943,0.507963718096744,0.5873976645804199,0.14529201893913563,0.8647697270972029,Schofield2018_NatMethods_TimeLapseSeq_SuppTable2
CR1L,RNA,K562,1.26590140807428,0.5475522628688577,1.39716855326306,1.13463426288549,0.2081373630671381,0.812095477124484,Schofield2018_NatMethods_TimeLapseSeq_SuppTable2
CRACR2A,RNA,K562,1.41801676647832,0.48881451682788885,1.32444685325706,1.51158667969957,0.13216497736694507,0.8761964305747226,Schofield2018_NatMethods_TimeLapseSeq_SuppTable2
CRCP,RNA,K562,0.691766014930924,1.0019965791889316,0.7249837927482519,0.658548237113597,0.09611152825445105,0.9083627023125406,Schofield2018_NatMethods_TimeLapseSeq_SuppTable2
CREB1,RNA,K562,0.621237569035699,1.1157521938601784,0.4934006690723389,0.74907446899906,0.41751684300095654,0.6586803976000389,Schofield2018_NatMethods_TimeLapseSeq_SuppTable2
CREB3L1,RNA,K562,1.0211328888559,0.6788021305792656,1.15692514113657,0.8853406365752239,0.26754855322989823,0.7652531742075033,Schofield2018_NatMethods_TimeLapseSeq_SuppTable2
CREB3L2,RNA,K562,0.571471152468744,1.212917183248119,0.6054519220429329,0.5374903828945539,0.11906429021200723,0.8877507252449356,Schofield2018_NatMethods_TimeLapseSeq_SuppTable2
CREBBP,RNA,K562,0.5988989482187929,1.157369173249443,0.612128674187422,0.585669222250163,0.04418734929715427,0.956774689615083,Schofield2018_NatMethods_TimeLapseSeq_SuppTable2
CREBZF,RNA,K562,0.4361742277514629,1.58915207836376,0.47851456223386,0.3938338932690669,0.19475741380460146,0.8230342905982287,Schofield2018_NatMethods_TimeLapseSeq_SuppTable2
CREG1,RNA,K562,5.06294220062982,0.13690600308921544,5.31727315157906,4.80861124968059,0.10055228550482595,0.9043378274167816,Schofield2018_NatMethods_TimeLapseSeq_SuppTable2
CRK,RNA,K562,0.537300584590731,1.2900547671801337,0.594047257903276,0.4805539112781869,0.21201945455147764,0.8089489596742347,Schofield2018_NatMethods_TimeLapseSeq_SuppTable2
CRKL,RNA,K562,0.401964309924014,1.7243998122394886,0.413610110422966,0.390318509425061,0.05796067117856344,0.9436870608068877,Schofield2018_NatMethods_TimeLapseSeq_SuppTable2
CRLF3,RNA,K562,0.981324105514189,0.7063386873562569,0.994447731642619,0.968200479385759,0.02674836685323474,0.9736062022953131,Schofield2018_NatMethods_TimeLapseSeq_SuppTable2
CRLS1,RNA,K562,3.62169791134931,0.1913873540882112,2.80612123697806,4.43727458572056,0.45823716884456117,0.6323974734419956,Schofield2018_NatMethods_TimeLapseSeq_SuppTable2
CRNKL1,RNA,K562,1.47415728009045,0.47019893326268125,1.24426795649781,1.70404660368309,0.3144584073764846,0.7301842295911837,Schofield2018_NatMethods_TimeLapseSeq_SuppTable2
CROCCP2,RNA,K562,0.803971854946634,0.8621535396981713,0.905316010130026,0.702627699763243,0.2534569015035285,0.7761131935160719,Schofield2018_NatMethods_TimeLapseSeq_SuppTable2
CRTAP,RNA,K562,6.07166197393852,0.11416102930880387,5.73528576204242,6.40803818583462,0.11091559176423335,0.8950142923181446,Schofield2018_NatMethods_TimeLapseSeq_SuppTable2
CRTC2,RNA,K562,0.5037701613920559,1.3759194840849416,0.5835289787433189,0.4240113440407939,0.3193339044622384,0.7266328828328966,Schofield2018_NatMethods_TimeLapseSeq_SuppTable2
CRTC3,RNA,K562,0.7332836861131609,0.9452646958969415,0.647728478092054,0.818838894134269,0.23441576079346402,0.7910328670658416,Schofield2018_NatMethods_TimeLapseSeq_SuppTable2
CRY1,RNA,K562,2.16026974554938,0.3208614026039931,1.9657515836739,2.35478790742485,0.1805760053486358,0.8347892298392204,Schofield2018_NatMethods_TimeLapseSeq_SuppTable2
CRY2,RNA,K562,0.3928772857246999,1.7642841817168655,0.406764995678955,0.378989575770445,0.07072691234452896,0.9317162976077908,Schofield2018_NatMethods_TimeLapseSeq_SuppTable2
CS,RNA,K562,5.84256377301661,0.11863750358381835,6.08571866023895,5.59940888579427,0.08328378697686027,0.9200900006071617,Schofield2018_NatMethods_TimeLapseSeq_SuppTable2
CSDE1,RNA,K562,7.648198901223869,0.09062881202645338,7.48300352063265,7.81339428181508,0.04320522500165213,0.957714822871363,Schofield2018_NatMethods_TimeLapseSeq_SuppTable2
CSE1L,RNA,K562,7.04976416617096,0.09832203804576689,7.60964875027504,6.48987958206689,0.1591730383085075,0.8528487706915937,Schofield2018_NatMethods_TimeLapseSeq_SuppTable2
CSK,RNA,K562,2.04563955151686,0.33884130762233766,2.11001740437672,1.981261698657,0.06296233266278664,0.9389788418556891,Schofield2018_NatMethods_TimeLapseSeq_SuppTable2
CSMD1,RNA,K562,1.31681177593621,0.5263828841955339,1.55631863031412,1.0773049215583,0.36786070073170174,0.692213599821048,Schofield2018_NatMethods_TimeLapseSeq_SuppTable2
CSNK1A1,RNA,K562,1.57783265054836,0.4393033572470749,1.56445620596602,1.5912090951307,0.016955873051925436,0.983187068722428,Schofield2018_NatMethods_TimeLapseSeq_SuppTable2
CSNK1D,RNA,K562,0.9011895002585268,0.7691469778122139,0.892507899998283,0.90987110051877,0.01926757654301788,0.9809168567826946,Schofield2018_NatMethods_TimeLapseSeq_SuppTable2
CSNK1G2,RNA,K562,3.74480005102077,0.18509591196224348,4.23538171266852,3.25421838937302,0.2635213362308616,0.7683412287585021,Schofield2018_NatMethods_TimeLapseSeq_SuppTable2
CSNK2A1,RNA,K562,1.89748090346362,0.36529863320083467,2.32459957812489,1.47036222880235,0.458039015157648,0.6325227977492794,Schofield2018_NatMethods_TimeLapseSeq_SuppTable2
CSNK2A2,RNA,K562,2.25164474742666,0.30784038261458574,2.4155619954204,2.08772749943293,0.14585581678162576,0.8642823092063036,Schofield2018_NatMethods_TimeLapseSeq_SuppTable2
CSPP1,RNA,K562,1.01511836260339,0.682823999737615,0.9843242749487708,1.04591245025802,0.060689551084243426,0.9411153626729889,Schofield2018_NatMethods_TimeLapseSeq_SuppTable2
CSRNP1,RNA,K562,0.2773541345617079,2.4991413293885065,0.283042327320958,0.271665941802459,0.04102329660704899,0.9598067694461873,Schofield2018_NatMethods_TimeLapseSeq_SuppTable2
CSTF1,RNA,K562,0.3993437753115169,1.7357154998077549,0.4339512562513819,0.364736294371652,0.17375760371438012,0.8405006071934616,Schofield2018_NatMethods_TimeLapseSeq_SuppTable2
CSTF2,RNA,K562,2.47393273466644,0.28018028576407605,2.77767478001645,2.17019068931643,0.24679912869786183,0.7812976180399267,Schofield2018_NatMethods_TimeLapseSeq_SuppTable2
CSTF2T,RNA,K562,0.390992833150046,1.7727874318707668,0.418773994932546,0.363211671367546,0.14234560179570638,0.8673214568303131,Schofield2018_NatMethods_TimeLapseSeq_SuppTable2
CSTF3,RNA,K562,3.42297517326874,0.20249845396863644,3.21436754195425,3.63158280458324,0.12203797023396933,0.8851147598500457,Schofield2018_NatMethods_TimeLapseSeq_SuppTable2
CTB-50L17.10,RNA,K562,3.15773015951494,0.21950804709241523,3.69182604740638,2.6236342716235,0.34156071626795925,0.7106603176676439,Schofield2018_NatMethods_TimeLapseSeq_SuppTable2
CTB-63M22.1,RNA,K562,11.1209529661112,0.062328038134157,12.4318987318091,9.810007200413262,0.23686264025978038,0.7890996710995329,Schofield2018_NatMethods_TimeLapseSeq_SuppTable2
CTBP1,RNA,K562,2.14151618851267,0.3236712308214449,2.18663170965898,2.09640066736636,0.04214042143860868,0.9587351441515993,Schofield2018_NatMethods_TimeLapseSeq_SuppTable2
CTBP2,RNA,K562,1.02475413891203,0.6764033969122114,0.970659797576788,1.07884848024728,0.10567348535481377,0.8997183713456274,Schofield2018_NatMethods_TimeLapseSeq_SuppTable2
CTCF,RNA,K562,0.4830672152548429,1.4348876484906439,0.4830328590927849,0.4831015714169,0.00014224174620232731,0.9998577683696752,Schofield2018_NatMethods_TimeLapseSeq_SuppTable2
CTCFL,RNA,K562,4.4408066233276,0.15608587343543323,4.86998225731138,4.01163098934381,0.1938924046895875,0.8237465307642725,Schofield2018_NatMethods_TimeLapseSeq_SuppTable2
CTD-2384A14.1,RNA,K562,0.996081513428365,0.6958739533015078,1.07488781570598,0.9172752111507468,0.15856402919294663,0.8533683215566881,Schofield2018_NatMethods_TimeLapseSeq_SuppTable2
CTD-2619J13.14,RNA,K562,0.9645236125387328,0.7186420026934388,1.18254685405041,0.746500371027059,0.46002962845542994,0.6312649418246534,Schofield2018_NatMethods_TimeLapseSeq_SuppTable2
CTD-3006G17.2,RNA,K562,0.925466052522068,0.7489709413662334,1.01888564945778,0.832046455586358,0.20257653322928176,0.8166239813360291,Schofield2018_NatMethods_TimeLapseSeq_SuppTable2
CTDP1,RNA,K562,0.693481854362467,0.9995174007792469,0.53948010470801,0.847483604016925,0.4516655860354872,0.6365670110323882,Schofield2018_NatMethods_TimeLapseSeq_SuppTable2
CTDSP1,RNA,K562,1.01101396727404,0.6855960481227107,1.08626779045765,0.935760144090434,0.14914386698744383,0.8614451724617495,Schofield2018_NatMethods_TimeLapseSeq_SuppTable2
CTDSP2,RNA,K562,2.15347689105009,0.32187351693472277,2.22417408600387,2.08277969609631,0.06568225551606269,0.9364283619716114,Schofield2018_NatMethods_TimeLapseSeq_SuppTable2
CTDSPL,RNA,K562,2.35424038215729,0.29442498132870576,2.63961885663997,2.06886190767462,0.24363588122623778,0.78377296876418,Schofield2018_NatMethods_TimeLapseSeq_SuppTable2
CTDSPL2,RNA,K562,0.9933331649516028,0.6977992933455683,0.984900708841817,1.00176562106139,0.016978510282133822,0.9831648123423278,Schofield2018_NatMethods_TimeLapseSeq_SuppTable2
CTIF,RNA,K562,0.767765982138324,0.9028104874214978,0.895716994203962,0.639814970072685,0.33644548310710726,0.7143048241942743,Schofield2018_NatMethods_TimeLapseSeq_SuppTable2
CTNNA1,RNA,K562,6.90829404177152,0.1003355063303297,7.296612146053099,6.51997593748994,0.11253946548695427,0.8935620815499618,Schofield2018_NatMethods_TimeLapseSeq_SuppTable2
CTNNAL1,RNA,K562,4.59099293953525,0.1509797966777342,4.58911489184871,4.59287098722179,0.000818144491194873,0.9991821900977558,Schofield2018_NatMethods_TimeLapseSeq_SuppTable2
CTNNB1,RNA,K562,2.7741444817344494,0.24985979826349064,3.0936181445621,2.45467081890681,0.2313486602159362,0.7934627689010622,Schofield2018_NatMethods_TimeLapseSeq_SuppTable2
CTNNBL1,RNA,K562,2.1783913813522,0.3181922158219731,2.08843780854761,2.26834495415679,0.08263414402498484,0.9206879247887336,Schofield2018_NatMethods_TimeLapseSeq_SuppTable2
CTNND1,RNA,K562,1.46481959920041,0.47319627682365,1.59359360610002,1.33604559230079,0.17627739509789317,0.8383853870815132,Schofield2018_NatMethods_TimeLapseSeq_SuppTable2
CTPS1,RNA,K562,2.41010419776862,0.2876005034146205,2.46660778898921,2.3536006065480306,0.04689751335268198,0.9541851838198043,Schofield2018_NatMethods_TimeLapseSeq_SuppTable2
CTR9,RNA,K562,3.03248984902062,0.22857361939193488,3.05908811877585,3.0058915792654,0.017542648581634495,0.9826103278346432,Schofield2018_NatMethods_TimeLapseSeq_SuppTable2
CTSB,RNA,K562,4.86423175949193,0.142498798336933,4.95385927009251,4.77460424889135,0.03685583265010564,0.9638150759987552,Schofield2018_NatMethods_TimeLapseSeq_SuppTable2
CTSC,RNA,K562,3.42879214527757,0.20215491379802877,3.51851194141842,3.33907234913673,0.05234512768103274,0.9490012837047946,Schofield2018_NatMethods_TimeLapseSeq_SuppTable2
CTSH,RNA,K562,5.22891864333279,0.13256032993432645,5.35068913793095,5.10714814873463,0.046584207240689575,0.9544841827065113,Schofield2018_NatMethods_TimeLapseSeq_SuppTable2
CTSZ,RNA,K562,2.89862516663147,0.23912963584921215,2.61340676766577,3.18384356559717,0.19743449019570686,0.8208339115353466,Schofield2018_NatMethods_TimeLapseSeq_SuppTable2
CTTN,RNA,K562,4.67713351892149,0.14819914329060666,5.55882884405195,3.79543819379102,0.3815875762493733,0.6827765884269327,Schofield2018_NatMethods_TimeLapseSeq_SuppTable2
CUL1,RNA,K562,2.21032166074608,0.313595615004731,2.37929920909886,2.04134411239331,0.1531975248509475,0.8579602366053205,Schofield2018_NatMethods_TimeLapseSeq_SuppTable2
CUL2,RNA,K562,2.83705408009337,0.24431934005894354,2.65896754429733,3.0151406158894094,0.12570856165519173,0.8818718205993139,Schofield2018_NatMethods_TimeLapseSeq_SuppTable2
CUL3,RNA,K562,2.0597221780103694,0.3365245992687737,2.13464533615413,1.9847990198666,0.07278285440835042,0.9298027106659789,Schofield2018_NatMethods_TimeLapseSeq_SuppTable2
CUL4A,RNA,K562,3.94435874685954,0.17573127219014303,4.23847628076083,3.65024121295824,0.14941058575789942,0.8612154395029435,Schofield2018_NatMethods_TimeLapseSeq_SuppTable2
CUL4B,RNA,K562,5.86293749045729,0.11822523806336574,5.28004834175767,6.44582663915692,0.1994976353906638,0.8191421577618279,Schofield2018_NatMethods_TimeLapseSeq_SuppTable2
CUL5,RNA,K562,1.4629976722525,0.4737855662427291,1.49828969399985,1.42770565050516,0.04825553800789144,0.9528902562853129,Schofield2018_NatMethods_TimeLapseSeq_SuppTable2
CUL7,RNA,K562,1.32681295389428,0.5224151441433508,1.50495412283587,1.14867178495269,0.27015610929328104,0.7632603330048247,Schofield2018_NatMethods_TimeLapseSeq_SuppTable2
CUX1,RNA,K562,0.940501198989781,0.7369976575303405,0.965439932416188,0.9155624655633748,0.053045293090119496,0.9483370583936943,Schofield2018_NatMethods_TimeLapseSeq_SuppTable2
CWC15,RNA,K562,1.79028589191605,0.3871712242663689,1.97661290137147,1.60395888246062,0.20890984925130726,0.811468386828658,Schofield2018_NatMethods_TimeLapseSeq_SuppTable2
CWC22,RNA,K562,0.5416464963623259,1.279703986299351,0.538704748590432,0.54458824413422,0.010862349212940398,0.9891964330718496,Schofield2018_NatMethods_TimeLapseSeq_SuppTable2
CWC25,RNA,K562,0.356463426052266,1.94451135769063,0.366874744117107,0.3460521079874249,0.058431128277730504,0.9432432009464368,Schofield2018_NatMethods_TimeLapseSeq_SuppTable2
CWC27,RNA,K562,5.01578043365412,0.1381932861153913,5.10397739760083,4.92758346970741,0.03517141819649768,0.965439908104543,Schofield2018_NatMethods_TimeLapseSeq_SuppTable2
CWF19L2,RNA,K562,1.39467917613445,0.49699399863494087,1.3800622061237,1.40929614614521,0.020961817569232738,0.97925635424359,Schofield2018_NatMethods_TimeLapseSeq_SuppTable2
CXXC1,RNA,K562,2.61813541712581,0.2647484068340829,2.91326710717622,2.32300372707541,0.226414110440093,0.7973878266614068,Schofield2018_NatMethods_TimeLapseSeq_SuppTable2
CXXC5,RNA,K562,0.525032738733833,1.3201980170446825,0.588810828303551,0.461254649164115,0.24415468291422257,0.7833664514850317,Schofield2018_NatMethods_TimeLapseSeq_SuppTable2
CYB5B,RNA,K562,4.18487173813704,0.16563164271995356,3.7643647791355,4.60537869713858,0.2016457727475439,0.8173844165028992,Schofield2018_NatMethods_TimeLapseSeq_SuppTable2
CYB5R3,RNA,K562,7.05031386799975,0.09831437203186509,7.49647240476021,6.6041553312393,0.12673351730039034,0.8809684041584287,Schofield2018_NatMethods_TimeLapseSeq_SuppTable2
CYBA,RNA,K562,5.90897210832316,0.11730418892714078,5.73263710627261,6.08530711037371,0.05970154241052625,0.9420456523057154,Schofield2018_NatMethods_TimeLapseSeq_SuppTable2
CYCS,RNA,K562,5.29193796510699,0.13098172826860255,5.59069539663501,4.99318053357898,0.11303059134267496,0.8931233378560259,Schofield2018_NatMethods_TimeLapseSeq_SuppTable2
CYFIP1,RNA,K562,4.37045475407179,0.15859841127840663,3.84089140657432,4.90001810156925,0.24353442251885313,0.7838524933906386,Schofield2018_NatMethods_TimeLapseSeq_SuppTable2
CYTH1,RNA,K562,0.592541464760939,1.1697867943125222,0.589936611698062,0.595146317823816,0.00879219429507205,0.9912463440170418,Schofield2018_NatMethods_TimeLapseSeq_SuppTable2
CYTH2,RNA,K562,0.970415432843829,0.7142788099820904,1.00579563344227,0.9350352322453888,0.0729499722260757,0.9296473370492688,Schofield2018_NatMethods_TimeLapseSeq_SuppTable2
CYTH3,RNA,K562,0.962284544560428,0.7203141570527616,0.958419109056689,0.9661499800641667,0.008033915366074312,0.9919982702820485,Schofield2018_NatMethods_TimeLapseSeq_SuppTable2
CYTOR,RNA,K562,1.0829368099276,0.6400624433537224,1.18443911300444,0.98143450685077,0.18800933527760758,0.8286069719204646,Schofield2018_NatMethods_TimeLapseSeq_SuppTable2
DAAM1,RNA,K562,0.899280921220285,0.7707793684974155,0.787572187753094,1.01098965468748,0.24972995272918871,0.7790111244971647,Schofield2018_NatMethods_TimeLapseSeq_SuppTable2
DAG1,RNA,K562,0.5328534092690759,1.3008215177054927,0.541165336051241,0.52454148248691,0.03120032978819939,0.9692813776920167,Schofield2018_NatMethods_TimeLapseSeq_SuppTable2
DANCR,RNA,K562,1.9889363445538,0.3485014402084581,1.89152135168678,2.08635133742082,0.09803531551558774,0.9066168855458009,Schofield2018_NatMethods_TimeLapseSeq_SuppTable2
DAP,RNA,K562,4.4823233001424,0.15464015737952783,4.72914276988984,4.23550383039496,0.11024166425389573,0.895617670365579,Schofield2018_NatMethods_TimeLapseSeq_SuppTable2
DAP3,RNA,K562,4.08489299397668,0.1696855172417039,4.14057666638192,4.02920932157145,0.027264910945681894,0.9731034216285185,Schofield2018_NatMethods_TimeLapseSeq_SuppTable2
DAPK1,RNA,K562,0.7092955339779599,0.9772332509589489,0.877429590440722,0.541161477515197,0.4832789993010704,0.6167577243928808,Schofield2018_NatMethods_TimeLapseSeq_SuppTable2
DAPK3,RNA,K562,0.795406965748571,0.8714371515562637,0.910324714384784,0.6804892171123569,0.29098938842744065,0.7475236103770349,Schofield2018_NatMethods_TimeLapseSeq_SuppTable2
DARS,RNA,K562,6.3852908617954,0.10855373632346138,6.28237288146922,6.48820884212157,0.03223874879655961,0.9682753798989855,Schofield2018_NatMethods_TimeLapseSeq_SuppTable2
DARS2,RNA,K562,4.3890648379477,0.15792593779135344,5.64308228342397,3.1350473924714306,0.5877861291977569,0.5555558531691698,Schofield2018_NatMethods_TimeLapseSeq_SuppTable2
DAXX,RNA,K562,0.7231243148284389,0.9585449781541288,0.750614432548642,0.695634197108236,0.07606817122988468,0.9267530265122592,Schofield2018_NatMethods_TimeLapseSeq_SuppTable2
DAZAP1,RNA,K562,3.01498618015673,0.22990061616929633,2.71022658915417,3.3197457711593,0.20285596141405524,0.8163958254573579,Schofield2018_NatMethods_TimeLapseSeq_SuppTable2
DAZAP2,RNA,K562,3.60189233154502,0.19243972799781664,3.51860064261837,3.68518402047168,0.04625709624978946,0.9547964560445509,Schofield2018_NatMethods_TimeLapseSeq_SuppTable2
DBF4,RNA,K562,0.927926473626632,0.7469850254955066,0.982144336177871,0.8737086110753939,0.11699135627737277,0.8895928825243067,Schofield2018_NatMethods_TimeLapseSeq_SuppTable2
DBN1,RNA,K562,2.84471982478705,0.24366096601862464,2.93589997425045,2.75353967532366,0.06412680278791183,0.9378860654224613,Schofield2018_NatMethods_TimeLapseSeq_SuppTable2
DCAF1,RNA,K562,0.8122900182315949,0.8533247547088775,0.7974740624751079,0.827105973988082,0.03648351889619783,0.9641739844168975,Schofield2018_NatMethods_TimeLapseSeq_SuppTable2
DCAF10,RNA,K562,0.870520633471732,0.796244401233315,0.9134980686096807,0.8275431983337829,0.0988199522275319,0.9059057996622599,Schofield2018_NatMethods_TimeLapseSeq_SuppTable2
DCAF12,RNA,K562,1.10924683839513,0.6248809161023149,1.07088578367732,1.14760789311294,0.06919354181214638,0.9331460598205649,Schofield2018_NatMethods_TimeLapseSeq_SuppTable2
DCAF13,RNA,K562,8.58278260449143,0.08076019311000801,9.8831221329857,7.282443075997169,0.3053620739295243,0.7368565295466136,Schofield2018_NatMethods_TimeLapseSeq_SuppTable2
DCAF15,RNA,K562,1.70194251463963,0.4072682682274451,1.89648621431293,1.50739881496633,0.22961728682254468,0.7948377391777874,Schofield2018_NatMethods_TimeLapseSeq_SuppTable2
DCAF16,RNA,K562,1.64135493616882,0.4223018222846178,1.64266957763817,1.64004029469946,0.0016018981897312809,0.9983993841643489,Schofield2018_NatMethods_TimeLapseSeq_SuppTable2
DCAF17,RNA,K562,2.9736948440414106,0.23309290862471993,3.38476781799512,2.5626218700877,0.27825441018525987,0.7571041819954443,Schofield2018_NatMethods_TimeLapseSeq_SuppTable2
DCAF5,RNA,K562,0.765460056581923,0.9055301770481887,0.7944481463992749,0.73647196676457,0.07577654574321108,0.9270233307265254,Schofield2018_NatMethods_TimeLapseSeq_SuppTable2
DCAF6,RNA,K562,1.88633222456104,0.36745763632450507,1.80020609691505,1.97245835220702,0.09137950266418127,0.9126712839846611,Schofield2018_NatMethods_TimeLapseSeq_SuppTable2
DCAF7,RNA,K562,2.86872039856124,0.24162242542270132,2.74359203613289,2.9938487609896,0.08729174675828123,0.9164096970703393,Schofield2018_NatMethods_TimeLapseSeq_SuppTable2
DCAKD,RNA,K562,3.19926040663394,0.21665856868751457,3.2047909660176,3.19372984725029,0.0034574021429289808,0.9965485677897254,Schofield2018_NatMethods_TimeLapseSeq_SuppTable2
DCBLD2,RNA,K562,0.637668191444338,1.0870029113259447,0.617142838648978,0.658193544239698,0.06439852604057827,0.9376312545907161,Schofield2018_NatMethods_TimeLapseSeq_SuppTable2
DCK,RNA,K562,0.5127843772127119,1.3517322511415277,0.6487893137643749,0.376779440661049,0.5434480536833518,0.5807423653064152,Schofield2018_NatMethods_TimeLapseSeq_SuppTable2
DCLRE1A,RNA,K562,0.86678268967547,0.7996781532629186,0.9745253920220028,0.7590399873289368,0.24989611483421692,0.7788816931224705,Schofield2018_NatMethods_TimeLapseSeq_SuppTable2
DCLRE1B,RNA,K562,0.350312542769498,1.978653619079888,0.3320315948315419,0.368593490707454,0.10446425603367786,0.9008069952463413,Schofield2018_NatMethods_TimeLapseSeq_SuppTable2
DCLRE1C,RNA,K562,0.6791234485130189,1.0206497538520165,0.610795190330336,0.747451706695701,0.2019079978144413,0.8171701059196324,Schofield2018_NatMethods_TimeLapseSeq_SuppTable2
DCP1A,RNA,K562,0.387259282837414,1.7898788002738582,0.4167610219002529,0.357757543774576,0.1526574636167081,0.8584237128111307,Schofield2018_NatMethods_TimeLapseSeq_SuppTable2
DCP2,RNA,K562,4.29471128971655,0.161395524355653,4.0871333862706,4.5022891931625,0.09674213625049632,0.9077900621038769,Schofield2018_NatMethods_TimeLapseSeq_SuppTable2
DCTD,RNA,K562,2.37983147846002,0.2912589344387016,2.12786131227696,2.63180164464307,0.21255125109220369,0.8085188777840226,Schofield2018_NatMethods_TimeLapseSeq_SuppTable2
DCTN1,RNA,K562,4.7882719190735,0.14475936042789836,4.86119340529186,4.71535043285513,0.03046072810817519,0.9699985249963589,Schofield2018_NatMethods_TimeLapseSeq_SuppTable2
DCTN2,RNA,K562,5.21298962166383,0.13296538663330648,6.34373652544108,4.08224271788658,0.44082142902069354,0.6435076080973811,Schofield2018_NatMethods_TimeLapseSeq_SuppTable2
DCTN4,RNA,K562,1.35998622805957,0.5096722056876477,1.45909565188571,1.26087680423343,0.14600947195651656,0.8641495179592199,Schofield2018_NatMethods_TimeLapseSeq_SuppTable2
DCTN5,RNA,K562,2.2148085075873,0.31296032058095385,2.18365710572108,2.24595990945351,0.028131963721931476,0.9722600552796201,Schofield2018_NatMethods_TimeLapseSeq_SuppTable2
DCTPP1,RNA,K562,2.9301193418148106,0.23655936830567278,3.05742297777076,2.80281570585886,0.0869478758874365,0.9167248778585617,Schofield2018_NatMethods_TimeLapseSeq_SuppTable2
DCUN1D1,RNA,K562,0.929018706441135,0.7461068068427155,0.913011184487449,0.945026228394822,0.03446455124372753,0.9661225869235902,Schofield2018_NatMethods_TimeLapseSeq_SuppTable2
DCUN1D4,RNA,K562,0.499892259250488,1.3865931462895893,0.4906576753168809,0.5091268431840948,0.036950500568759224,0.9637238379502696,Schofield2018_NatMethods_TimeLapseSeq_SuppTable2
DCUN1D5,RNA,K562,4.53083805941086,0.15298432022310557,5.04986694250891,4.01180917631281,0.23011958918569406,0.7944385905581178,Schofield2018_NatMethods_TimeLapseSeq_SuppTable2
DDA1,RNA,K562,1.04714164001182,0.6619421423754298,1.06508159899289,1.02920168103074,0.03426798023757743,0.9663125172793551,Schofield2018_NatMethods_TimeLapseSeq_SuppTable2
DDB1,RNA,K562,6.77380765648426,0.1023275557428069,6.94528021694988,6.60233509601864,0.05063893451916299,0.9506218453080864,Schofield2018_NatMethods_TimeLapseSeq_SuppTable2
DDHD2,RNA,K562,3.28287287355027,0.2111404270767085,3.74394269134822,2.82180305575231,0.2827631895949519,0.7536982503159414,Schofield2018_NatMethods_TimeLapseSeq_SuppTable2
DDI2,RNA,K562,0.7723530275101759,0.8974486483136275,0.824558524324346,0.720147530696005,0.1353920263100448,0.8733734591927278,Schofield2018_NatMethods_TimeLapseSeq_SuppTable2
DDIAS,RNA,K562,0.307403784112228,2.2548427065129713,0.318427440892814,0.2963801273316419,0.0717517895803493,0.9307618919419903,Schofield2018_NatMethods_TimeLapseSeq_SuppTable2
DDOST,RNA,K562,6.30011563788561,0.11002134252770213,7.246470892689259,5.35376038308196,0.30271538758261807,0.7388093407624398,Schofield2018_NatMethods_TimeLapseSeq_SuppTable2
DDR1,RNA,K562,1.74764746798816,0.3966172773722356,1.68233915727574,1.81295577870058,0.07477335973723831,0.9279537741850172,Schofield2018_NatMethods_TimeLapseSeq_SuppTable2
DDRGK1,RNA,K562,3.46414147037801,0.20009205353969234,4.10416921854461,2.82411372221141,0.3738087508821962,0.6881084993890374,Schofield2018_NatMethods_TimeLapseSeq_SuppTable2
DDX1,RNA,K562,5.78655707733154,0.11978576747740106,5.50151104671514,6.07160310794793,0.09859988338143451,0.9061051832445173,Schofield2018_NatMethods_TimeLapseSeq_SuppTable2
DDX10,RNA,K562,1.71826284939901,0.4033999692202998,1.7898427715676,1.64668292723043,0.08336486156242681,0.9200154077155134,Schofield2018_NatMethods_TimeLapseSeq_SuppTable2
DDX11,RNA,K562,1.13301789605999,0.6117707257496356,1.11275001420798,1.153285777912,0.035780624844965976,0.9648519348106337,Schofield2018_NatMethods_TimeLapseSeq_SuppTable2
DDX12P,RNA,K562,0.6364768297217749,1.0890375708773923,0.718356943254131,0.5545967161894189,0.25872536884786324,0.7720350187987545,Schofield2018_NatMethods_TimeLapseSeq_SuppTable2
DDX17,RNA,K562,3.93408114402515,0.17619036191275725,4.34857569503269,3.5195865930176,0.2115048275082614,0.8093653738252661,Schofield2018_NatMethods_TimeLapseSeq_SuppTable2
DDX18,RNA,K562,2.79802696426308,0.2477271267979007,2.81988374424499,2.77617018428118,0.015623312312949122,0.9844980985286989,Schofield2018_NatMethods_TimeLapseSeq_SuppTable2
DDX20,RNA,K562,0.430308717829746,1.610813706159197,0.3870770378486709,0.47354039781082,0.20161348900551695,0.8174108051564983,Schofield2018_NatMethods_TimeLapseSeq_SuppTable2
DDX21,RNA,K562,1.89730637537681,0.3653322360350391,1.85025003722661,1.94436271352701,0.049613484451372446,0.9515971605268634,Schofield2018_NatMethods_TimeLapseSeq_SuppTable2
DDX23,RNA,K562,2.8980348394565,0.23917834634794755,3.30114870345385,2.49492097545914,0.2800134443189899,0.7557735805263215,Schofield2018_NatMethods_TimeLapseSeq_SuppTable2
DDX24,RNA,K562,2.0626040399801,0.3360544084683519,2.07941847147033,2.04578960848988,0.016304442007392825,0.9838277559606983,Schofield2018_NatMethods_TimeLapseSeq_SuppTable2
DDX27,RNA,K562,2.85229485158424,0.24301385958571323,2.72386827949075,2.98072142367773,0.09011232812970031,0.913828530856109,Schofield2018_NatMethods_TimeLapseSeq_SuppTable2
DDX31,RNA,K562,0.808598550600309,0.8572204093679714,0.7122224387935189,0.904974662407099,0.2395166693110575,0.7870081543488878,Schofield2018_NatMethods_TimeLapseSeq_SuppTable2
DDX39A,RNA,K562,3.00041256697232,0.2310172901519979,3.21884653372787,2.78197860021676,0.14586067479938356,0.8642781105176963,Schofield2018_NatMethods_TimeLapseSeq_SuppTable2
DDX3X,RNA,K562,2.62355441747513,0.2642015640853449,2.80568524728007,2.44142358767019,0.13906649732868512,0.870170162542998,Schofield2018_NatMethods_TimeLapseSeq_SuppTable2
DDX41,RNA,K562,3.25682735936335,0.21282896023553513,3.33287401408099,3.1807807046457,0.04670832778919564,0.9543657189582582,Schofield2018_NatMethods_TimeLapseSeq_SuppTable2
DDX42,RNA,K562,1.30610766470151,0.5306968171864707,1.40058799170842,1.21162733769461,0.14492777930916034,0.8650847678742996,Schofield2018_NatMethods_TimeLapseSeq_SuppTable2
DDX46,RNA,K562,3.5978245257641106,0.19265730599041203,3.55428416616258,3.64136488536563,0.02420489662218858,0.9760856926058081,Schofield2018_NatMethods_TimeLapseSeq_SuppTable2
DDX49,RNA,K562,3.7198171691223294,0.1863390454546156,3.8144410838876,3.62519325435705,0.0508865506923899,0.9503864851052641,Schofield2018_NatMethods_TimeLapseSeq_SuppTable2
DDX5,RNA,K562,2.87395646819048,0.24118221282466723,2.9255877090604,2.82232522732057,0.035934292783621265,0.9647036793940477,Schofield2018_NatMethods_TimeLapseSeq_SuppTable2
DDX50,RNA,K562,2.5918581374658,0.26743253056190525,2.98928140461395,2.19443487031766,0.3091084745048051,0.7341011344500903,Schofield2018_NatMethods_TimeLapseSeq_SuppTable2
DDX51,RNA,K562,1.81208136250966,0.3825143809215963,1.55006617773641,2.07409654728292,0.2912280346356916,0.7473452379866342,Schofield2018_NatMethods_TimeLapseSeq_SuppTable2
DDX52,RNA,K562,2.82958573299441,0.24496419121622517,3.15120904916387,2.50796241682495,0.22831556698551875,0.7958730689385407,Schofield2018_NatMethods_TimeLapseSeq_SuppTable2
DDX54,RNA,K562,3.86827475365618,0.17918768047817774,3.91263658218728,3.8239129251250694,0.022937240138596608,0.9773238185559745,Schofield2018_NatMethods_TimeLapseSeq_SuppTable2
DDX55,RNA,K562,0.9513431239550107,0.7285985078426072,0.913353336113478,0.989332911796543,0.07990807820905019,0.9232012047945594,Schofield2018_NatMethods_TimeLapseSeq_SuppTable2
DDX56,RNA,K562,1.83686616407371,0.37735312137424215,1.79942494639878,1.87430738174865,0.04077205514153928,0.9600479430006791,Schofield2018_NatMethods_TimeLapseSeq_SuppTable2
DDX6,RNA,K562,1.87654954032758,0.36937323831000274,1.96495902862137,1.78814005203378,0.09429539196775291,0.9100139117345121,Schofield2018_NatMethods_TimeLapseSeq_SuppTable2
DEAF1,RNA,K562,1.89474384668724,0.3658263262191563,1.86760361493881,1.92188407843568,0.02864987602114847,0.9717566402126335,Schofield2018_NatMethods_TimeLapseSeq_SuppTable2
DEDD,RNA,K562,0.751205857135896,0.9227126944972053,0.753744529677016,0.7486671845947759,0.006758952107744199,0.9932638382338698,Schofield2018_NatMethods_TimeLapseSeq_SuppTable2
DEDD2,RNA,K562,0.426024793078208,1.6270113660561065,0.401955199106365,0.450094387050051,0.11311667237071034,0.8930464601898427,Schofield2018_NatMethods_TimeLapseSeq_SuppTable2
DEGS1,RNA,K562,0.662196943140767,1.0467387198623763,0.697605002555999,0.6267888837255339,0.10704326830209421,0.8984867961511207,Schofield2018_NatMethods_TimeLapseSeq_SuppTable2
DEK,RNA,K562,5.17063198147402,0.13405463452890068,5.45770714615912,4.88355681678892,0.11115495467989614,0.8948000847252752,Schofield2018_NatMethods_TimeLapseSeq_SuppTable2
DENND1A,RNA,K562,1.78963162314139,0.38731276962084793,1.89632724281577,1.68293600346702,0.11937909614803224,0.8874713000315836,Schofield2018_NatMethods_TimeLapseSeq_SuppTable2
DENND4A,RNA,K562,1.55022908290022,0.44712564627105467,1.40670685535168,1.69375131044876,0.18569437021534527,0.8305273901036702,Schofield2018_NatMethods_TimeLapseSeq_SuppTable2
DENND4B,RNA,K562,1.33877660206318,0.5177467095643445,1.18748000373987,1.49007320038649,0.2269918286978224,0.7969272941972687,Schofield2018_NatMethods_TimeLapseSeq_SuppTable2
DENND4C,RNA,K562,0.9208880818453808,0.7526942678755683,0.838466157850782,1.00331000583998,0.17948559870731115,0.8356999860165959,Schofield2018_NatMethods_TimeLapseSeq_SuppTable2
DENND5A,RNA,K562,1.72746274620923,0.40125159403929134,1.81958601723823,1.63533947518024,0.10675859928240956,0.8987426039151258,Schofield2018_NatMethods_TimeLapseSeq_SuppTable2
DENND5B,RNA,K562,0.592027510508604,1.1708023162039725,0.5974302701303499,0.586624750886857,0.01825222482500737,0.9819133382024058,Schofield2018_NatMethods_TimeLapseSeq_SuppTable2
DENR,RNA,K562,7.28304947252655,0.09517265853742536,7.91439832549081,6.6517006195623,0.1738111192104766,0.8404556285900352,Schofield2018_NatMethods_TimeLapseSeq_SuppTable2
DEPDC1,RNA,K562,0.6141906788969899,1.1285537283059253,0.638966229746955,0.589415128047025,0.08072086755091729,0.9224511415578983,Schofield2018_NatMethods_TimeLapseSeq_SuppTable2
DEPDC1B,RNA,K562,2.2554283103057,0.30732396919589805,2.71768654451089,1.79317007610051,0.4157959375615031,0.6598149001849777,Schofield2018_NatMethods_TimeLapseSeq_SuppTable2
DERL1,RNA,K562,1.35187357056034,0.512730772798999,1.5019596667112,1.20178747440949,0.22296068942144315,0.8001463028904173,Schofield2018_NatMethods_TimeLapseSeq_SuppTable2
DESI1,RNA,K562,3.7267830500468695,0.18599075160847583,3.50388392467027,3.94968217542348,0.11976306775328226,0.8871306016653323,Schofield2018_NatMethods_TimeLapseSeq_SuppTable2
DESI2,RNA,K562,1.90678138167568,0.36351685999304617,2.32770955231436,1.48585321103701,0.4488955991848851,0.638332737673254,Schofield2018_NatMethods_TimeLapseSeq_SuppTable2
DFFA,RNA,K562,3.03096622179245,0.22868852037223714,2.64445103769567,3.41748140588922,0.256440352165075,0.7738011487461453,Schofield2018_NatMethods_TimeLapseSeq_SuppTable2
DGCR14,RNA,K562,0.467355088653166,1.4831274921119866,0.5043988389981588,0.4303113383081719,0.1588583130674381,0.8531172259691553,Schofield2018_NatMethods_TimeLapseSeq_SuppTable2
DGCR2,RNA,K562,1.20014004788493,0.5775552459744303,1.26015071475333,1.14012938101654,0.10008958060725932,0.9047563657809903,Schofield2018_NatMethods_TimeLapseSeq_SuppTable2
DGCR6L,RNA,K562,3.08534562687263,0.22465787123581793,3.02627817801379,3.14441307573147,0.03829371092236526,0.9624302231060405,Schofield2018_NatMethods_TimeLapseSeq_SuppTable2
DGCR8,RNA,K562,0.6880484673704779,1.0074103982949825,0.7214951657703869,0.6546017689705699,0.09729861351037726,0.9072850381077874,Schofield2018_NatMethods_TimeLapseSeq_SuppTable2
DGKZ,RNA,K562,2.93590935047389,0.23609284137061767,3.0157788672253494,2.85603983372243,0.05442213581030374,0.947032245885493,Schofield2018_NatMethods_TimeLapseSeq_SuppTable2
DHCR24,RNA,K562,3.4573487952242,0.20048517566912033,3.94709258992706,2.96760500052133,0.2852240243391881,0.7518458036922234,Schofield2018_NatMethods_TimeLapseSeq_SuppTable2
DHCR7,RNA,K562,2.96138768711237,0.23406161360650102,3.53045049098359,2.39232488324115,0.389159833026547,0.6776259543508409,Schofield2018_NatMethods_TimeLapseSeq_SuppTable2
DHDDS,RNA,K562,1.21814179150003,0.5690201135833276,1.22474586604878,1.21153771695128,0.010842972957927318,0.9892156001798876,Schofield2018_NatMethods_TimeLapseSeq_SuppTable2
DHFR,RNA,K562,5.49087717349512,0.1262361474603401,6.1891012548142,4.79265309217604,0.25570574352815756,0.7743697985952435,Schofield2018_NatMethods_TimeLapseSeq_SuppTable2
DHPS,RNA,K562,2.29268062987662,0.30233045611644865,2.53822659642959,2.04713466332365,0.21502455658668876,0.8065216345157138,Schofield2018_NatMethods_TimeLapseSeq_SuppTable2
DHRS3,RNA,K562,0.6676082670611019,1.0382543397961037,0.744371643424371,0.5908448906978329,0.23098690017428555,0.7937498639520157,Schofield2018_NatMethods_TimeLapseSeq_SuppTable2
DHX15,RNA,K562,2.54882649382318,0.27194757361464833,2.70464293031932,2.39301005732703,0.12241788827786312,0.8847785526514965,Schofield2018_NatMethods_TimeLapseSeq_SuppTable2
DHX16,RNA,K562,1.70283712861414,0.4070543030290076,1.82355577732711,1.58211847990117,0.14202355983885198,0.8676008157097184,Schofield2018_NatMethods_TimeLapseSeq_SuppTable2
DHX29,RNA,K562,4.13536503522508,0.16761450915595377,4.40739491924971,3.8633351512004506,0.13175295442851265,0.8765575179857318,Schofield2018_NatMethods_TimeLapseSeq_SuppTable2
DHX30,RNA,K562,0.93860436840772,0.7384870600334233,0.9673133885832788,0.90989534823216,0.06119293532792714,0.9406417392452173,Schofield2018_NatMethods_TimeLapseSeq_SuppTable2
DHX34,RNA,K562,1.38547552918393,0.5002955057374571,1.33845396470284,1.43249709366502,0.06790395056197769,0.9343502130803125,Schofield2018_NatMethods_TimeLapseSeq_SuppTable2
DHX35,RNA,K562,0.639106381111967,1.084556814084619,0.707318164188211,0.570894598035724,0.21427598400066386,0.8071256005293453,Schofield2018_NatMethods_TimeLapseSeq_SuppTable2
DHX36,RNA,K562,1.12948412043043,0.6136847504290693,1.16623311106515,1.09273512979571,0.06509514506106606,0.9369783102776832,Schofield2018_NatMethods_TimeLapseSeq_SuppTable2
DHX37,RNA,K562,1.65879869315683,0.41786093961819404,1.58022649704869,1.73737088926498,0.09480479803176603,0.9095504631813117,Schofield2018_NatMethods_TimeLapseSeq_SuppTable2
DHX38,RNA,K562,3.59757102310092,0.1926708815778954,3.76691931338582,3.42822273281602,0.0942155359591413,0.9100865847149326,Schofield2018_NatMethods_TimeLapseSeq_SuppTable2
DHX8,RNA,K562,1.50811512991646,0.4596115819077694,1.40851699104402,1.60771326878889,0.1322754679463216,0.8760996244716405,Schofield2018_NatMethods_TimeLapseSeq_SuppTable2
DHX9,RNA,K562,3.05681473856516,0.22675472341032418,3.34976965706741,2.7638598200629,0.19226339609965332,0.825089514507857,Schofield2018_NatMethods_TimeLapseSeq_SuppTable2
DIAPH1,RNA,K562,4.84068129840116,0.14319207108075604,5.03757409757886,4.64378849922346,0.08139411636575063,0.9218303114301267,Schofield2018_NatMethods_TimeLapseSeq_SuppTable2
DIAPH3,RNA,K562,2.24084080537215,0.30932459766807496,2.06144469402769,2.42023691671661,0.160458390065893,0.8517532642318043,Schofield2018_NatMethods_TimeLapseSeq_SuppTable2
DICER1,RNA,K562,2.25619589132551,0.307219414424482,2.40770005223729,2.10469173041372,0.13450294661282372,0.8741503030902842,Schofield2018_NatMethods_TimeLapseSeq_SuppTable2
DIDO1,RNA,K562,0.4633701794079019,1.4958821507367053,0.4700458374269659,0.4566945213888389,0.028815492353183734,0.9715957147685593,Schofield2018_NatMethods_TimeLapseSeq_SuppTable2
DIEXF,RNA,K562,0.451706605139348,1.5345075158821615,0.492622862841583,0.410790347437113,0.1816609164090797,0.8338840488798313,Schofield2018_NatMethods_TimeLapseSeq_SuppTable2
DIMT1,RNA,K562,2.7308737215102,0.2538188328153922,3.43205910613582,2.0296883368845906,0.525278150906275,0.5913908455876891,Schofield2018_NatMethods_TimeLapseSeq_SuppTable2
DIP2A,RNA,K562,1.19935540843721,0.5779330927961823,1.38695624869061,1.0117545681838,0.3154255770981353,0.7294783589164919,Schofield2018_NatMethods_TimeLapseSeq_SuppTable2
DIP2B,RNA,K562,1.10286225960963,0.6284984135782217,1.16315863636581,1.04256588285345,0.10945439728092758,0.896323038197832,Schofield2018_NatMethods_TimeLapseSeq_SuppTable2
DIRAS1,RNA,K562,1.1614253584596,0.596807341523236,1.0929402970536,1.2299104198656,0.11806975265883676,0.8886340658639452,Schofield2018_NatMethods_TimeLapseSeq_SuppTable2
DIS3,RNA,K562,1.94904270730865,0.3556346805335439,2.16415996553143,1.73392544908586,0.22164439565011293,0.8012002239677685,Schofield2018_NatMethods_TimeLapseSeq_SuppTable2
DIS3L2,RNA,K562,1.32851818742531,0.5217445926752993,1.05687609859085,1.60016027625976,0.4147863167500317,0.6604813994390668,Schofield2018_NatMethods_TimeLapseSeq_SuppTable2
DKC1,RNA,K562,3.96517738201026,0.1748086185764871,4.01496112885732,3.9153936351631895,0.025111796103196127,0.9752008822754237,Schofield2018_NatMethods_TimeLapseSeq_SuppTable2
DLAT,RNA,K562,3.41779319874214,0.20280547717604627,3.30249151430658,3.5330948831777,0.06749703634416648,0.9347304908313945,Schofield2018_NatMethods_TimeLapseSeq_SuppTable2
DLC1,RNA,K562,0.332610230494576,2.0839622988423043,0.3173616059610139,0.347858855028138,0.09175497193186198,0.9123286682908871,Schofield2018_NatMethods_TimeLapseSeq_SuppTable2
DLD,RNA,K562,6.36985308372517,0.10881682378686576,6.92381560046941,5.81589056698092,0.1743730808244019,0.8399834574720079,Schofield2018_NatMethods_TimeLapseSeq_SuppTable2
DLEU1,RNA,K562,1.08497345613779,0.6388609570480742,1.10332688190205,1.06662003037353,0.033835254828139184,0.9667307557437191,Schofield2018_NatMethods_TimeLapseSeq_SuppTable2
DLEU2,RNA,K562,1.32323429625421,0.5238280042484501,1.54498379413179,1.10148479837664,0.3383543347328558,0.7129426228031238,Schofield2018_NatMethods_TimeLapseSeq_SuppTable2
DLG1,RNA,K562,2.55214096742519,0.27159439443474365,2.7126036579625894,2.3916782768878,0.1259136056398374,0.8816910166242887,Schofield2018_NatMethods_TimeLapseSeq_SuppTable2
DLG5,RNA,K562,0.706491379907421,0.9811120139226266,0.751129966910406,0.6618527929044359,0.12653553126458386,0.8811428408678853,Schofield2018_NatMethods_TimeLapseSeq_SuppTable2
DLGAP4,RNA,K562,1.38699604323193,0.4997470497066436,1.41276871899532,1.36122336746854,0.03716757916872437,0.9635146568339678,Schofield2018_NatMethods_TimeLapseSeq_SuppTable2
DLGAP5,RNA,K562,4.46929978122163,0.1550907780839176,3.64071036549017,5.2978891969531,0.37512965854102415,0.6872001716426989,Schofield2018_NatMethods_TimeLapseSeq_SuppTable2
DLK1,RNA,K562,7.24421811640333,0.09568281482171671,7.387929789039939,7.10050644376673,0.03968144730198768,0.9610955499740125,Schofield2018_NatMethods_TimeLapseSeq_SuppTable2
DLST,RNA,K562,3.00774945054307,0.2304537635057311,2.91848722157206,3.09701167951408,0.059372264989742435,0.9423558977439729,Schofield2018_NatMethods_TimeLapseSeq_SuppTable2
DMD,RNA,K562,1.63483103077902,0.4239870466794669,1.96961282402523,1.30004923753281,0.41543484863087016,0.6600531950619332,Schofield2018_NatMethods_TimeLapseSeq_SuppTable2
DMTF1,RNA,K562,0.5242740031485978,1.3221086233480144,0.4848741041948749,0.563673902102321,0.15058661825982614,0.8602032174745923,Schofield2018_NatMethods_TimeLapseSeq_SuppTable2
DMXL1,RNA,K562,1.33201185973306,0.52037613291135,1.56574250386813,1.09828121559799,0.3546137283410218,0.7014443389540183,Schofield2018_NatMethods_TimeLapseSeq_SuppTable2
DMXL2,RNA,K562,2.58850695440635,0.2677787592496201,2.63987056796341,2.53714334084929,0.03969110951101046,0.9610862637127807,Schofield2018_NatMethods_TimeLapseSeq_SuppTable2
DNA2,RNA,K562,1.2673370555813,0.5469319921700023,1.3005361873429,1.2341379238197,0.05240394228940806,0.9489454702072865,Schofield2018_NatMethods_TimeLapseSeq_SuppTable2
DNAAF5,RNA,K562,2.0099346940588494,0.3448605482600075,2.06985351074688,1.95001587737083,0.059640322234032685,0.9421033262722017,Schofield2018_NatMethods_TimeLapseSeq_SuppTable2
DNAH14,RNA,K562,2.42572973724755,0.2857479008961864,2.19115002908568,2.66030944540942,0.19401591545451807,0.8236447954829794,Schofield2018_NatMethods_TimeLapseSeq_SuppTable2
DNAJA1,RNA,K562,4.87439012180797,0.14220182694421854,5.31544587237985,4.4333343712361,0.1814649170435877,0.8340475056424932,Schofield2018_NatMethods_TimeLapseSeq_SuppTable2
DNAJA2,RNA,K562,1.36527127879827,0.5076992326170244,1.42298794215781,1.30755461543873,0.08460015856088635,0.918879617107621,Schofield2018_NatMethods_TimeLapseSeq_SuppTable2
DNAJA3,RNA,K562,2.27038478847518,0.30529942945286903,2.2122208082855,2.32854876866486,0.05124832586984295,0.9500427210523662,Schofield2018_NatMethods_TimeLapseSeq_SuppTable2
DNAJB1,RNA,K562,0.3613019209361009,1.91847078688113,0.3611472286009819,0.3614566132712189,0.0008563051321186475,0.9991440613924946,Schofield2018_NatMethods_TimeLapseSeq_SuppTable2
DNAJB12,RNA,K562,0.8179002880179859,0.8474714958710258,0.851127198848019,0.784673377187953,0.0812940360787758,0.9219225730889463,Schofield2018_NatMethods_TimeLapseSeq_SuppTable2
DNAJB14,RNA,K562,0.762417682452429,0.9091436315201072,0.7757455813726098,0.7490897835322469,0.034965759831930385,0.9656384793153472,Schofield2018_NatMethods_TimeLapseSeq_SuppTable2
DNAJB6,RNA,K562,2.64150326451455,0.2624063312249324,2.73062938427684,2.55237714475227,0.06750698775950455,0.9347211889863344,Schofield2018_NatMethods_TimeLapseSeq_SuppTable2
DNAJC1,RNA,K562,2.6800687233036,0.25863037560676205,2.7460177769101106,2.61411966969709,0.04922438662070948,0.9519674969615688,Schofield2018_NatMethods_TimeLapseSeq_SuppTable2
DNAJC10,RNA,K562,8.97176489008282,0.0772587321504751,9.695145869441301,8.24838391072434,0.1616080428752052,0.8507746063649135,Schofield2018_NatMethods_TimeLapseSeq_SuppTable2
DNAJC11,RNA,K562,2.85676413003481,0.2426336753785477,3.12411416178376,2.58941409828587,0.18771914153194869,0.8288474633741955,Schofield2018_NatMethods_TimeLapseSeq_SuppTable2
DNAJC16,RNA,K562,0.536770828551947,1.2913279628661203,0.499546457167721,0.5739951999361729,0.13892043269758733,0.8702972729097205,Schofield2018_NatMethods_TimeLapseSeq_SuppTable2
DNAJC17,RNA,K562,1.37399648802247,0.5044752199895068,1.193170630788,1.55482234525693,0.26474713214739215,0.767399976227401,Schofield2018_NatMethods_TimeLapseSeq_SuppTable2
DNAJC2,RNA,K562,3.22974721029882,0.214613446634362,3.26448654176223,3.1950078788354,0.021512935217340212,0.9787168174725194,Schofield2018_NatMethods_TimeLapseSeq_SuppTable2
DNAJC21,RNA,K562,3.63911107611698,0.19047156463812864,3.55666569277896,3.7215564594550106,0.04531848103303222,0.9556930632458557,Schofield2018_NatMethods_TimeLapseSeq_SuppTable2
DNAJC3,RNA,K562,0.933572588076328,0.7424673661297285,1.02173009824088,0.845415077911776,0.18942492093096158,0.8274348376027418,Schofield2018_NatMethods_TimeLapseSeq_SuppTable2
DNAJC5,RNA,K562,1.51605871455551,0.4572033879064952,1.45293237180071,1.57918505731031,0.08332508779768706,0.9200520009196167,Schofield2018_NatMethods_TimeLapseSeq_SuppTable2
DNAJC6,RNA,K562,0.719719318820711,0.9630798596537532,0.758544986816558,0.6808936508248629,0.1079959795044941,0.8976312053454071,Schofield2018_NatMethods_TimeLapseSeq_SuppTable2
DNAJC7,RNA,K562,5.2308121318292,0.13251234475468604,5.16967115158832,5.29195311207008,0.02337830660596586,0.9768928488419796,Schofield2018_NatMethods_TimeLapseSeq_SuppTable2
DNAJC8,RNA,K562,5.97052645075975,0.11609481781489173,5.82788927441382,6.11316362710568,0.04778952850646893,0.9533344156817662,Schofield2018_NatMethods_TimeLapseSeq_SuppTable2
DNAJC9,RNA,K562,2.35046430989494,0.29489798149325114,2.46883558648163,2.23209303330826,0.10080689176816834,0.9041076066508119,Schofield2018_NatMethods_TimeLapseSeq_SuppTable2
DNM1L,RNA,K562,4.63932431345654,0.14940692517430718,4.70997205391461,4.56867657299848,0.030458401845978884,0.9700007814698826,Schofield2018_NatMethods_TimeLapseSeq_SuppTable2
DNM2,RNA,K562,2.61984298108835,0.2645758488441907,2.62618117759195,2.61350478458474,0.004838617363933498,0.9951730698874198,Schofield2018_NatMethods_TimeLapseSeq_SuppTable2
DNMT1,RNA,K562,3.55075850598609,0.19521101741822053,3.36107956313006,3.74043744884212,0.10694034859722432,0.8985792729057686,Schofield2018_NatMethods_TimeLapseSeq_SuppTable2
DNMT3B,RNA,K562,2.43825640043852,0.28427985688268176,2.38301593387061,2.49349686700644,0.04531920496948167,0.9556923713850631,Schofield2018_NatMethods_TimeLapseSeq_SuppTable2
DNTTIP1,RNA,K562,1.07521317548319,0.6446602370255107,0.916872265934741,1.23355408503164,0.29668661485741404,0.7432769078067816,Schofield2018_NatMethods_TimeLapseSeq_SuppTable2
DNTTIP2,RNA,K562,0.879987915095201,0.7876780676981883,0.922312659809952,0.837663170380451,0.09626820146731267,0.908220397357504,Schofield2018_NatMethods_TimeLapseSeq_SuppTable2
DOCK11,RNA,K562,4.60357076277034,0.1505672914089894,4.78414373917139,4.42299778636928,0.07848936360605374,0.9245118933519627,Schofield2018_NatMethods_TimeLapseSeq_SuppTable2
DOCK2,RNA,K562,2.95755579643501,0.23436487027411407,3.38841727875867,2.52669431411135,0.29345107976127216,0.7456857010943446,Schofield2018_NatMethods_TimeLapseSeq_SuppTable2
DOCK8,RNA,K562,2.54111395612552,0.27277296198742645,2.47335061356962,2.60887729868143,0.053346219924811165,0.9480517212594447,Schofield2018_NatMethods_TimeLapseSeq_SuppTable2
DOCK9,RNA,K562,0.874532380815976,0.7925917847812672,0.8969742955502739,0.852090466081678,0.051334503588874494,0.9499608520653753,Schofield2018_NatMethods_TimeLapseSeq_SuppTable2
DOHH,RNA,K562,1.55986217667697,0.44436437457351613,2.03230383432465,1.08742051902929,0.6253616479448739,0.5350678873223935,Schofield2018_NatMethods_TimeLapseSeq_SuppTable2
DOLPP1,RNA,K562,0.644596141317592,1.0753200897900383,0.637796535057559,0.6513957475776259,0.021098042779228426,0.9791229639268618,Schofield2018_NatMethods_TimeLapseSeq_SuppTable2
DOPEY1,RNA,K562,0.628128273169358,1.103512148979571,0.7111259300203199,0.5451306163183959,0.26582410196729167,0.766573954493291,Schofield2018_NatMethods_TimeLapseSeq_SuppTable2
DOT1L,RNA,K562,1.10449118610376,0.6275714910909469,1.14282480915273,1.0661575630548,0.0694419776680561,0.9329142616751821,Schofield2018_NatMethods_TimeLapseSeq_SuppTable2
DPF2,RNA,K562,1.06004935852561,0.6538819867067532,0.993056415876421,1.1270423011748,0.12656457164921053,0.8811172525124251,Schofield2018_NatMethods_TimeLapseSeq_SuppTable2
DPH2,RNA,K562,3.7762692959486706,0.1835534296517414,3.7111049289126905,3.84143366298464,0.03451598987435057,0.9660728921788306,Schofield2018_NatMethods_TimeLapseSeq_SuppTable2
DPH3,RNA,K562,2.33777786670661,0.2964983074018191,2.16236828868885,2.51318744472436,0.15034779479708998,0.8604086787191527,Schofield2018_NatMethods_TimeLapseSeq_SuppTable2
DPH5,RNA,K562,2.01052100523459,0.3447599795054457,1.89364602946508,2.12739598100409,0.11639460083934294,0.8901239103456967,Schofield2018_NatMethods_TimeLapseSeq_SuppTable2
DPH7,RNA,K562,0.956323772066759,0.7248038800310802,0.840292122368351,1.07235542176517,0.24386324072876617,0.7835947907879022,Schofield2018_NatMethods_TimeLapseSeq_SuppTable2
DPM1,RNA,K562,3.05179320528315,0.2271278340091966,3.22694455199519,2.8766418585711,0.11491213791164691,0.8914444646383834,Schofield2018_NatMethods_TimeLapseSeq_SuppTable2
DPM2,RNA,K562,2.30960040916261,0.30011562944399506,2.16583105671358,2.45336976161164,0.12465834473246455,0.8827984638120047,Schofield2018_NatMethods_TimeLapseSeq_SuppTable2
DPP8,RNA,K562,1.07893324031256,0.6424375064755119,0.965180037514012,1.1926864431111,0.21164890565657898,0.8092487703611003,Schofield2018_NatMethods_TimeLapseSeq_SuppTable2
DPP9,RNA,K562,1.67641647263516,0.4134695595482827,1.62758126682368,1.72525167844664,0.058277913003485,0.9433877312839949,Schofield2018_NatMethods_TimeLapseSeq_SuppTable2
DPY19L3,RNA,K562,2.01533395871285,0.34393663519799134,2.42549448925614,1.60517342816955,0.41280361101854834,0.6617922387701778,Schofield2018_NatMethods_TimeLapseSeq_SuppTable2
DR1,RNA,K562,1.32442789189675,0.5233559220557262,1.26851000729779,1.38034577649571,0.08449104135564782,0.9189798881539392,Schofield2018_NatMethods_TimeLapseSeq_SuppTable2
DRG1,RNA,K562,2.87343165100371,0.2412262634880576,3.26935542097189,2.47750788103554,0.27733967824926853,0.7577970462137901,Schofield2018_NatMethods_TimeLapseSeq_SuppTable2
DROSHA,RNA,K562,2.81977581718785,0.24581641431736864,3.15348435202302,2.48606728235268,0.2378059277863932,0.7883556741792047,Schofield2018_NatMethods_TimeLapseSeq_SuppTable2
DSC2,RNA,K562,1.27715612932855,0.5427270516443118,1.39602221697368,1.15829004168341,0.1866821033871832,0.8297074556552333,Schofield2018_NatMethods_TimeLapseSeq_SuppTable2
DSCR3,RNA,K562,1.11853797736274,0.6196903409522401,1.33916947865246,0.8979064760730199,0.39973899277753266,0.6704950272437055,Schofield2018_NatMethods_TimeLapseSeq_SuppTable2
DSCR4,RNA,K562,0.9017189968254488,0.7686953285892922,0.878975733596352,0.924462260054546,0.050454937512945,0.9507967729742584,Schofield2018_NatMethods_TimeLapseSeq_SuppTable2
DSG2,RNA,K562,3.33646125536727,0.2077492071711905,3.69988696664484,2.9730355440897,0.2187187700530151,0.8035476680482839,Schofield2018_NatMethods_TimeLapseSeq_SuppTable2
DSN1,RNA,K562,0.8312948638629059,0.8338162674781744,0.846030129097741,0.816559598628071,0.03545507000769518,0.9651660981611859,Schofield2018_NatMethods_TimeLapseSeq_SuppTable2
DST,RNA,K562,1.16727722636744,0.5938153892687646,1.48063908604022,0.853915366694662,0.5503970017984373,0.5767208057287947,Schofield2018_NatMethods_TimeLapseSeq_SuppTable2
DSTYK,RNA,K562,0.4333446628840039,1.599528596814597,0.4377063042132239,0.428983021554784,0.020130805789643446,0.9800704660305958,Schofield2018_NatMethods_TimeLapseSeq_SuppTable2
DTL,RNA,K562,0.5004940290288789,1.384925973852028,0.5216393541816429,0.479348703876114,0.08454814113449022,0.9189274161036505,Schofield2018_NatMethods_TimeLapseSeq_SuppTable2
DTNBP1,RNA,K562,1.90516356644177,0.3638255490338398,2.0405775191643,1.76974961371924,0.14239479001751992,0.8672787958793277,Schofield2018_NatMethods_TimeLapseSeq_SuppTable2
DTWD1,RNA,K562,0.7394755764299509,0.9373496605612448,0.716668516713579,0.7622826361463229,0.061703986581986905,0.9401611459191259,Schofield2018_NatMethods_TimeLapseSeq_SuppTable2
DTX2,RNA,K562,0.5807879603039638,1.1934599680702345,0.5905088270155249,0.571067093592403,0.03347787923449785,0.9670763034629274,Schofield2018_NatMethods_TimeLapseSeq_SuppTable2
DUS1L,RNA,K562,4.28658303715716,0.16170156382171402,5.29932249218865,3.27384358212568,0.4816142786877695,0.6177853087732285,Schofield2018_NatMethods_TimeLapseSeq_SuppTable2
DUS3L,RNA,K562,1.8533855933941,0.3739897315650257,1.85441824843159,1.8523529383566,0.0011143446329086892,0.9988862760185105,Schofield2018_NatMethods_TimeLapseSeq_SuppTable2
DUSP16,RNA,K562,0.4297252012930469,1.6130010026739399,0.409985109411777,0.4494652931743179,0.09193779832922697,0.9121618857738386,Schofield2018_NatMethods_TimeLapseSeq_SuppTable2
DUSP3,RNA,K562,1.83208395427254,0.3783381099667843,2.07492994140053,1.58923796714455,0.2666727545315211,0.76592367551063,Schofield2018_NatMethods_TimeLapseSeq_SuppTable2
DUSP7,RNA,K562,0.3644155174516169,1.9020792127820787,0.3611334188995469,0.367697616003687,0.01801343325619456,0.982147838826145,Schofield2018_NatMethods_TimeLapseSeq_SuppTable2
DUT,RNA,K562,4.28367170931614,0.1618114616609128,4.60173992185529,3.965603496777,0.14877642635907515,0.86176176057733,Schofield2018_NatMethods_TimeLapseSeq_SuppTable2
DVL1,RNA,K562,2.38108560527567,0.2911055272536899,2.20078733522252,2.56138387532883,0.15173251274583777,0.859218079890498,Schofield2018_NatMethods_TimeLapseSeq_SuppTable2
DVL3,RNA,K562,3.88947514025336,0.17821098106177732,4.38483988462933,3.3941103958774,0.25611141776086555,0.7740557204323822,Schofield2018_NatMethods_TimeLapseSeq_SuppTable2
DYM,RNA,K562,2.49962559513964,0.2773004012711844,2.26637934959917,2.73287184068012,0.18716945462190246,0.8293031952186768,Schofield2018_NatMethods_TimeLapseSeq_SuppTable2
DYNC1H1,RNA,K562,2.87247980330538,0.2413061981366541,3.04925913901928,2.69570046759149,0.12324057152117773,0.8840509594925726,Schofield2018_NatMethods_TimeLapseSeq_SuppTable2
DYNC1I2,RNA,K562,7.16869684630627,0.09669082058018608,6.8013006226909,7.53609306992163,0.1025900253050396,0.9024968985370596,Schofield2018_NatMethods_TimeLapseSeq_SuppTable2
DYNC1LI1,RNA,K562,2.43604212435525,0.284538257212363,2.27050292713189,2.60158132157862,0.13611809999908048,0.8727395558614196,Schofield2018_NatMethods_TimeLapseSeq_SuppTable2
DYNC1LI2,RNA,K562,1.06006403625158,0.6538729330078357,1.02442807823882,1.09569999426435,0.06725893877863735,0.9349530743829366,Schofield2018_NatMethods_TimeLapseSeq_SuppTable2
DYNLL1,RNA,K562,4.87613630470265,0.14215090334768932,4.82326400965927,4.92900859974604,0.021686993139474125,0.9785464788817332,Schofield2018_NatMethods_TimeLapseSeq_SuppTable2
DYNLL2,RNA,K562,1.57982909023692,0.438748206906354,1.60355398681857,1.55610419365527,0.030037021679226,0.9704096066902993,Schofield2018_NatMethods_TimeLapseSeq_SuppTable2
DYRK1A,RNA,K562,0.4405334924918479,1.5734267481893491,0.435497534650972,0.4455694503327249,0.02286399244920462,0.9773954078893161,Schofield2018_NatMethods_TimeLapseSeq_SuppTable2
DYRK2,RNA,K562,0.3369272313521979,2.0572607852981237,0.388739337840728,0.285115124863668,0.3100159907469274,0.7334352279533998,Schofield2018_NatMethods_TimeLapseSeq_SuppTable2
DYRK3,RNA,K562,0.589921673706,1.1749817161411666,0.591948909758155,0.5878944376538459,0.0068729260936544155,0.9931506384462039,Schofield2018_NatMethods_TimeLapseSeq_SuppTable2
E2F2,RNA,K562,0.3629803010731009,1.9095999934727912,0.376580267678648,0.349380334467553,0.07497010648883323,0.9277712202533515,Schofield2018_NatMethods_TimeLapseSeq_SuppTable2
E2F3,RNA,K562,0.423135093606444,1.6381226493225785,0.437315620373162,0.4089545668397269,0.06705111146905449,0.9351474033577064,Schofield2018_NatMethods_TimeLapseSeq_SuppTable2
E2F4,RNA,K562,1.64944015835046,0.4202317841304012,1.83458793168404,1.46429238501688,0.22544778375889402,0.7981587362088165,Schofield2018_NatMethods_TimeLapseSeq_SuppTable2
E2F6,RNA,K562,0.334634373940206,2.071356783818628,0.31599895304425,0.353269794836162,0.1114931559016744,0.8944975134112518,Schofield2018_NatMethods_TimeLapseSeq_SuppTable2
E2F7,RNA,K562,0.477958037497339,1.4502260160523073,0.4944925294337539,0.461423545560923,0.06921566850687663,0.9331254126109886,Schofield2018_NatMethods_TimeLapseSeq_SuppTable2
E2F8,RNA,K562,0.294787462162217,2.3513455269631414,0.268119270807578,0.321455653516857,0.1814276761430782,0.8340785669010421,Schofield2018_NatMethods_TimeLapseSeq_SuppTable2
E4F1,RNA,K562,0.8577974180116509,0.8080546362177681,0.8042563243942769,0.911338511629025,0.12499638090396595,0.882500096431415,Schofield2018_NatMethods_TimeLapseSeq_SuppTable2
EAF1,RNA,K562,0.3309454629182099,2.0944453338260454,0.33649854554509,0.325392380291329,0.03356204869903885,0.9669949085938239,Schofield2018_NatMethods_TimeLapseSeq_SuppTable2
EARS2,RNA,K562,2.77615335830885,0.24967899503296528,2.63000623488024,2.92230048173746,0.10538492544784418,0.8999780314571088,Schofield2018_NatMethods_TimeLapseSeq_SuppTable2
EBAG9,RNA,K562,2.16391805376104,0.32032043882401523,2.27229229936634,2.05554380815573,0.10024870569348313,0.9046124078002407,Schofield2018_NatMethods_TimeLapseSeq_SuppTable2
EBLN3P,RNA,K562,0.90729327866077,0.7639725729954489,0.944389147353043,0.870197409968497,0.08181821964792721,0.9214394430595774,Schofield2018_NatMethods_TimeLapseSeq_SuppTable2
EBNA1BP2,RNA,K562,13.6943768902923,0.05061545962352657,17.5527616357594,9.83599214482518,0.5791629699564433,0.5603672145120905,Schofield2018_NatMethods_TimeLapseSeq_SuppTable2
EBP,RNA,K562,7.6277762715514,0.09087146186302175,9.43115876060664,5.82439378249617,0.4819640469687562,0.6175692648526179,Schofield2018_NatMethods_TimeLapseSeq_SuppTable2
ECD,RNA,K562,2.10224685056378,0.3297173119198905,2.2127269637024294,1.99176673742514,0.10520362248357289,0.900141214934368,Schofield2018_NatMethods_TimeLapseSeq_SuppTable2
ECE1,RNA,K562,1.58949130379836,0.43608114049038965,1.28667315465392,1.89230945294281,0.3857380786202231,0.6799485954334586,Schofield2018_NatMethods_TimeLapseSeq_SuppTable2
ECHDC1,RNA,K562,4.24159253762802,0.16341672954459846,4.25584421006158,4.22734086519446,0.006719988277420193,0.9933025403515162,Schofield2018_NatMethods_TimeLapseSeq_SuppTable2
ECI1,RNA,K562,3.16611198306399,0.21892693128597282,3.7124163472652,2.61980761886278,0.3485820839896992,0.7056879869610249,Schofield2018_NatMethods_TimeLapseSeq_SuppTable2
ECSIT,RNA,K562,2.54783255292884,0.2720536637163002,2.72638423355367,2.36928087230401,0.14038979505986365,0.8690194298900422,Schofield2018_NatMethods_TimeLapseSeq_SuppTable2
ECT2,RNA,K562,1.48763754758274,0.46593821303195737,1.66292689376285,1.31234820140264,0.23676118606842664,0.789179732629782,Schofield2018_NatMethods_TimeLapseSeq_SuppTable2
EDC3,RNA,K562,1.42710534849735,0.48570148047569484,1.65579461487806,1.19841608211663,0.3232802700917539,0.7237709745812204,Schofield2018_NatMethods_TimeLapseSeq_SuppTable2
EDC4,RNA,K562,3.41908707075837,0.2027287302765887,3.10698848513533,3.7311856563814105,0.18307212918900154,0.8327080910116273,Schofield2018_NatMethods_TimeLapseSeq_SuppTable2
EDEM1,RNA,K562,0.5287850870425949,1.310829668886087,0.601630464615728,0.455939709469462,0.27728282597753034,0.7578401299220755,Schofield2018_NatMethods_TimeLapseSeq_SuppTable2
EDEM3,RNA,K562,1.22510188468039,0.5657873759134544,1.25361766567729,1.19658610368349,0.046560915178751806,0.9545064148701289,Schofield2018_NatMethods_TimeLapseSeq_SuppTable2
EDF1,RNA,K562,7.822866444168071,0.08860526835105116,7.534611698644339,8.1111211896918,0.07372880865218617,0.9289235757221662,Schofield2018_NatMethods_TimeLapseSeq_SuppTable2
EDRF1,RNA,K562,0.866915717366877,0.7995554431349717,0.863226326263075,0.8706051084706788,0.008511584929574186,0.9915245360545086,Schofield2018_NatMethods_TimeLapseSeq_SuppTable2
EEA1,RNA,K562,0.6602969159046999,1.0497507467685745,0.642939512219967,0.677654319589432,0.05258665619308544,0.9487721005150569,Schofield2018_NatMethods_TimeLapseSeq_SuppTable2
EED,RNA,K562,0.935495753973808,0.740941022570747,0.967691427334308,0.903300080613309,0.06885844964364843,0.9334588021531023,Schofield2018_NatMethods_TimeLapseSeq_SuppTable2
EEF1A1,RNA,K562,8.14850128819997,0.08506437638584012,8.54991090022685,7.747091676173089,0.09860335652408667,0.906102036217423,Schofield2018_NatMethods_TimeLapseSeq_SuppTable2
EEF1A1P5,RNA,K562,5.13844222025232,0.13489441952427145,5.13756060337077,5.13932383713387,0.00034314558864788455,0.999656913279066,Schofield2018_NatMethods_TimeLapseSeq_SuppTable2
EEF1B2,RNA,K562,8.89521907528662,0.07792356486033042,10.2798258755491,7.5106122750242,0.31386633128865093,0.730616682223036,Schofield2018_NatMethods_TimeLapseSeq_SuppTable2
EEF1D,RNA,K562,5.80171051493561,0.11947290006551424,5.51832597288875,6.08509505698247,0.09776779932932914,0.9068594526812906,Schofield2018_NatMethods_TimeLapseSeq_SuppTable2
EEF2,RNA,K562,5.27550345073947,0.13138976915327133,5.48278929657116,5.06821760490779,0.07862476861523619,0.9243867182854109,Schofield2018_NatMethods_TimeLapseSeq_SuppTable2
EEF2K,RNA,K562,2.04410702845257,0.3390953462376535,2.57968045736743,1.50853359953772,0.5365274846850838,0.5847753721703897,Schofield2018_NatMethods_TimeLapseSeq_SuppTable2
EEFSEC,RNA,K562,1.01246744768713,0.6846118185264755,1.05912347990975,0.965811415464503,0.09222834621767871,0.9118968975617477,Schofield2018_NatMethods_TimeLapseSeq_SuppTable2
EFCAB14,RNA,K562,0.590797153094965,1.1732405563039814,0.6435317360402129,0.538062570149718,0.17899648888307498,0.8361088350677637,Schofield2018_NatMethods_TimeLapseSeq_SuppTable2
EFCAB2,RNA,K562,2.11061642648599,0.3284098294041901,2.60851792545093,1.61271492752106,0.4808631662041143,0.618249509342464,Schofield2018_NatMethods_TimeLapseSeq_SuppTable2
EFHD2,RNA,K562,2.34602311565099,0.2954562450539224,2.31750483463389,2.3745413966680906,0.02431321810378029,0.9759799672836897,Schofield2018_NatMethods_TimeLapseSeq_SuppTable2
EFL1,RNA,K562,2.23950222801821,0.3095094846917514,2.81459586060218,1.66440859543424,0.5253488224941862,0.5913490525343633,Schofield2018_NatMethods_TimeLapseSeq_SuppTable2
EFR3A,RNA,K562,0.903964952407029,0.7667854585670278,0.9965442793685468,0.8113856254455118,0.20555013868465344,0.8141992706632569,Schofield2018_NatMethods_TimeLapseSeq_SuppTable2
EFTUD2,RNA,K562,4.77391532743419,0.145194695133499,4.41412877009277,5.1337018847756,0.15101653339411814,0.8598334825758424,Schofield2018_NatMethods_TimeLapseSeq_SuppTable2
EGFL7,RNA,K562,1.4291233745652,0.4850156346864245,1.23631147626677,1.62193527286362,0.27148771840083213,0.7622446449937493,Schofield2018_NatMethods_TimeLapseSeq_SuppTable2
EGLN1,RNA,K562,1.9319452034991,0.35878200857070436,1.91607113527641,1.9478192717218,0.01643361876237646,0.9837006764917539,Schofield2018_NatMethods_TimeLapseSeq_SuppTable2
EGR1,RNA,K562,0.362339853612866,1.9129752734859882,0.373728736139392,0.3509509710863409,0.06288369961936602,0.939052679522734,Schofield2018_NatMethods_TimeLapseSeq_SuppTable2
EHBP1,RNA,K562,0.8930408443043119,0.7761651496465587,1.0044525701075,0.781629118501121,0.2508176107002536,0.7781642874560701,Schofield2018_NatMethods_TimeLapseSeq_SuppTable2
EHBP1L1,RNA,K562,3.95116245951632,0.17542867134974668,4.26639427708117,3.6359306419514694,0.15990393814800552,0.852225651408611,Schofield2018_NatMethods_TimeLapseSeq_SuppTable2
EHD1,RNA,K562,1.29734834234031,0.5342799292513564,1.32008149697198,1.27461518770863,0.03504915532907273,0.9655579527721271,Schofield2018_NatMethods_TimeLapseSeq_SuppTable2
EHD4,RNA,K562,1.43222722830891,0.4839645322051117,1.39808672004772,1.46636773657009,0.047683742112456476,0.9534352708263462,Schofield2018_NatMethods_TimeLapseSeq_SuppTable2
EHMT1,RNA,K562,1.4158285534661,0.48956999692021097,1.5241645317803,1.30749257515191,0.15333517364219168,0.8578421475434109,Schofield2018_NatMethods_TimeLapseSeq_SuppTable2
EHMT2,RNA,K562,4.22184819014121,0.16418098172704815,5.12059619284974,3.32310018743268,0.43237273757649536,0.6489674370482418,Schofield2018_NatMethods_TimeLapseSeq_SuppTable2
EI24,RNA,K562,6.75100646600663,0.10267316200186626,6.16538580525883,7.33662712675444,0.17392850291252762,0.8403569785870062,Schofield2018_NatMethods_TimeLapseSeq_SuppTable2
EID1,RNA,K562,6.55193056594478,0.10579281535166793,7.946359234188221,5.15750189770135,0.43226153189466854,0.6490396099275049,Schofield2018_NatMethods_TimeLapseSeq_SuppTable2
EIF1,RNA,K562,1.41718956891339,0.48909983234734505,1.420403765408,1.41397537241878,0.004536022669450929,0.9954742495438446,Schofield2018_NatMethods_TimeLapseSeq_SuppTable2
EIF1AD,RNA,K562,0.471869393591905,1.4689386299960192,0.525731774358913,0.418007012824897,0.2292929385208545,0.7950955852623183,Schofield2018_NatMethods_TimeLapseSeq_SuppTable2
EIF1AX,RNA,K562,4.79035459647596,0.14469642415821604,4.7510558886303,4.82965330432161,0.01640779975815164,0.9837260749915567,Schofield2018_NatMethods_TimeLapseSeq_SuppTable2
EIF1B,RNA,K562,1.23282422640552,0.5622433155624444,1.17408065284838,1.29156779996266,0.09537141100767847,0.909035246064762,Schofield2018_NatMethods_TimeLapseSeq_SuppTable2
EIF2A,RNA,K562,3.11928117761456,0.22221375409639182,3.6408478737615906,2.59771448146754,0.33758457402532016,0.7134916292955895,Schofield2018_NatMethods_TimeLapseSeq_SuppTable2
EIF2AK1,RNA,K562,8.8772538176266,0.0780812619307604,8.87279004309869,8.8817175921545,0.001005665715054869,0.9989948397972374,Schofield2018_NatMethods_TimeLapseSeq_SuppTable2
EIF2AK2,RNA,K562,3.84904059271202,0.18008310483199044,3.6295668064358706,4.06851437898817,0.11416461128627858,0.8921110922406363,Schofield2018_NatMethods_TimeLapseSeq_SuppTable2
EIF2AK3,RNA,K562,0.463492295398547,1.4954880317135002,0.448555726711626,0.4784288640854679,0.0644746103549061,0.93755991827344,Schofield2018_NatMethods_TimeLapseSeq_SuppTable2
EIF2AK4,RNA,K562,3.38754635572621,0.20461629385182267,3.89993115844642,2.875161553006,0.304850036278907,0.7372339244447976,Schofield2018_NatMethods_TimeLapseSeq_SuppTable2
EIF2B1,RNA,K562,4.90503131614661,0.14131350767898487,5.32013497948666,4.48992765280656,0.16966208645197517,0.8439499505405017,Schofield2018_NatMethods_TimeLapseSeq_SuppTable2
EIF2B3,RNA,K562,3.17335917605803,0.21842695456269712,2.95643936120606,3.39027899091,0.13692659047229394,0.8720342394041468,Schofield2018_NatMethods_TimeLapseSeq_SuppTable2
EIF2B4,RNA,K562,3.3624773062296094,0.20614181671226814,4.25089838153998,2.47405623091924,0.5412713420309951,0.5820078507788181,Schofield2018_NatMethods_TimeLapseSeq_SuppTable2
EIF2B5,RNA,K562,2.90621006142585,0.238505533292343,2.63458942761964,3.17783069523206,0.1874714377888841,0.8290527974232592,Schofield2018_NatMethods_TimeLapseSeq_SuppTable2
EIF2D,RNA,K562,4.04573862900222,0.1713277213686176,4.07284097925322,4.01863627875122,0.013398174309383403,0.98669118171367,Schofield2018_NatMethods_TimeLapseSeq_SuppTable2
EIF2S1,RNA,K562,3.58512254396681,0.19333988505536626,4.00886235346131,3.1613827344723,0.23749799259737528,0.7885984740141343,Schofield2018_NatMethods_TimeLapseSeq_SuppTable2
EIF2S2,RNA,K562,3.47711489028502,0.19934549257966216,3.6439527031980905,3.31027707737195,0.09603710488824849,0.9084303082382786,Schofield2018_NatMethods_TimeLapseSeq_SuppTable2
EIF2S3,RNA,K562,7.35796213454151,0.09420368953871176,8.47283044470601,6.24309382437701,0.30538876107013785,0.7368368652151911,Schofield2018_NatMethods_TimeLapseSeq_SuppTable2
EIF3A,RNA,K562,2.85339919150488,0.24291980688281478,3.02304838169931,2.68375000131046,0.1190506495017954,0.8877628348779109,Schofield2018_NatMethods_TimeLapseSeq_SuppTable2
EIF3B,RNA,K562,5.1042304561155,0.1357985668004996,5.11613669211671,5.09232422011429,0.004665250794638642,0.9953456145847097,Schofield2018_NatMethods_TimeLapseSeq_SuppTable2
EIF3C,RNA,K562,1.56129072231993,0.4439577912369801,1.50652262579961,1.61605881884025,0.07018625897326129,0.9322201693628653,Schofield2018_NatMethods_TimeLapseSeq_SuppTable2
EIF3CL,RNA,K562,1.58394670947736,0.4376076394569212,1.6882363762415,1.47965704271321,0.13187408666195308,0.8764513450464516,Schofield2018_NatMethods_TimeLapseSeq_SuppTable2
EIF3D,RNA,K562,4.39135540042981,0.15784356248918102,4.67472593352328,4.10798486733635,0.12923792882324509,0.8787648571817378,Schofield2018_NatMethods_TimeLapseSeq_SuppTable2
EIF3E,RNA,K562,5.77421580943834,0.12004178635425265,6.46583562434783,5.08259599452885,0.24071010383616218,0.7860694718853917,Schofield2018_NatMethods_TimeLapseSeq_SuppTable2
EIF3F,RNA,K562,4.51660434459053,0.15346643798678478,5.42952985737396,3.6036788318071,0.40989732635741266,0.6637183930230842,Schofield2018_NatMethods_TimeLapseSeq_SuppTable2
EIF3G,RNA,K562,7.28875297334157,0.09509818525817978,7.804619763253729,6.77288618342942,0.1417885200717356,0.8678047603700065,Schofield2018_NatMethods_TimeLapseSeq_SuppTable2
EIF3H,RNA,K562,7.17073786220314,0.09666329935354553,6.8153238736143,7.52615185079198,0.09921028113321673,0.9055522674442347,Schofield2018_NatMethods_TimeLapseSeq_SuppTable2
EIF3I,RNA,K562,8.00463592158068,0.0865932176491881,8.48938191324312,7.51988992991825,0.12126469505926177,0.8857994618180036,Schofield2018_NatMethods_TimeLapseSeq_SuppTable2
EIF3J,RNA,K562,4.40397253068668,0.15739134968034593,4.58967034782,4.21827471355335,0.08438199304526532,0.9190801068222567,Schofield2018_NatMethods_TimeLapseSeq_SuppTable2
EIF3K,RNA,K562,9.02923767308466,0.07676696590080404,9.30827177208438,8.75020357408494,0.061826476993691606,0.9400459922460479,Schofield2018_NatMethods_TimeLapseSeq_SuppTable2
EIF3L,RNA,K562,3.4397700516357,0.20150974342902248,3.4354287282157,3.44411137505569,0.0025241953153319783,0.9974789877868425,Schofield2018_NatMethods_TimeLapseSeq_SuppTable2
EIF3M,RNA,K562,5.87262217773443,0.1180302698831804,5.35126370734421,6.39398064812466,0.17802428406947543,0.8369220993675863,Schofield2018_NatMethods_TimeLapseSeq_SuppTable2
EIF4A2,RNA,K562,0.71886886194345,0.9642192300359671,0.7136231971730699,0.72411452671383,0.014594477957737904,0.985511505219524,Schofield2018_NatMethods_TimeLapseSeq_SuppTable2
EIF4A3,RNA,K562,1.98441106998276,0.3492961670315451,2.15733257104588,1.81148956891964,0.17472306466030152,0.8396895282777033,Schofield2018_NatMethods_TimeLapseSeq_SuppTable2
EIF4B,RNA,K562,5.12847768265193,0.13515651689479902,5.05464592453383,5.20230944077004,0.028794844802268932,0.971615776047656,Schofield2018_NatMethods_TimeLapseSeq_SuppTable2
EIF4E,RNA,K562,1.70999013416384,0.4053515670713996,1.76832425285034,1.65165601547734,0.0682539179923257,0.9340232781488215,Schofield2018_NatMethods_TimeLapseSeq_SuppTable2
EIF4E2,RNA,K562,3.74199223200938,0.18523479942868246,4.21701407873077,3.26697038528798,0.25526424554970517,0.7747117567772662,Schofield2018_NatMethods_TimeLapseSeq_SuppTable2
EIF4EBP1,RNA,K562,5.62801040301601,0.12316025218938699,7.00601367428787,4.25000713174414,0.49984821557775516,0.6066227286055268,Schofield2018_NatMethods_TimeLapseSeq_SuppTable2
EIF4EBP2,RNA,K562,8.01555285181768,0.08647528041721549,7.75338710282823,8.27771860080714,0.0654376057130588,0.9366574870124502,Schofield2018_NatMethods_TimeLapseSeq_SuppTable2
EIF4ENIF1,RNA,K562,0.608147325177679,1.1397685262488533,0.6687897279868918,0.547504922368467,0.2000982505036916,0.8186503163206448,Schofield2018_NatMethods_TimeLapseSeq_SuppTable2
EIF4G1,RNA,K562,3.2574315841149506,0.21278948234557457,3.52423711282401,2.99062605540589,0.16418124238382603,0.8485882077921449,Schofield2018_NatMethods_TimeLapseSeq_SuppTable2
EIF4G2,RNA,K562,4.41166566842982,0.15711688796368992,4.56200460313617,4.26132673372346,0.06818158124367568,0.9340908447996726,Schofield2018_NatMethods_TimeLapseSeq_SuppTable2
EIF4G3,RNA,K562,3.36273733998839,0.20612587617751268,3.44995299166155,3.27552168831524,0.051883454801782684,0.9494395130113638,Schofield2018_NatMethods_TimeLapseSeq_SuppTable2
EIF4H,RNA,K562,4.64678275601697,0.14916711560539628,4.86243251518728,4.43113299684666,0.09288352337048879,0.9112996392251199,Schofield2018_NatMethods_TimeLapseSeq_SuppTable2
EIF5,RNA,K562,1.55113177725455,0.4468654376914333,1.65049823105133,1.45176532345778,0.12829692016796626,0.8795921717123188,Schofield2018_NatMethods_TimeLapseSeq_SuppTable2
EIF5A,RNA,K562,10.2803407336571,0.06742453373073823,9.93586565237377,10.6248158149404,0.06704137579502033,0.9351565076923177,Schofield2018_NatMethods_TimeLapseSeq_SuppTable2
EIF5B,RNA,K562,5.84014870457273,0.11868656358308542,6.63214413060027,5.04815327854519,0.27290566120587695,0.7611645915916313,Schofield2018_NatMethods_TimeLapseSeq_SuppTable2
ELAC2,RNA,K562,4.33106779323463,0.16004071366481032,4.53090433415409,4.13123125231516,0.09234606524461764,0.9117895562644787,Schofield2018_NatMethods_TimeLapseSeq_SuppTable2
ELAVL1,RNA,K562,2.23223175658977,0.3105175699224357,2.38791194416343,2.07655156901612,0.1397107021815856,0.8696097752229341,Schofield2018_NatMethods_TimeLapseSeq_SuppTable2
ELF1,RNA,K562,0.424761414508185,1.6318506269278577,0.384415372514526,0.4651074565018439,0.19054480091241394,0.8265087285544347,Schofield2018_NatMethods_TimeLapseSeq_SuppTable2
ELF2,RNA,K562,0.5318141809936399,1.3033634779442538,0.562576827049687,0.501051534937594,0.11581874623224249,0.8906366399150332,Schofield2018_NatMethods_TimeLapseSeq_SuppTable2
ELF4,RNA,K562,0.941288140956184,0.7363815078513888,1.0300784804121,0.8524978015002719,0.18921964262684163,0.8276047094578813,Schofield2018_NatMethods_TimeLapseSeq_SuppTable2
ELK1,RNA,K562,2.10221257380364,0.32972268798953996,2.2216689342319,1.98275621337537,0.11377078192919407,0.8924625009715367,Schofield2018_NatMethods_TimeLapseSeq_SuppTable2
ELK4,RNA,K562,1.00647309637215,0.6886892288113875,0.971782868073207,1.04116332467109,0.06896155565393727,0.9333625619018027,Schofield2018_NatMethods_TimeLapseSeq_SuppTable2
ELL,RNA,K562,0.4732374240490119,1.464692235515503,0.405159043960924,0.5413158041371,0.2897231588513734,0.7484707464005774,Schofield2018_NatMethods_TimeLapseSeq_SuppTable2
ELMO2,RNA,K562,0.887771829469105,0.7807717676449061,0.799792485815453,0.975751173122756,0.19885530704886867,0.8196684850050739,Schofield2018_NatMethods_TimeLapseSeq_SuppTable2
ELMSAN1,RNA,K562,0.3621706497339899,1.913869003656298,0.343548549927907,0.3807927495400719,0.10292682204173703,0.9021929917070398,Schofield2018_NatMethods_TimeLapseSeq_SuppTable2
ELOA,RNA,K562,0.8375013166104999,0.827637123443843,0.924912727414073,0.750089905806928,0.2095063105645294,0.810984521646788,Schofield2018_NatMethods_TimeLapseSeq_SuppTable2
ELOF1,RNA,K562,2.29935866582606,0.3014523966451,2.02545912587954,2.57325820577258,0.23937647660563363,0.7871184948855251,Schofield2018_NatMethods_TimeLapseSeq_SuppTable2
ELOVL1,RNA,K562,1.33069801709202,0.5208899176649281,1.39163910705387,1.26975692713016,0.09165677993258467,0.9124182560651539,Schofield2018_NatMethods_TimeLapseSeq_SuppTable2
ELOVL5,RNA,K562,2.71568771833928,0.25523817627448875,2.61216345238485,2.8192119842937,0.07627862076716195,0.9265580122877058,Schofield2018_NatMethods_TimeLapseSeq_SuppTable2
ELOVL6,RNA,K562,1.6962140788267,0.40864369021120667,1.98714260564852,1.40528555200489,0.3464572083228386,0.7071890804466263,Schofield2018_NatMethods_TimeLapseSeq_SuppTable2
ELP2,RNA,K562,2.63961477297838,0.26259406776157734,2.6050969992693,2.67413254668746,0.026155135829104875,0.974183947050913,Schofield2018_NatMethods_TimeLapseSeq_SuppTable2
ELP3,RNA,K562,2.36084134605872,0.2936017626585166,2.61575164849845,2.10593104361898,0.21679382314427775,0.8050959443446674,Schofield2018_NatMethods_TimeLapseSeq_SuppTable2
ELP5,RNA,K562,1.37850661175385,0.5028247051191623,1.62259072321811,1.13442250028959,0.3579003726017863,0.6991427253076313,Schofield2018_NatMethods_TimeLapseSeq_SuppTable2
ELP6,RNA,K562,1.80215541086909,0.3846212021335468,1.70205361894483,1.90225720279335,0.1112056493794217,0.894754724253622,Schofield2018_NatMethods_TimeLapseSeq_SuppTable2
EMC1,RNA,K562,2.27576949408466,0.3045770594788366,2.40282056122981,2.14871842693951,0.11177169723323589,0.8942483935794833,Schofield2018_NatMethods_TimeLapseSeq_SuppTable2
EMC3,RNA,K562,3.46333028766387,0.20013891918679688,3.73897406352941,3.18768651179833,0.15951583695293498,0.8525564653928914,Schofield2018_NatMethods_TimeLapseSeq_SuppTable2
EMC3-AS1,RNA,K562,1.48781537324375,0.4658825234805437,1.59820298922524,1.37742775726226,0.14866205047544864,0.8618603309771025,Schofield2018_NatMethods_TimeLapseSeq_SuppTable2
EMC6,RNA,K562,1.98011448489324,0.35005409325982334,1.91705173194987,2.04317723783662,0.063717616197332,0.9382699143514854,Schofield2018_NatMethods_TimeLapseSeq_SuppTable2
EMC8,RNA,K562,1.42934747967932,0.484939589857783,1.42485319181275,1.43384176754589,0.006288607552186466,0.9937311243565428,Schofield2018_NatMethods_TimeLapseSeq_SuppTable2
EMD,RNA,K562,3.94228852665983,0.17582355423062498,4.32277943547887,3.5617976178408,0.19363321696126246,0.8239600634276245,Schofield2018_NatMethods_TimeLapseSeq_SuppTable2
EMG1,RNA,K562,1.74989275836798,0.39610837706786217,1.64502567810237,1.85475983863359,0.11999922674975197,0.8869211225288703,Schofield2018_NatMethods_TimeLapseSeq_SuppTable2
EML4,RNA,K562,3.23544866565328,0.21423525828681003,3.5304118804128106,2.94048545089376,0.18283985707074266,0.8329015283479981,Schofield2018_NatMethods_TimeLapseSeq_SuppTable2
EMP3,RNA,K562,6.20619792558506,0.11168628343328289,6.44267659873802,5.96971925243211,0.07624417478640984,0.9265899290368615,Schofield2018_NatMethods_TimeLapseSeq_SuppTable2
EMSY,RNA,K562,0.607765842983622,1.1404839356505663,0.6795066359660469,0.536025050001197,0.23718610444234653,0.7888444668963921,Schofield2018_NatMethods_TimeLapseSeq_SuppTable2
ENDOD1,RNA,K562,0.85759979079928,0.8082408461339928,0.9160716517424288,0.799127929856131,0.13657353863076574,0.8723421670522572,Schofield2018_NatMethods_TimeLapseSeq_SuppTable2
ENO1,RNA,K562,9.83405010496333,0.07048440603430604,10.7437193277976,8.92438088212903,0.18553437894656047,0.8306602778647306,Schofield2018_NatMethods_TimeLapseSeq_SuppTable2
ENOPH1,RNA,K562,3.3011350957698,0.20997237630419016,3.51256792045008,3.08970227108952,0.12827263738660188,0.8796135309160438,Schofield2018_NatMethods_TimeLapseSeq_SuppTable2
ENOSF1,RNA,K562,2.579154981069,0.26874972060525487,2.28715446571862,2.87115549641938,0.22740610721779606,0.796597212714857,Schofield2018_NatMethods_TimeLapseSeq_SuppTable2
ENSA,RNA,K562,2.37443402257006,0.29192101105832824,2.34231441668656,2.40655362845355,0.027056186821710532,0.9733065529862013,Schofield2018_NatMethods_TimeLapseSeq_SuppTable2
ENTPD1-AS1,RNA,K562,1.4029438792244,0.4940662209119463,1.4070649514896,1.39882280695919,0.005874909437660322,0.9941423140973807,Schofield2018_NatMethods_TimeLapseSeq_SuppTable2
ENY2,RNA,K562,7.793607690172769,0.08893791015859813,7.4226018375674,8.16461354277815,0.09527974667191554,0.9091185759959107,Schofield2018_NatMethods_TimeLapseSeq_SuppTable2
EP300,RNA,K562,0.5373867869059419,1.2898478292531335,0.5402755851619179,0.534497988649966,0.01075138486173899,0.9893062047025124,Schofield2018_NatMethods_TimeLapseSeq_SuppTable2
EP400,RNA,K562,1.62567329212155,0.4263754494332428,1.89498231961765,1.35636426462544,0.334401723300957,0.7157661845093695,Schofield2018_NatMethods_TimeLapseSeq_SuppTable2
EP400NL,RNA,K562,0.680736707566655,1.0182309442921809,0.6463641841548599,0.715109230978451,0.10107220412947314,0.9038677675443645,Schofield2018_NatMethods_TimeLapseSeq_SuppTable2
EPAS1,RNA,K562,0.799556870375531,0.8669141698881183,0.677255350817731,0.921858389933332,0.3083432399310595,0.7346631090125562,Schofield2018_NatMethods_TimeLapseSeq_SuppTable2
EPB41,RNA,K562,6.02515068083151,0.11504229807316395,6.11982128590747,5.93048007575555,0.031427727590244176,0.969060990295921,Schofield2018_NatMethods_TimeLapseSeq_SuppTable2
EPB41L2,RNA,K562,6.19178464707322,0.11194626752524207,7.809318103294661,4.57425119085179,0.5348746381214229,0.585742715349496,Schofield2018_NatMethods_TimeLapseSeq_SuppTable2
EPC1,RNA,K562,0.3285151237090089,2.109939940463499,0.309030273758622,0.347999973659396,0.1187631586555345,0.888018095257342,Schofield2018_NatMethods_TimeLapseSeq_SuppTable2
EPC2,RNA,K562,0.4893318137865739,1.4165177105412303,0.409933537561724,0.568730090011423,0.32741092002892414,0.7207874961451229,Schofield2018_NatMethods_TimeLapseSeq_SuppTable2
EPHB4,RNA,K562,0.61763670556934,1.1222571040705869,0.654281564143761,0.58099184699492,0.11880106097861072,0.8879844379464472,Schofield2018_NatMethods_TimeLapseSeq_SuppTable2
EPM2AIP1,RNA,K562,0.412119922766643,1.6819065089275724,0.433491603624784,0.3907482419085009,0.10380895721506489,0.901397486459091,Schofield2018_NatMethods_TimeLapseSeq_SuppTable2
EPN1,RNA,K562,3.9727674100442,0.1744746442511301,4.04709582842412,3.89843899166428,0.037423330029440975,0.9632682686395088,Schofield2018_NatMethods_TimeLapseSeq_SuppTable2
EPPK1,RNA,K562,1.38208537423502,0.5015226942428214,1.5341709334087,1.22999981506135,0.22097610757178512,0.8017358354772588,Schofield2018_NatMethods_TimeLapseSeq_SuppTable2
EPRS,RNA,K562,7.0358972912871796,0.09851581850381698,7.424302821537689,6.64749176103667,0.11051917946457672,0.8953691573237674,Schofield2018_NatMethods_TimeLapseSeq_SuppTable2
EPS15,RNA,K562,4.77264804415269,0.14523324874315197,4.75999598581723,4.78530010248815,0.0053019153543982945,0.9947121149919598,Schofield2018_NatMethods_TimeLapseSeq_SuppTable2
EPS15L1,RNA,K562,1.36522788974491,0.5077153680836819,1.40502440632178,1.32543137316804,0.058316702573726995,0.9433511383890427,Schofield2018_NatMethods_TimeLapseSeq_SuppTable2
ERAL1,RNA,K562,3.29269940015636,0.21051031276254065,3.8689996470294106,2.71639915328331,0.3536888219359287,0.7020934094343847,Schofield2018_NatMethods_TimeLapseSeq_SuppTable2
ERBIN,RNA,K562,1.4446631215867,0.4797984874139024,1.40071226858856,1.48861397458485,0.06086459811370866,0.9409506376421032,Schofield2018_NatMethods_TimeLapseSeq_SuppTable2
ERC1,RNA,K562,1.30401486261216,0.5315485278836896,1.17913626788552,1.4288934573388,0.19211814458872276,0.8252093687107835,Schofield2018_NatMethods_TimeLapseSeq_SuppTable2
ERCC2,RNA,K562,2.27530058701159,0.304639828476612,1.96934054698841,2.58126062703478,0.2705791557420312,0.7629375067215461,Schofield2018_NatMethods_TimeLapseSeq_SuppTable2
ERCC3,RNA,K562,1.12465861382545,0.6163178515142939,1.33082137149135,0.9184958561595548,0.3708142100313856,0.6901721567112096,Schofield2018_NatMethods_TimeLapseSeq_SuppTable2
ERCC6,RNA,K562,0.8905039137396679,0.778376343849042,0.9679105107772508,0.8130973167020858,0.17428883233405548,0.8400542277913203,Schofield2018_NatMethods_TimeLapseSeq_SuppTable2
ERCC6L,RNA,K562,0.6397535483409679,1.0834596890590755,0.723852059212926,0.55565503746901,0.26443936790857325,0.7676361908442956,Schofield2018_NatMethods_TimeLapseSeq_SuppTable2
ERCC6L2,RNA,K562,0.7869827910209078,0.880765359126551,0.723018895458146,0.85094668658367,0.16291412203398428,0.849664152710764,Schofield2018_NatMethods_TimeLapseSeq_SuppTable2
ERCC8,RNA,K562,1.40304130708449,0.4940319127170249,1.36502627482095,1.44105633934802,0.05420273624462693,0.9472400471438415,Schofield2018_NatMethods_TimeLapseSeq_SuppTable2
ERGIC2,RNA,K562,1.6607864273569,0.4173608172262533,2.07887838926378,1.24269446545003,0.5145465341717638,0.5977716021619338,Schofield2018_NatMethods_TimeLapseSeq_SuppTable2
ERGIC3,RNA,K562,4.38802434514308,0.15796338535066717,4.34508929432222,4.43095939596394,0.01956981898879785,0.980620426871901,Schofield2018_NatMethods_TimeLapseSeq_SuppTable2
ERI1,RNA,K562,0.987737280927185,0.7017525752488464,1.10088993257309,0.874584629281281,0.2301250970556918,0.7944342149056902,Schofield2018_NatMethods_TimeLapseSeq_SuppTable2
ERI2,RNA,K562,1.68119927872055,0.41229328928064607,1.77920970049778,1.58318885694331,0.11672820025879474,0.8898270150507677,Schofield2018_NatMethods_TimeLapseSeq_SuppTable2
ERI3,RNA,K562,2.49981660094974,0.27727921332173017,2.35402838621107,2.64560481568842,0.11677163546836337,0.8897883660672585,Schofield2018_NatMethods_TimeLapseSeq_SuppTable2
ERICH1,RNA,K562,0.8773855851454159,0.7900143247111413,0.844128980551009,0.910642189739823,0.07584475015225646,0.9269601058042157,Schofield2018_NatMethods_TimeLapseSeq_SuppTable2
ERLIN1,RNA,K562,0.4565750819030349,1.518145006229561,0.4740665714811009,0.439083592324968,0.07665794772878837,0.9262066105044331,Schofield2018_NatMethods_TimeLapseSeq_SuppTable2
ERLIN2,RNA,K562,3.41980126032473,0.2026863925110452,3.56091271271599,3.27868980793348,0.08257299818625055,0.9207442227452827,Schofield2018_NatMethods_TimeLapseSeq_SuppTable2
ERMAP,RNA,K562,0.8419742429490819,0.8232403619998423,0.818152534756444,0.865795951141719,0.05660046653471176,0.9449715417097435,Schofield2018_NatMethods_TimeLapseSeq_SuppTable2
ERP29,RNA,K562,4.75077668903703,0.14590186530119653,5.43788235123163,4.06367102684243,0.29130295253030714,0.7472892505521098,Schofield2018_NatMethods_TimeLapseSeq_SuppTable2
ERP44,RNA,K562,5.1016036384271,0.1358684895351166,3.7487144847081706,6.45449279214603,0.5433634681126205,0.5807914898084152,Schofield2018_NatMethods_TimeLapseSeq_SuppTable2
ESCO1,RNA,K562,0.6037864044912719,1.148000642949166,0.5717714998140179,0.635801309168527,0.10614667184472908,0.8992927374776178,Schofield2018_NatMethods_TimeLapseSeq_SuppTable2
ESCO2,RNA,K562,0.7882824218606849,0.8793132528869798,0.728669011265847,0.847895832455523,0.1515381914412013,0.8593850604921683,Schofield2018_NatMethods_TimeLapseSeq_SuppTable2
ESD,RNA,K562,3.4112447525310894,0.20319479569609922,3.00658923365676,3.81590027140542,0.23837032761472016,0.7879108519126509,Schofield2018_NatMethods_TimeLapseSeq_SuppTable2
ESF1,RNA,K562,0.5940508124386898,1.1668146327659183,0.620778032575199,0.5673235923021799,0.09004373210886912,0.9138912180070677,Schofield2018_NatMethods_TimeLapseSeq_SuppTable2
ESPL1,RNA,K562,2.26824785137923,0.3055870548443242,2.08854111252336,2.44795459023511,0.1587870247841924,0.8531780453994326,Schofield2018_NatMethods_TimeLapseSeq_SuppTable2
ESRRA,RNA,K562,0.737999593388594,0.9392243393757107,0.7578752259172649,0.718123960859922,0.05387656090130532,0.9475490638855077,Schofield2018_NatMethods_TimeLapseSeq_SuppTable2
ESYT1,RNA,K562,5.19638019624053,0.13339038992208893,5.49775110883368,4.89500928364737,0.11612294677958249,0.8903657489663663,Schofield2018_NatMethods_TimeLapseSeq_SuppTable2
ESYT2,RNA,K562,3.52760472764974,0.19649230400645065,3.70237102650964,3.35283842878984,0.09916615312593269,0.9055922285429838,Schofield2018_NatMethods_TimeLapseSeq_SuppTable2
ETF1,RNA,K562,4.36002875017503,0.15897766282667733,4.72440972666548,3.99564777368458,0.16753691539065924,0.8457453956908888,Schofield2018_NatMethods_TimeLapseSeq_SuppTable2
ETFA,RNA,K562,7.54894060597513,0.09182045756345018,9.76515294838119,5.33272826356907,0.6049572505677722,0.5460977715103889,Schofield2018_NatMethods_TimeLapseSeq_SuppTable2
ETNK1,RNA,K562,1.88174418132162,0.3683535665688212,1.87297597248616,1.89051239015708,0.009319303210165176,0.9907239869136945,Schofield2018_NatMethods_TimeLapseSeq_SuppTable2
ETS2,RNA,K562,0.343923980620712,2.0154081123071363,0.378870876596244,0.3089770846451799,0.20392833761254286,0.815520811261646,Schofield2018_NatMethods_TimeLapseSeq_SuppTable2
ETV3,RNA,K562,0.3375125575300579,2.053693011105863,0.3558570838305499,0.319168031229566,0.10881149256480746,0.8968994737829799,Schofield2018_NatMethods_TimeLapseSeq_SuppTable2
ETV6,RNA,K562,0.6546610281524449,1.05878790817305,0.595816199941236,0.713505856363654,0.18025841467782341,0.8350543932151905,Schofield2018_NatMethods_TimeLapseSeq_SuppTable2
EVI5,RNA,K562,1.15507562166433,0.6000881393039882,0.933578697925178,1.37657254540348,0.38832676241377806,0.6781906998236272,Schofield2018_NatMethods_TimeLapseSeq_SuppTable2
EVL,RNA,K562,1.93660258624238,0.3579191649768833,1.9207365633373,1.95246860914746,0.016385786129295223,0.9837477306106265,Schofield2018_NatMethods_TimeLapseSeq_SuppTable2
EWSR1,RNA,K562,6.02979759769999,0.11495363970829466,6.77698543389291,5.28260976150708,0.24911212818904702,0.7794925653946089,Schofield2018_NatMethods_TimeLapseSeq_SuppTable2
EXO1,RNA,K562,1.19679702515739,0.5791685356744515,1.11376075054147,1.27983329977331,0.13898748257938512,0.8702389215366911,Schofield2018_NatMethods_TimeLapseSeq_SuppTable2
EXOC1,RNA,K562,1.99296369096741,0.34779719455073604,2.18298585556709,1.80294152636773,0.1912740857952045,0.8259061879717801,Schofield2018_NatMethods_TimeLapseSeq_SuppTable2
EXOC2,RNA,K562,3.28265613396696,0.21115436776568625,3.7416378002069,2.82367446772702,0.2814843905449662,0.7546626954567542,Schofield2018_NatMethods_TimeLapseSeq_SuppTable2
EXOC3,RNA,K562,2.28699497791059,0.3030820737495489,2.65092670893168,1.9230632468895,0.320989924586555,0.7254305599661379,Schofield2018_NatMethods_TimeLapseSeq_SuppTable2
EXOC3L2,RNA,K562,1.2322387945661,0.5625104351661145,1.20555648174127,1.25892110739092,0.04331381926992443,0.9576108261777844,Schofield2018_NatMethods_TimeLapseSeq_SuppTable2
EXOC4,RNA,K562,2.73831329356733,0.25312924645556156,2.98504060077539,2.49158598635928,0.18069389832394123,0.8346908198541987,Schofield2018_NatMethods_TimeLapseSeq_SuppTable2
EXOC5,RNA,K562,3.84240283876138,0.1803941985383774,4.61445548152457,3.07035019599819,0.4074022467068787,0.6653764909622178,Schofield2018_NatMethods_TimeLapseSeq_SuppTable2
EXOC7,RNA,K562,2.92512585196702,0.23696319941032074,3.13305859002693,2.71719311390711,0.1424103086582173,0.867265336995742,Schofield2018_NatMethods_TimeLapseSeq_SuppTable2
EXOC8,RNA,K562,0.3074132822108949,2.2547730390010443,0.370592929154333,0.244233635267458,0.41697894546543235,0.6590347954689313,Schofield2018_NatMethods_TimeLapseSeq_SuppTable2
EXOG,RNA,K562,1.09844841539998,0.6310238795397127,0.984895804681474,1.21200102611849,0.20749215973381044,0.812619612902198,Schofield2018_NatMethods_TimeLapseSeq_SuppTable2
EXOSC10,RNA,K562,3.04527898867227,0.22761368765827095,2.85227351589906,3.23828446144547,0.12692730122415016,0.8807977031844489,Schofield2018_NatMethods_TimeLapseSeq_SuppTable2
EXOSC2,RNA,K562,1.9702606340068,0.35180481637616323,1.99343464177294,1.94708662624067,0.023524884071902445,0.9767496688574407,Schofield2018_NatMethods_TimeLapseSeq_SuppTable2
EXOSC4,RNA,K562,1.53405229333274,0.45184064687526254,1.40144647808363,1.66665810858184,0.1733155870318781,0.8408722046035713,Schofield2018_NatMethods_TimeLapseSeq_SuppTable2
EXOSC6,RNA,K562,0.687985409615757,1.0075027331569009,0.7499618046405309,0.626009014590982,0.18065750678606785,0.8347211960894976,Schofield2018_NatMethods_TimeLapseSeq_SuppTable2
EXOSC7,RNA,K562,1.76296349471526,0.3931716014754446,1.64305513701998,1.88287185241054,0.13624079510794518,0.8726324815554838,Schofield2018_NatMethods_TimeLapseSeq_SuppTable2
EXOSC9,RNA,K562,2.64288102396762,0.26226953626514726,2.28336905966149,3.00239298827376,0.27375762341147214,0.7605163842906267,Schofield2018_NatMethods_TimeLapseSeq_SuppTable2
EXPH5,RNA,K562,0.378230739598478,1.8326040376722845,0.3880383158775659,0.36842316331939,0.05187190914498552,0.9494504749774121,Schofield2018_NatMethods_TimeLapseSeq_SuppTable2
EXT2,RNA,K562,2.26716430502031,0.30573310413588917,2.45349387190581,2.08083473813482,0.16474394923159769,0.8481108357195453,Schofield2018_NatMethods_TimeLapseSeq_SuppTable2
EXTL3,RNA,K562,1.02360998262744,0.6771594575316171,1.06775544806194,0.979464517192945,0.08630800078442397,0.9173116549962355,Schofield2018_NatMethods_TimeLapseSeq_SuppTable2
EYA3,RNA,K562,1.62824438548577,0.425702177596118,1.68349872619398,1.57299004477755,0.06789590773380605,0.9343577279287487,Schofield2018_NatMethods_TimeLapseSeq_SuppTable2
EZH2,RNA,K562,2.08673882870758,0.33216767284157234,2.19684309888166,1.97663455853351,0.10562569414186812,0.8997613710053982,Schofield2018_NatMethods_TimeLapseSeq_SuppTable2
EZR,RNA,K562,2.5143972157864,0.2756713124752476,2.62097515995112,2.40781927162169,0.08482497566228692,0.9186730604751685,Schofield2018_NatMethods_TimeLapseSeq_SuppTable2
F11R,RNA,K562,1.33450843653436,0.5194026216574604,1.4304247380796,1.23859213498913,0.1439960602246036,0.865891159469171,Schofield2018_NatMethods_TimeLapseSeq_SuppTable2
F2R,RNA,K562,0.8148084386863659,0.8506872875266697,0.769192678849623,0.860424198523109,0.11208402594125375,0.8939691377461465,Schofield2018_NatMethods_TimeLapseSeq_SuppTable2
F2RL3,RNA,K562,0.5128644294368209,1.3515212613225953,0.526599949883196,0.4991289089904449,0.05357675485261038,0.9478331874151441,Schofield2018_NatMethods_TimeLapseSeq_SuppTable2
FADD,RNA,K562,0.365107175145757,1.8984759208942663,0.360482159938249,0.3697321903532659,0.02533646520007435,0.9749818093843038,Schofield2018_NatMethods_TimeLapseSeq_SuppTable2
FADS1,RNA,K562,5.29748068625771,0.1308446828995622,5.96278073490774,4.63218063760768,0.2525092012620428,0.7768490648146149,Schofield2018_NatMethods_TimeLapseSeq_SuppTable2
FADS2,RNA,K562,2.78851305513824,0.24857232756458536,3.34891488516742,2.22811122510906,0.40748213616765394,0.6653233365164106,Schofield2018_NatMethods_TimeLapseSeq_SuppTable2
FAF1,RNA,K562,2.55517150288308,0.2712722726352597,2.5830393778616494,2.52730362790451,0.021813784315652417,0.978422415687956,Schofield2018_NatMethods_TimeLapseSeq_SuppTable2
FAF2,RNA,K562,0.704505533466786,0.9838775533089887,0.7285979725193639,0.680413094414208,0.06842199635584355,0.9338663022372393,Schofield2018_NatMethods_TimeLapseSeq_SuppTable2
FAH,RNA,K562,3.8258432058204295,0.18117500986591112,3.5718709844777,4.07981542716316,0.1329622051576911,0.8754981807991613,Schofield2018_NatMethods_TimeLapseSeq_SuppTable2
FAM102B,RNA,K562,2.20083263162278,0.3149477023379349,2.23001950741074,2.17164575583483,0.02652504022178844,0.9738236587698341,Schofield2018_NatMethods_TimeLapseSeq_SuppTable2
FAM104A,RNA,K562,0.448643597146048,1.5449840028237458,0.4015095936759099,0.4957776006161859,0.210896012629041,0.8098582775359084,Schofield2018_NatMethods_TimeLapseSeq_SuppTable2
FAM117A,RNA,K562,0.601568881914984,1.1522324398719537,0.549996197320115,0.653141566509853,0.1718825355834647,0.8420780815698061,Schofield2018_NatMethods_TimeLapseSeq_SuppTable2
FAM117B,RNA,K562,0.704402675118019,0.9840212211627561,0.748997622264942,0.6598077279710969,0.12678733764376457,0.8809209914123117,Schofield2018_NatMethods_TimeLapseSeq_SuppTable2
FAM118A,RNA,K562,1.91500692620363,0.3619554431241991,2.2555096039637,1.57450424844356,0.35943547604068465,0.6980702922641602,Schofield2018_NatMethods_TimeLapseSeq_SuppTable2
FAM120A,RNA,K562,1.90803711178558,0.36327761985262647,1.91418052520461,1.90189369836655,0.0064395337076515145,0.9935811556557621,Schofield2018_NatMethods_TimeLapseSeq_SuppTable2
FAM120AOS,RNA,K562,2.22831284995447,0.31106367338594665,2.35257453314723,2.10405116676172,0.11164566112069864,0.8943611082735645,Schofield2018_NatMethods_TimeLapseSeq_SuppTable2
FAM120B,RNA,K562,0.9506039923108948,0.7291650215721498,0.881420139555328,1.01978784506646,0.14581548795778776,0.8643171653981477,Schofield2018_NatMethods_TimeLapseSeq_SuppTable2
FAM122B,RNA,K562,3.34359864618054,0.20730573669532415,3.04582996800646,3.6413673243546105,0.1785858181612108,0.8364522710013327,Schofield2018_NatMethods_TimeLapseSeq_SuppTable2
FAM126A,RNA,K562,2.53815292761029,0.273091181000096,1.74218908286815,3.33411677235243,0.6490653923238298,0.5225339128236128,Schofield2018_NatMethods_TimeLapseSeq_SuppTable2
FAM126B,RNA,K562,0.36804307147059,1.8833316921042325,0.379317086856478,0.356769056084701,0.0612838253509659,0.9405562481810673,Schofield2018_NatMethods_TimeLapseSeq_SuppTable2
FAM129B,RNA,K562,2.36289135984545,0.29334703759096314,2.75894064300333,1.96684207668756,0.3384175312483133,0.7128975687372866,Schofield2018_NatMethods_TimeLapseSeq_SuppTable2
FAM133B,RNA,K562,1.03684740759818,0.6685141665788565,0.8180476221349439,1.25564719306142,0.42848585764799274,0.6514948041578819,Schofield2018_NatMethods_TimeLapseSeq_SuppTable2
FAM134C,RNA,K562,1.21519496947798,0.5703999752876738,0.87040411483026,1.5599858241257,0.5834744094964978,0.5579564258656525,Schofield2018_NatMethods_TimeLapseSeq_SuppTable2
FAM136A,RNA,K562,4.15487018850738,0.16682763819606974,3.93687948494879,4.37286089206598,0.10502906067475383,0.9002983589283104,Schofield2018_NatMethods_TimeLapseSeq_SuppTable2
FAM13A,RNA,K562,1.00016401845035,0.693033510277549,0.858787379855928,1.14154065704477,0.28461271173943875,0.7523055570172718,Schofield2018_NatMethods_TimeLapseSeq_SuppTable2
FAM13B,RNA,K562,0.986885441451259,0.7023582996022735,1.09023204922829,0.883538833674229,0.21021059661518285,0.8104135576454878,Schofield2018_NatMethods_TimeLapseSeq_SuppTable2
FAM168B,RNA,K562,1.18479369814873,0.5850361811030944,1.11821152701695,1.25137586928052,0.11251308331355707,0.8935856559707093,Schofield2018_NatMethods_TimeLapseSeq_SuppTable2
FAM171A1,RNA,K562,1.77832796693051,0.3897746610577995,2.32041875272819,1.23623718113284,0.6296754315096202,0.532764691579637,Schofield2018_NatMethods_TimeLapseSeq_SuppTable2
FAM175B,RNA,K562,0.570064153302273,1.2159108348502108,0.5964543196248199,0.543673986979725,0.09265287935574071,0.9115098492734621,Schofield2018_NatMethods_TimeLapseSeq_SuppTable2
FAM184A,RNA,K562,0.7193570676476418,0.9635648438495154,0.720764839871843,0.7179492954234409,0.003913978425121572,0.9960936712050178,Schofield2018_NatMethods_TimeLapseSeq_SuppTable2
FAM192A,RNA,K562,4.05920620658032,0.17075929265093617,3.93010734663186,4.18830506652878,0.06362939319333305,0.9383526949934161,Schofield2018_NatMethods_TimeLapseSeq_SuppTable2
FAM193A,RNA,K562,0.741993857263599,0.9341683543260109,0.7672480903775099,0.716739624149687,0.06809757616723408,0.9341693164684566,Schofield2018_NatMethods_TimeLapseSeq_SuppTable2
FAM193B,RNA,K562,0.6957393616791199,0.9962742066038659,0.692108426777952,0.699370296580288,0.010437724428945552,0.9896165595853236,Schofield2018_NatMethods_TimeLapseSeq_SuppTable2
FAM199X,RNA,K562,1.59692945771259,0.43404996833911214,1.50609983113864,1.68775908428654,0.11387824729149758,0.8923665973187802,Schofield2018_NatMethods_TimeLapseSeq_SuppTable2
FAM207A,RNA,K562,1.29609599658372,0.534796174347393,1.24683346291468,1.34535853025275,0.07605343518471071,0.9267666832873462,Schofield2018_NatMethods_TimeLapseSeq_SuppTable2
FAM208A,RNA,K562,2.65233005811276,0.2613351903319105,2.37940130522666,2.92525881099887,0.20653405554926815,0.8133985602505306,Schofield2018_NatMethods_TimeLapseSeq_SuppTable2
FAM208B,RNA,K562,0.649912282334376,1.0665242054978201,0.632943410985834,0.666881153682918,0.05223082963290177,0.9491097588983293,Schofield2018_NatMethods_TimeLapseSeq_SuppTable2
FAM20B,RNA,K562,2.82013567361351,0.24578504752283728,2.78680032244529,2.85347102478174,0.023642056791665315,0.9766352271470674,Schofield2018_NatMethods_TimeLapseSeq_SuppTable2
FAM210A,RNA,K562,0.889169729605428,0.7795442843826135,0.908398878806289,0.869940580404568,0.04325866504889429,0.9576636439134993,Schofield2018_NatMethods_TimeLapseSeq_SuppTable2
FAM217B,RNA,K562,0.698309004597344,0.9926081090127499,0.6240270735843039,0.772590935610384,0.21355596326184756,0.8077069569697869,Schofield2018_NatMethods_TimeLapseSeq_SuppTable2
FAM222B,RNA,K562,0.3247512060136389,2.134394477139631,0.275783031825374,0.3737193802019039,0.30389075547684075,0.7379414781122156,Schofield2018_NatMethods_TimeLapseSeq_SuppTable2
FAM234B,RNA,K562,3.9100477975505505,0.17727332668264756,5.04684207206876,2.77325352303234,0.5987415274237301,0.5495027352610523,Schofield2018_NatMethods_TimeLapseSeq_SuppTable2
FAM32A,RNA,K562,2.57805907731441,0.2688639630717864,2.91140279546865,2.2447153591601694,0.2600563009651263,0.7710081760771396,Schofield2018_NatMethods_TimeLapseSeq_SuppTable2
FAM35A,RNA,K562,3.03514040839431,0.22837400821487633,3.3807351905389,2.6895456262497106,0.22872093066472982,0.7955505162831131,Schofield2018_NatMethods_TimeLapseSeq_SuppTable2
FAM46C,RNA,K562,0.3716587744837269,1.8650095952202381,0.384533263116317,0.3587842858511379,0.06930896243532067,0.9330383617362373,Schofield2018_NatMethods_TimeLapseSeq_SuppTable2
FAM49B,RNA,K562,2.77380835038921,0.2498900763863825,2.78827330024378,2.75934340053465,0.010429762371289389,0.9896244390007967,Schofield2018_NatMethods_TimeLapseSeq_SuppTable2
FAM50A,RNA,K562,7.4709922974991905,0.09277846274744073,8.21779464592873,6.72418994906966,0.20059041725916876,0.8182475029843884,Schofield2018_NatMethods_TimeLapseSeq_SuppTable2
FAM53C,RNA,K562,0.488522274423318,1.418865048432396,0.500595734064681,0.476448814781955,0.049438559127748374,0.9517636335278756,Schofield2018_NatMethods_TimeLapseSeq_SuppTable2
FAM60A,RNA,K562,0.4195022786054439,1.6523084996443456,0.3695505359171329,0.469454021293754,0.23928286321776124,0.7871921831635392,Schofield2018_NatMethods_TimeLapseSeq_SuppTable2
FAM65A,RNA,K562,1.91206726220407,0.36251192322645787,2.06261262247544,1.7615219019327,0.15779529016757438,0.8540245913062499,Schofield2018_NatMethods_TimeLapseSeq_SuppTable2
FAM65C,RNA,K562,0.721726504386178,0.9604014489525513,0.675312589558408,0.768140419213947,0.12879687463416828,0.8791525255883142,Schofield2018_NatMethods_TimeLapseSeq_SuppTable2
FAM76B,RNA,K562,0.4082962093697349,1.6976576432828503,0.4685663445394929,0.348026074199977,0.29740029936618334,0.7427466318393334,Schofield2018_NatMethods_TimeLapseSeq_SuppTable2
FAM78A,RNA,K562,0.5170869286327409,1.3404848240753937,0.5293862045317809,0.5047876527337009,0.04758037955918292,0.9535338254236595,Schofield2018_NatMethods_TimeLapseSeq_SuppTable2
FAM83A,RNA,K562,1.9600972005193,0.35362898348934213,2.00886246118274,1.91133193985586,0.049768272424192864,0.9514498761306643,Schofield2018_NatMethods_TimeLapseSeq_SuppTable2
FAM83D,RNA,K562,0.320753329038027,2.160997619693509,0.329994046945065,0.3115126111309889,0.05763479215768284,0.9439946387361563,Schofield2018_NatMethods_TimeLapseSeq_SuppTable2
FAM83H,RNA,K562,1.42792216317312,0.48542364453510395,1.4994424435228,1.35640188282345,0.10025781531907563,0.9046041671574339,Schofield2018_NatMethods_TimeLapseSeq_SuppTable2
FAM8A1,RNA,K562,0.7842992927910108,0.8837789182409036,0.751364493403411,0.8172340921786109,0.08403470225162056,0.9193993503139323,Schofield2018_NatMethods_TimeLapseSeq_SuppTable2
FAM91A1,RNA,K562,0.7773043658631669,0.8917320048630265,0.826816191148728,0.727792540577607,0.12756637467387727,0.880234988584895,Schofield2018_NatMethods_TimeLapseSeq_SuppTable2
FAM98A,RNA,K562,4.18214953507394,0.16573945401684223,4.74922807696843,3.61507099317944,0.2728706008100097,0.7611912787913618,Schofield2018_NatMethods_TimeLapseSeq_SuppTable2
FANCA,RNA,K562,1.05332479918045,0.6580564523870087,1.05483281177746,1.05181678658344,0.0028633402128140123,0.9971407552359529,Schofield2018_NatMethods_TimeLapseSeq_SuppTable2
FANCD2,RNA,K562,2.79502027221591,0.24799361473339648,2.9952029525495494,2.59483759188228,0.14348806341818404,0.8663311411580729,Schofield2018_NatMethods_TimeLapseSeq_SuppTable2
FANCE,RNA,K562,0.758643408180176,0.9136666490290317,0.7308372129186799,0.786449603441672,0.07333789944332601,0.9292867714859027,Schofield2018_NatMethods_TimeLapseSeq_SuppTable2
FANCI,RNA,K562,4.75481009325938,0.14577809985357357,5.33319379026753,4.17642639625123,0.24449431715470624,0.7831004385913618,Schofield2018_NatMethods_TimeLapseSeq_SuppTable2
FANCL,RNA,K562,1.08667360915892,0.6378614284158771,1.13666142574176,1.03668579257609,0.09206650504915445,0.9120444919643259,Schofield2018_NatMethods_TimeLapseSeq_SuppTable2
FAR1,RNA,K562,2.48241235302739,0.2792232240202268,2.62811382569477,2.33671088036,0.11752207845954235,0.8891208811103399,Schofield2018_NatMethods_TimeLapseSeq_SuppTable2
FARP2,RNA,K562,1.87209839820282,0.37025146820559957,2.0014280242194,1.74276877218625,0.13838584096918907,0.8707626510156253,Schofield2018_NatMethods_TimeLapseSeq_SuppTable2
FARS2,RNA,K562,1.86047007678949,0.37256561618882417,1.96148299120551,1.75945716237347,0.10869548430373487,0.897003527566723,Schofield2018_NatMethods_TimeLapseSeq_SuppTable2
FARSA,RNA,K562,2.74228182889266,0.252762926573393,3.04179360957965,2.44277004820568,0.21931468354947767,0.803068965794576,Schofield2018_NatMethods_TimeLapseSeq_SuppTable2
FARSB,RNA,K562,5.58455048035179,0.12411870624120164,6.41751087898983,4.75159008171374,0.3005510128946379,0.7404101327307262,Schofield2018_NatMethods_TimeLapseSeq_SuppTable2
FASN,RNA,K562,2.93296276961728,0.23633003041848824,3.13093667415241,2.73498886508214,0.13520485210364372,0.8735369474767616,Schofield2018_NatMethods_TimeLapseSeq_SuppTable2
FASTKD1,RNA,K562,2.15410891886984,0.32177907741248624,2.10120580945449,2.2070120282852,0.04912820240016148,0.9520590656169103,Schofield2018_NatMethods_TimeLapseSeq_SuppTable2
FASTKD2,RNA,K562,1.62584480405168,0.4263304706775153,1.42091848521121,1.83077112289214,0.2534337736416922,0.7761311435623531,Schofield2018_NatMethods_TimeLapseSeq_SuppTable2
FASTKD3,RNA,K562,0.401979113549963,1.7243363080201237,0.408713740737416,0.3952444863625099,0.03351048435534573,0.9670447723372247,Schofield2018_NatMethods_TimeLapseSeq_SuppTable2
FAT1,RNA,K562,1.62160292561834,0.4274456894530074,1.47244160748668,1.77076424375,0.1844892491269746,0.8315288795127502,Schofield2018_NatMethods_TimeLapseSeq_SuppTable2
FAU,RNA,K562,10.4071780070278,0.06660279857727754,9.82825229333963,10.9861037207159,0.11137005084546933,0.8946076373561838,Schofield2018_NatMethods_TimeLapseSeq_SuppTable2
FBL,RNA,K562,6.99093046601941,0.0991494886022831,5.90976195465271,8.07209897738611,0.3118079925867903,0.732122087601854,Schofield2018_NatMethods_TimeLapseSeq_SuppTable2
FBRS,RNA,K562,1.09045556470094,0.6356491754435153,1.06798627759282,1.11292485180905,0.041216659664077164,0.9596211962171725,Schofield2018_NatMethods_TimeLapseSeq_SuppTable2
FBRSL1,RNA,K562,1.52218744084077,0.45536256702859806,1.41883160488988,1.62554327679166,0.1360083646287655,0.8728353315146629,Schofield2018_NatMethods_TimeLapseSeq_SuppTable2
FBXL14,RNA,K562,0.43732741070872,1.5849616639319526,0.4863647651033389,0.388290056314102,0.2252062597087242,0.7983515340211811,Schofield2018_NatMethods_TimeLapseSeq_SuppTable2
FBXL18,RNA,K562,0.591946929842306,1.1709616954084023,0.6230706248556819,0.56082323482893,0.10525410845149744,0.9000957715809988,Schofield2018_NatMethods_TimeLapseSeq_SuppTable2
FBXL19,RNA,K562,2.74298921185627,0.2526977421434589,2.52682151893943,2.95915690477311,0.15794220200842574,0.8538991341972018,Schofield2018_NatMethods_TimeLapseSeq_SuppTable2
FBXL3,RNA,K562,0.527288339101453,1.3145505583171642,0.543653507656866,0.5109231705460399,0.06209288175481553,0.9397955928733116,Schofield2018_NatMethods_TimeLapseSeq_SuppTable2
FBXO11,RNA,K562,0.833156111397601,0.8319535451731923,0.7793622969838159,0.8869499258113859,0.1293125099670967,0.8786993203374494,Schofield2018_NatMethods_TimeLapseSeq_SuppTable2
FBXO18,RNA,K562,1.77861811910044,0.38971107575948555,1.71023763998387,1.84699859821702,0.07692961065572403,0.9259550286799509,Schofield2018_NatMethods_TimeLapseSeq_SuppTable2
FBXO21,RNA,K562,0.7276865683208459,0.9525353507065534,0.6486565149012349,0.806716621740457,0.218069132590874,0.8040698523129297,Schofield2018_NatMethods_TimeLapseSeq_SuppTable2
FBXO22,RNA,K562,1.67362954791487,0.4141580682675678,1.6188552172521,1.72840387857765,0.06547912567290469,0.9366185978385442,Schofield2018_NatMethods_TimeLapseSeq_SuppTable2
FBXO28,RNA,K562,0.455632488455801,1.5212856811618354,0.481345143248742,0.429919833662861,0.11298580835443109,0.8931633354835655,Schofield2018_NatMethods_TimeLapseSeq_SuppTable2
FBXO30,RNA,K562,0.36817066083296,1.8826790244278262,0.364823312263089,0.3715180094028319,0.018184180125645506,0.9819801544735239,Schofield2018_NatMethods_TimeLapseSeq_SuppTable2
FBXO34,RNA,K562,0.5471615675035099,1.2668053125926082,0.535448476500398,0.5588746585066209,0.04282055394357639,0.9580832989121023,Schofield2018_NatMethods_TimeLapseSeq_SuppTable2
FBXO38,RNA,K562,0.8040822951785789,0.8620351234148291,0.94803941610238,0.660125174254777,0.3619666045582843,0.6963056208872747,Schofield2018_NatMethods_TimeLapseSeq_SuppTable2
FBXO42,RNA,K562,0.6527488476956809,1.0618895506393886,0.699000668315733,0.606497027075629,0.14195187173531226,0.8676630145962595,Schofield2018_NatMethods_TimeLapseSeq_SuppTable2
FBXO45,RNA,K562,0.615621721100388,1.1259303510619882,0.624038874755885,0.607204567444891,0.02734691752161352,0.9730236240208924,Schofield2018_NatMethods_TimeLapseSeq_SuppTable2
FBXO46,RNA,K562,0.659506193926481,1.0510093566114627,0.702110435772448,0.616901952080515,0.12938060701888895,0.8786394855416323,Schofield2018_NatMethods_TimeLapseSeq_SuppTable2
FBXO5,RNA,K562,0.286765523530282,2.4171217377417755,0.26758723786847,0.305943809192094,0.13395581895677416,0.8746287057583801,Schofield2018_NatMethods_TimeLapseSeq_SuppTable2
FBXO7,RNA,K562,3.75619523227839,0.18453438591356286,3.5731798962682,3.93921056828858,0.09752441328044835,0.90708019648226,Schofield2018_NatMethods_TimeLapseSeq_SuppTable2
FBXO9,RNA,K562,2.35246358897632,0.29464735769260936,2.24045083497184,2.4644763429808,0.09530223677393809,0.9090981300563025,Schofield2018_NatMethods_TimeLapseSeq_SuppTable2
FBXW11,RNA,K562,0.481091183427692,1.4407812997556735,0.464419753570738,0.4977626132846459,0.0693344986240818,0.9330145357967238,Schofield2018_NatMethods_TimeLapseSeq_SuppTable2
FBXW2,RNA,K562,1.07959360830971,0.6420445390049936,0.959376231487938,1.19981098513148,0.2236359965689051,0.7996061407812547,Schofield2018_NatMethods_TimeLapseSeq_SuppTable2
FBXW5,RNA,K562,3.31360181481706,0.20918240008816905,3.84100619338566,2.7861974362484694,0.32105662167447013,0.7253821774738072,Schofield2018_NatMethods_TimeLapseSeq_SuppTable2
FBXW7,RNA,K562,0.847028200357553,0.8183283393248885,0.93663308013972,0.7574233205753859,0.21236931021816544,0.8086659937981254,Schofield2018_NatMethods_TimeLapseSeq_SuppTable2
FCHO1,RNA,K562,1.34968514608893,0.5135621315597365,1.37532018107442,1.32405011110345,0.03799125791027439,0.9627213570508961,Schofield2018_NatMethods_TimeLapseSeq_SuppTable2
FCHSD2,RNA,K562,0.7658003935321799,0.9051277413986055,0.806316624570474,0.725284162493887,0.10591297349160962,0.8995029252686524,Schofield2018_NatMethods_TimeLapseSeq_SuppTable2
FDFT1,RNA,K562,3.35049786342321,0.20687886063946195,3.59420556921183,3.1067901576346,0.14573289506335266,0.8643885548026361,Schofield2018_NatMethods_TimeLapseSeq_SuppTable2
FDPS,RNA,K562,5.54560900768361,0.1249902724118431,5.66873622143499,5.42248179393223,0.044412598051666766,0.9565592015780152,Schofield2018_NatMethods_TimeLapseSeq_SuppTable2
FECH,RNA,K562,2.86707757141322,0.24176087437295393,3.41575163012576,2.31840351270068,0.38751875775118644,0.6787389025165514,Schofield2018_NatMethods_TimeLapseSeq_SuppTable2
FEM1A,RNA,K562,0.3723494579924729,1.8615501263169756,0.378757415018314,0.365941500966632,0.03442244703590915,0.9661632656061339,Schofield2018_NatMethods_TimeLapseSeq_SuppTable2
FEM1B,RNA,K562,0.353323416040283,1.9617923666879706,0.320738767508952,0.3859080645716139,0.18497218298691875,0.831127403012413,Schofield2018_NatMethods_TimeLapseSeq_SuppTable2
FER,RNA,K562,1.71582029820424,0.40397422812015105,1.40647743314204,2.02516316326644,0.36456196763711024,0.69450079808557,Schofield2018_NatMethods_TimeLapseSeq_SuppTable2
FERMT3,RNA,K562,3.1040172808942,0.22330648248203844,2.65361320408443,3.55442135770398,0.2922700968766518,0.7465668633610063,Schofield2018_NatMethods_TimeLapseSeq_SuppTable2
FGD5-AS1,RNA,K562,1.85150718429762,0.3743691552689787,1.73380991869605,1.96920444989918,0.12730837642861878,0.8804621169654671,Schofield2018_NatMethods_TimeLapseSeq_SuppTable2
FGD6,RNA,K562,1.09854458094747,0.6309686403096371,1.2047817012961,0.992307460598846,0.1940206693798794,0.8236408799464046,Schofield2018_NatMethods_TimeLapseSeq_SuppTable2
FGF2,RNA,K562,0.6986741424081468,0.9920893568078081,0.728623335570532,0.6687249492457629,0.08578407358318531,0.9177923854471844,Schofield2018_NatMethods_TimeLapseSeq_SuppTable2
FGFR1OP2,RNA,K562,0.5317305016242119,1.30356859055983,0.487476075262246,0.575984927986179,0.1668402808143956,0.8463347764439129,Schofield2018_NatMethods_TimeLapseSeq_SuppTable2
FGFR3,RNA,K562,1.09477298207925,0.6331423883365151,1.08383722453514,1.10570873962335,0.019978792815147233,0.9802194607816337,Schofield2018_NatMethods_TimeLapseSeq_SuppTable2
FGFRL1,RNA,K562,0.70448195845222,0.9839104781090807,0.682797625340761,0.72616629156368,0.061580527248301084,0.9402772247531187,Schofield2018_NatMethods_TimeLapseSeq_SuppTable2
FH,RNA,K562,7.49217922282148,0.09251609711211807,7.18154214156353,7.80281630407943,0.08297059020782353,0.9203782149541201,Schofield2018_NatMethods_TimeLapseSeq_SuppTable2
FHL3,RNA,K562,0.759362967807019,0.9128008738188804,0.733554594083906,0.785171341530133,0.06799993905469395,0.9342605305160058,Schofield2018_NatMethods_TimeLapseSeq_SuppTable2
FHOD1,RNA,K562,3.1927225896163094,0.2171022257975897,3.15453257438091,3.23091260485171,0.02392430643253887,0.9763596111030352,Schofield2018_NatMethods_TimeLapseSeq_SuppTable2
FIGNL1,RNA,K562,0.3695829928681059,1.875484516159299,0.376775568264114,0.3623904174720969,0.03892756857141347,0.9618203726470573,Schofield2018_NatMethods_TimeLapseSeq_SuppTable2
FIRRE,RNA,K562,2.0576015461834,0.33687143258890373,1.98499968073292,2.13020341163388,0.07059872028200995,0.9318357438975333,Schofield2018_NatMethods_TimeLapseSeq_SuppTable2
FKBP14,RNA,K562,0.641634170885158,1.0802840808863456,0.807706402997166,0.47556193877315,0.5297014960582697,0.5887806968082419,Schofield2018_NatMethods_TimeLapseSeq_SuppTable2
FKBP15,RNA,K562,0.67500140907369,1.026882568306275,0.793835963886213,0.5561668542611679,0.3558084984794492,0.7006067746521091,Schofield2018_NatMethods_TimeLapseSeq_SuppTable2
FKBP4,RNA,K562,5.12523386315445,0.1352420590098363,5.450472755992,4.7999949703169,0.1270874790691557,0.8806566302051515,Schofield2018_NatMethods_TimeLapseSeq_SuppTable2
FKBP5,RNA,K562,4.56938167359136,0.15169386802725934,4.01834503175487,5.12041831542784,0.24236600372308448,0.7847688966441629,Schofield2018_NatMethods_TimeLapseSeq_SuppTable2
FKBP8,RNA,K562,6.89365804578598,0.10054852967121844,8.28493292411191,5.50238316746004,0.40925725321774603,0.6641433573283708,Schofield2018_NatMethods_TimeLapseSeq_SuppTable2
FLAD1,RNA,K562,0.890954705253823,0.7779825129970838,0.830485376283776,0.951424034223871,0.13594952506344357,0.8728866902771156,Schofield2018_NatMethods_TimeLapseSeq_SuppTable2
FLII,RNA,K562,4.9555614826048,0.13987258214695888,5.21504172334856,4.69608124186103,0.10481870646074079,0.9004877604019808,Schofield2018_NatMethods_TimeLapseSeq_SuppTable2
FLNA,RNA,K562,6.07434451770136,0.11411061367033631,6.39617495183115,5.75251408357157,0.10606315674033027,0.8993678451407419,Schofield2018_NatMethods_TimeLapseSeq_SuppTable2
FLNB,RNA,K562,3.8199925424030705,0.18145249574856556,3.86350766628839,3.77647741851774,0.02278381739555212,0.9774737737600353,Schofield2018_NatMethods_TimeLapseSeq_SuppTable2
FLNC,RNA,K562,3.4295269294636,0.20211160163374428,3.63613509184086,3.22291876708633,0.1206339312118345,0.8863583683450739,Schofield2018_NatMethods_TimeLapseSeq_SuppTable2
FLOT1,RNA,K562,4.3303004587031,0.16006907307479049,4.70735817055097,3.95324274685523,0.17459066200400883,0.8398007127621065,Schofield2018_NatMethods_TimeLapseSeq_SuppTable2
FLOT2,RNA,K562,5.35939276964409,0.12933315589146047,6.88772368115497,3.8310618581332,0.5865986380235084,0.5562159627011616,Schofield2018_NatMethods_TimeLapseSeq_SuppTable2
FLVCR1,RNA,K562,0.842343813569573,0.8228791728434711,0.936517745165077,0.7481698819740679,0.22453840296594318,0.7988848965613463,Schofield2018_NatMethods_TimeLapseSeq_SuppTable2
FMNL3,RNA,K562,1.39343072671389,0.49743928224877426,1.18416275798546,1.60269869544231,0.30265290151290797,0.738855507496783,Schofield2018_NatMethods_TimeLapseSeq_SuppTable2
FMR1,RNA,K562,1.75057307163388,0.3959544401725563,1.68513514901332,1.81601099425443,0.07479656654816591,0.9279322395871058,Schofield2018_NatMethods_TimeLapseSeq_SuppTable2
FNBP1L,RNA,K562,0.484969599045803,1.4292590338110678,0.474738171680719,0.4952010264108869,0.04220035954398213,0.9586776811056342,Schofield2018_NatMethods_TimeLapseSeq_SuppTable2
FNBP4,RNA,K562,0.685854200781382,1.0106334258363578,0.710278214037904,0.661430187524859,0.07125230267541313,0.931226911444537,Schofield2018_NatMethods_TimeLapseSeq_SuppTable2
FNDC3A,RNA,K562,0.907287763701764,0.7639772168114358,1.08485733108288,0.729718196320645,0.396545338063944,0.6726397798245571,Schofield2018_NatMethods_TimeLapseSeq_SuppTable2
FNDC3B,RNA,K562,0.6056471741564419,1.1444735650345852,0.557511744050419,0.653782604262465,0.1592913181386551,0.852747901849347,Schofield2018_NatMethods_TimeLapseSeq_SuppTable2
FNIP2,RNA,K562,0.679955460824723,1.019400858578622,0.7499419914938449,0.609968930155601,0.2065878371652069,0.8133548155378992,Schofield2018_NatMethods_TimeLapseSeq_SuppTable2
FOPNL,RNA,K562,2.4402638016110494,0.28404600359286286,2.43363828970046,2.44688931352164,0.00543017372681533,0.9945845430163293,Schofield2018_NatMethods_TimeLapseSeq_SuppTable2
FOSL1,RNA,K562,0.3355332043898269,2.0658080079449834,0.3389904434255289,0.3320759653541239,0.020608162447149646,0.9796027345150691,Schofield2018_NatMethods_TimeLapseSeq_SuppTable2
FOXJ2,RNA,K562,0.424507434004869,1.632826954337848,0.415373112320164,0.433641755689574,0.04304156336615257,0.9578715768725745,Schofield2018_NatMethods_TimeLapseSeq_SuppTable2
FOXJ3,RNA,K562,0.375955546104126,1.8436945211814184,0.3987055627016419,0.353205529506609,0.1211730823264195,0.8858806160447744,Schofield2018_NatMethods_TimeLapseSeq_SuppTable2
FOXK1,RNA,K562,1.07901192330453,0.6423906590736699,1.06744664164572,1.09057720496334,0.021437621454499428,0.978790531094589,Schofield2018_NatMethods_TimeLapseSeq_SuppTable2
FOXK2,RNA,K562,0.905353829044192,0.7656091555847514,0.933693073854334,0.8770145842340499,0.06262414758694863,0.9392964441876898,Schofield2018_NatMethods_TimeLapseSeq_SuppTable2
FOXM1,RNA,K562,2.0757908712797306,0.3339195629724579,2.16522176127486,1.98635998128459,0.08621897770291964,0.9173933205414684,Schofield2018_NatMethods_TimeLapseSeq_SuppTable2
FOXN2,RNA,K562,0.4510981634579679,1.5365772612473314,0.4453414239893859,0.45685490292655,0.025524608509786318,0.9747983903348518,Schofield2018_NatMethods_TimeLapseSeq_SuppTable2
FOXO3,RNA,K562,0.5002507705532229,1.3855994260506586,0.462393901871031,0.538107639235415,0.15164148380211587,0.8592962971647011,Schofield2018_NatMethods_TimeLapseSeq_SuppTable2
FOXP1,RNA,K562,0.4833944313308249,1.4339163540871867,0.4808366398036699,0.48595222285798,0.010582725959542188,0.9894730740725408,Schofield2018_NatMethods_TimeLapseSeq_SuppTable2
FOXP4,RNA,K562,1.81312678011704,0.3822938297316427,1.66929031258692,1.95696324764715,0.15899533470864732,0.8530003384549516,Schofield2018_NatMethods_TimeLapseSeq_SuppTable2
FOXRED2,RNA,K562,3.49506441260114,0.19832171849562072,3.93241661169399,3.05771221350828,0.2515871571203275,0.7775656842704394,Schofield2018_NatMethods_TimeLapseSeq_SuppTable2
FPGS,RNA,K562,2.88822665984643,0.23999057629251322,2.9503041402579,2.82614917943495,0.04299319236733285,0.9579179111980987,Schofield2018_NatMethods_TimeLapseSeq_SuppTable2
FRMD8,RNA,K562,1.83950925122024,0.37681092394623483,2.01786014737168,1.66115835506879,0.19452245366447013,0.8232276935705856,Schofield2018_NatMethods_TimeLapseSeq_SuppTable2
FRRS1,RNA,K562,1.02512034683427,0.6761617625681617,0.957650315478423,1.09259037819012,0.1318239534018923,0.8764952855110937,Schofield2018_NatMethods_TimeLapseSeq_SuppTable2
FRYL,RNA,K562,0.81263339480891,0.8529641840807419,0.913253894335542,0.7120128952822788,0.24891790732692376,0.7796439738155395,Schofield2018_NatMethods_TimeLapseSeq_SuppTable2
FSCN1,RNA,K562,3.63734130297269,0.19056423987307897,3.9672135837689506,3.30746902217643,0.1818807291760593,0.8337007706638907,Schofield2018_NatMethods_TimeLapseSeq_SuppTable2
FTH1,RNA,K562,7.16753549101271,0.09670648738734179,7.31472175587003,7.02034922615539,0.0410760321576516,0.9597561548423347,Schofield2018_NatMethods_TimeLapseSeq_SuppTable2
FTL,RNA,K562,13.8278713526676,0.05012681727229311,14.3424575737695,13.3132851315658,0.07446178066214311,0.9282429502119689,Schofield2018_NatMethods_TimeLapseSeq_SuppTable2
FTO,RNA,K562,2.85917760408821,0.2424288647088048,3.04095794186769,2.67739726630872,0.12732742489257148,0.8804453456743044,Schofield2018_NatMethods_TimeLapseSeq_SuppTable2
FTSJ3,RNA,K562,3.28377220270052,0.2110826018899583,3.31423117854296,3.25331322685807,0.01855174326284342,0.9816192810932184,Schofield2018_NatMethods_TimeLapseSeq_SuppTable2
FUBP1,RNA,K562,2.79388815063773,0.24809410512791222,2.7518022352002,2.83597406607525,0.030129408805131437,0.9703199574770665,Schofield2018_NatMethods_TimeLapseSeq_SuppTable2
FUBP3,RNA,K562,2.49677028576774,0.27761752232917464,2.39747473041546,2.59606584112001,0.07958117329997473,0.9235030531356352,Schofield2018_NatMethods_TimeLapseSeq_SuppTable2
FUCA2,RNA,K562,5.78421561614862,0.11983425697769416,4.86548917842521,6.70294205387204,0.3203792814004578,0.7258736744732259,Schofield2018_NatMethods_TimeLapseSeq_SuppTable2
FURIN,RNA,K562,1.76904984430447,0.3918189093380052,1.63098892926507,1.90711075934387,0.15640286942457718,0.8552145811532216,Schofield2018_NatMethods_TimeLapseSeq_SuppTable2
FUS,RNA,K562,4.30260034579895,0.16109959672102306,4.5166798946451,4.08852079695281,0.09959394605499204,0.9052049054439505,Schofield2018_NatMethods_TimeLapseSeq_SuppTable2
FUT10,RNA,K562,0.810889415235403,0.8547986538444617,0.870946308669578,0.750832521801228,0.14839771166203827,0.8620881842282206,Schofield2018_NatMethods_TimeLapseSeq_SuppTable2
FUT11,RNA,K562,0.327145457050578,2.11877366969758,0.334585422160842,0.319705491940313,0.04549198530788991,0.9555272607980634,Schofield2018_NatMethods_TimeLapseSeq_SuppTable2
FUT8,RNA,K562,1.37311640521673,0.5047985574468031,1.31058090792273,1.43565190251073,0.09114855343372497,0.9128820890570546,Schofield2018_NatMethods_TimeLapseSeq_SuppTable2
FXN,RNA,K562,2.07951286413997,0.33332190077439705,2.53464779483075,1.62437793344919,0.44492975813405683,0.6408692903061337,Schofield2018_NatMethods_TimeLapseSeq_SuppTable2
FXR1,RNA,K562,2.55063180235326,0.2717550921777243,2.87670728797188,2.2245563167346294,0.25708884976651264,0.7732995032327303,Schofield2018_NatMethods_TimeLapseSeq_SuppTable2
FXR2,RNA,K562,0.78300670647338,0.8852378591772768,0.9072360303468728,0.658777382599886,0.3200169816699241,0.7261367059551295,Schofield2018_NatMethods_TimeLapseSeq_SuppTable2
FXYD5,RNA,K562,4.87611465658169,0.14215153444440606,5.23717395109158,4.51505536207179,0.14836458193190089,0.862116745450229,Schofield2018_NatMethods_TimeLapseSeq_SuppTable2
FYCO1,RNA,K562,0.558484385186024,1.2411218629309877,0.6036702813585259,0.513298489013522,0.1621706312004987,0.8502961051161453,Schofield2018_NatMethods_TimeLapseSeq_SuppTable2
FYN,RNA,K562,1.86230810069299,0.3721979087681656,2.09860046795293,1.62601573343306,0.2551379914881342,0.7748095734578528,Schofield2018_NatMethods_TimeLapseSeq_SuppTable2
FYTTD1,RNA,K562,4.28781207553533,0.16165521444253278,4.28170561095385,4.2939185401168,0.0028482912041196823,0.997155761328761,Schofield2018_NatMethods_TimeLapseSeq_SuppTable2
FZD5,RNA,K562,0.3214727582565279,2.156161487272367,0.352936279742368,0.290009236770688,0.19637475658774328,0.821704237893552,Schofield2018_NatMethods_TimeLapseSeq_SuppTable2
FZR1,RNA,K562,0.705333495304399,0.9827226201143411,0.720521553932398,0.6901454366764,0.04307297706219873,0.957841487058626,Schofield2018_NatMethods_TimeLapseSeq_SuppTable2
G3BP1,RNA,K562,2.24814197974247,0.3083200201792179,2.21870437586328,2.27757958362167,0.02618988191486844,0.974150098559994,Schofield2018_NatMethods_TimeLapseSeq_SuppTable2
G3BP2,RNA,K562,2.04207801971659,0.3394322713762639,2.13523682131296,1.94891921812022,0.09130259205453818,0.912741480788921,Schofield2018_NatMethods_TimeLapseSeq_SuppTable2
G6PD,RNA,K562,10.3803685383968,0.06677481420780063,8.57332604524275,12.1874110315509,0.35174777570938837,0.7034575286784069,Schofield2018_NatMethods_TimeLapseSeq_SuppTable2
GAB1,RNA,K562,0.488890617724677,1.4177960374569862,0.483564395010252,0.494216840439102,0.021789877980826034,0.9784458064614198,Schofield2018_NatMethods_TimeLapseSeq_SuppTable2
GAB2,RNA,K562,0.657498596773692,1.054218494094404,0.6136012455375839,0.7013959480097989,0.1337272807497402,0.8748286146771574,Schofield2018_NatMethods_TimeLapseSeq_SuppTable2
GAB3,RNA,K562,2.01379548348883,0.34419939176697933,1.7890558205212,2.23853514645646,0.22413369335211467,0.7992082783927813,Schofield2018_NatMethods_TimeLapseSeq_SuppTable2
GABBR1,RNA,K562,0.8680743490110389,0.7984882646856449,0.8918411454027019,0.844307552619377,0.054771201549925846,0.9467017270638914,Schofield2018_NatMethods_TimeLapseSeq_SuppTable2
GABPA,RNA,K562,1.33181269491062,0.5204539521276027,1.35852009949245,1.30510529032878,0.04011222536749433,0.9606816202545505,Schofield2018_NatMethods_TimeLapseSeq_SuppTable2
GABPB1,RNA,K562,0.700530188493105,0.9894608283062845,0.623426368542085,0.777634008444126,0.22102532294013508,0.8016963787237438,Schofield2018_NatMethods_TimeLapseSeq_SuppTable2
GABRE,RNA,K562,1.00258049770521,0.6913631196163086,1.04989184320742,0.955269152202995,0.09444929583660784,0.9098738678497086,Schofield2018_NatMethods_TimeLapseSeq_SuppTable2
GABRG3,RNA,K562,0.995544475614768,0.6962493364567298,0.8959391109710368,1.0951498402585,0.20077401914728332,0.8180972849884712,Schofield2018_NatMethods_TimeLapseSeq_SuppTable2
GADD45A,RNA,K562,0.3857349860080709,1.7969518081137765,0.405691621144039,0.3657783508721029,0.10356576591985521,0.9016167251387105,Schofield2018_NatMethods_TimeLapseSeq_SuppTable2
GADD45GIP1,RNA,K562,4.31618989115715,0.16059237383879693,4.54043864367679,4.09194113863752,0.10400416144729806,0.9012215470274294,Schofield2018_NatMethods_TimeLapseSeq_SuppTable2
GAK,RNA,K562,1.66168061013337,0.41713622722257787,1.83168405151313,1.4916771687536,0.20533468687525633,0.8143747102680426,Schofield2018_NatMethods_TimeLapseSeq_SuppTable2
GALK2,RNA,K562,2.6166151626772094,0.26490222576358785,2.72385990400729,2.50937042134712,0.08201806318523532,0.9212553177406014,Schofield2018_NatMethods_TimeLapseSeq_SuppTable2
GALNT1,RNA,K562,4.26694621583334,0.16244572710757094,4.85163517299432,3.6822572586723505,0.2757898475527779,0.758972413912925,Schofield2018_NatMethods_TimeLapseSeq_SuppTable2
GALNT2,RNA,K562,4.13619832256467,0.16758074117929528,4.37226458055897,3.9001320645703705,0.11427067026432998,0.8920164808671665,Schofield2018_NatMethods_TimeLapseSeq_SuppTable2
GALNT5,RNA,K562,3.08607096586671,0.22460506845968717,3.26914296437123,2.90299896736219,0.11878353082271123,0.8880000045885231,Schofield2018_NatMethods_TimeLapseSeq_SuppTable2
GALNT7,RNA,K562,3.01330018076417,0.23002924998470078,2.82732843133589,3.19927193019246,0.12359101350931995,0.883741205195335,Schofield2018_NatMethods_TimeLapseSeq_SuppTable2
GAN,RNA,K562,0.814063764581118,0.8514654634168723,0.8610836346091238,0.767043894553112,0.11564760769368808,0.8907890752113761,Schofield2018_NatMethods_TimeLapseSeq_SuppTable2
GANAB,RNA,K562,10.0558807315321,0.06892953477326479,11.3332687556352,8.77849270742893,0.255437818403733,0.7745772995159964,Schofield2018_NatMethods_TimeLapseSeq_SuppTable2
GAPDH,RNA,K562,9.08712658006515,0.07627792729117853,9.67627889023388,8.49797426989641,0.12984960131266088,0.8782275052523844,Schofield2018_NatMethods_TimeLapseSeq_SuppTable2
GAPVD1,RNA,K562,1.63972161225097,0.4227224764137918,1.56383251781601,1.71561070668594,0.09262956382967726,0.9115311018528666,Schofield2018_NatMethods_TimeLapseSeq_SuppTable2
GARS,RNA,K562,5.03979325087169,0.13753484439863828,5.04696183065214,5.03262467109124,0.0028447931326265243,0.9971592494570048,Schofield2018_NatMethods_TimeLapseSeq_SuppTable2
GART,RNA,K562,4.31430864144259,0.16066239997335363,4.7042176243994,3.92439965848578,0.18124608693274333,0.834230040321916,Schofield2018_NatMethods_TimeLapseSeq_SuppTable2
GAS5,RNA,K562,2.81156485054565,0.24653430292579728,3.10728618731156,2.51584351377975,0.21114159619218215,0.8096594140742701,Schofield2018_NatMethods_TimeLapseSeq_SuppTable2
GATA1,RNA,K562,1.71289603816985,0.4046638938464362,1.63807943415704,1.78771264218266,0.08741247031597517,0.9162990715090937,Schofield2018_NatMethods_TimeLapseSeq_SuppTable2
GATA2,RNA,K562,0.35685448005779,1.9423804920361236,0.346006495659864,0.367702464455716,0.06081654217424945,0.9409958569955004,Schofield2018_NatMethods_TimeLapseSeq_SuppTable2
GATAD1,RNA,K562,0.5191455179340299,1.3351693438833205,0.436544619515337,0.6017464163527219,0.3209455301025117,0.7254627657964322,Schofield2018_NatMethods_TimeLapseSeq_SuppTable2
GATAD2A,RNA,K562,1.98308862972796,0.34952909828091305,2.17218320793109,1.79399405152484,0.19128830052048226,0.825894448025653,Schofield2018_NatMethods_TimeLapseSeq_SuppTable2
GATAD2B,RNA,K562,0.414439459129043,1.672493208095134,0.378657989614477,0.450220928643609,0.17310501922801172,0.8410492838599677,Schofield2018_NatMethods_TimeLapseSeq_SuppTable2
GBA2,RNA,K562,1.17249417891601,0.5911732382337038,1.22428512995829,1.12070322787373,0.08840073597231507,0.9153939719188706,Schofield2018_NatMethods_TimeLapseSeq_SuppTable2
GBF1,RNA,K562,2.00720820151682,0.3453289898059122,2.03118916537079,1.98322723766286,0.02389598144827135,0.9763872668653317,Schofield2018_NatMethods_TimeLapseSeq_SuppTable2
GCC1,RNA,K562,0.376607058095411,1.840505018852676,0.34407319587784,0.4091409203129819,0.1732052316882468,0.8409650044650464,Schofield2018_NatMethods_TimeLapseSeq_SuppTable2
GCC2,RNA,K562,1.46394845712859,0.47347785858492203,1.54729443718005,1.38060247707714,0.11398789983938631,0.8922687524123031,Schofield2018_NatMethods_TimeLapseSeq_SuppTable2
GCDH,RNA,K562,2.02641428629014,0.34205600762365584,1.97294050628589,2.07988806629439,0.05278900533298358,0.9485801367190678,Schofield2018_NatMethods_TimeLapseSeq_SuppTable2
GCLM,RNA,K562,2.16682385395947,0.31989087589807863,2.22195596040897,2.11169174750998,0.05089846891475585,0.9503751582552992,Schofield2018_NatMethods_TimeLapseSeq_SuppTable2
GCN1,RNA,K562,3.18133044224092,0.21787965542859308,3.43244250741338,2.93021837706846,0.1581951573663988,0.8536831631527061,Schofield2018_NatMethods_TimeLapseSeq_SuppTable2
GDAP2,RNA,K562,1.04021413166902,0.6663504748275174,1.08353202995603,0.996896233382,0.08333469641410986,0.9200431605353229,Schofield2018_NatMethods_TimeLapseSeq_SuppTable2
GDF11,RNA,K562,0.957002539244557,0.7242898029373098,0.9525857116358128,0.961419366853302,0.009230610763476891,0.9908118605448927,Schofield2018_NatMethods_TimeLapseSeq_SuppTable2
GDI2,RNA,K562,6.05628428218442,0.11445089897760488,6.82468268170528,5.28788588266357,0.25512732458487786,0.7748178383206952,Schofield2018_NatMethods_TimeLapseSeq_SuppTable2
GEMIN4,RNA,K562,0.394433593951179,1.7573228832170404,0.3869925555512899,0.401874632351068,0.03773472361423469,0.9629683597774903,Schofield2018_NatMethods_TimeLapseSeq_SuppTable2
GEMIN5,RNA,K562,1.74107567876504,0.39811433185466155,1.91906805040896,1.56308330712112,0.2051793282669824,0.8145012402181474,Schofield2018_NatMethods_TimeLapseSeq_SuppTable2
GEN1,RNA,K562,1.22270134944758,0.5668981888938874,1.3302708570798,1.11513184181535,0.17640993173670014,0.8382742776634816,Schofield2018_NatMethods_TimeLapseSeq_SuppTable2
GFER,RNA,K562,0.82394209335891,0.8412571540485791,0.807575543992588,0.8403086427252319,0.03973265251356602,0.9610463381329911,Schofield2018_NatMethods_TimeLapseSeq_SuppTable2
GFI1B,RNA,K562,0.4297871917260079,1.6127683511839765,0.415747625957393,0.443826757494624,0.06535589267511666,0.9367340272683511,Schofield2018_NatMethods_TimeLapseSeq_SuppTable2
GFM1,RNA,K562,3.87194928382316,0.1790176290417555,4.03242595376809,3.7114726138782306,0.08293943965729392,0.9204068856887636,Schofield2018_NatMethods_TimeLapseSeq_SuppTable2
GFM2,RNA,K562,3.18716838732999,0.217480564665308,3.11145530800218,3.26288146665781,0.04752012902532783,0.9535912780764493,Schofield2018_NatMethods_TimeLapseSeq_SuppTable2
GFOD1,RNA,K562,0.463391474041955,1.495813409154758,0.526645301063763,0.4001376470201469,0.2747186634660807,0.7597858486763575,Schofield2018_NatMethods_TimeLapseSeq_SuppTable2
GFOD2,RNA,K562,1.12261867186677,0.6174377800142332,1.09056333600792,1.15467400772561,0.05712367498173898,0.9444772539359657,Schofield2018_NatMethods_TimeLapseSeq_SuppTable2
GFPT1,RNA,K562,1.03404614118103,0.6703251943557095,1.09815303288673,0.969939249475328,0.12415154644232523,0.8832459779541247,Schofield2018_NatMethods_TimeLapseSeq_SuppTable2
GGA1,RNA,K562,1.6384871105295,0.4230409724345925,1.63452120867919,1.64245301237982,0.004840940853065055,0.9951707576162941,Schofield2018_NatMethods_TimeLapseSeq_SuppTable2
GGA2,RNA,K562,2.58658539190766,0.2679776908694033,2.29226510834243,2.88090567547288,0.22856425638295727,0.7956751683534974,Schofield2018_NatMethods_TimeLapseSeq_SuppTable2
GGA3,RNA,K562,1.65984642301509,0.41759717703331384,1.74413135557063,1.57556149045955,0.10164493058664867,0.9033502467731688,Schofield2018_NatMethods_TimeLapseSeq_SuppTable2
GGNBP2,RNA,K562,0.468830363410057,1.4784605150534846,0.490510708054884,0.4471500187652299,0.09255295890544792,0.9116009322985006,Schofield2018_NatMethods_TimeLapseSeq_SuppTable2
GGPS1,RNA,K562,2.31916784271546,0.2988775403803268,3.05107403753372,1.58726164789719,0.6534833746298206,0.5202304592976131,Schofield2018_NatMethods_TimeLapseSeq_SuppTable2
GHITM,RNA,K562,7.226307946787849,0.09591996157153179,8.36350230707024,6.08911358650547,0.31737475678965105,0.7280578593680695,Schofield2018_NatMethods_TimeLapseSeq_SuppTable2
GID8,RNA,K562,1.25931057723666,0.5504179771767956,1.33210672346718,1.18651443100614,0.11574173214346471,0.8907052341256146,Schofield2018_NatMethods_TimeLapseSeq_SuppTable2
GIGYF1,RNA,K562,0.666130703490409,1.0405573214505421,0.637654558758452,0.6946068482223668,0.08554930673430014,0.9180078779677069,Schofield2018_NatMethods_TimeLapseSeq_SuppTable2
GIGYF2,RNA,K562,1.42627592479506,0.4859839309560966,1.51958465439227,1.33296719519784,0.13102961268860908,0.8771917979988655,Schofield2018_NatMethods_TimeLapseSeq_SuppTable2
GINM1,RNA,K562,0.922819375646794,0.7511190151096753,1.13997189172565,0.705666859567938,0.47961562887651304,0.6190212799893897,Schofield2018_NatMethods_TimeLapseSeq_SuppTable2
GINS1,RNA,K562,2.66630496328529,0.25996545410390093,2.81792322665566,2.51468669991492,0.1138519459998008,0.8923900680216102,Schofield2018_NatMethods_TimeLapseSeq_SuppTable2
GINS2,RNA,K562,3.0021790177044,0.2308813619948475,3.05770371164834,2.94665432376047,0.03699381402393447,0.9636820966449998,Schofield2018_NatMethods_TimeLapseSeq_SuppTable2
GINS3,RNA,K562,0.4927900438656859,1.4065770792010328,0.520790128965075,0.4647899587662969,0.1137615351530401,0.8924707534106632,Schofield2018_NatMethods_TimeLapseSeq_SuppTable2
GIT2,RNA,K562,0.9425125807771167,0.7354248576591246,0.747244693536649,1.13778046801759,0.42044198590688725,0.656756478548634,Schofield2018_NatMethods_TimeLapseSeq_SuppTable2
GLB1,RNA,K562,2.95392325371122,0.23465307695083007,3.28058376956101,2.62726273786142,0.22207886496973983,0.8008522026593413,Schofield2018_NatMethods_TimeLapseSeq_SuppTable2
GLE1,RNA,K562,3.18765328376031,0.2174474821622618,3.56513272896151,2.81017383855912,0.23795493861039144,0.7882382094025705,Schofield2018_NatMethods_TimeLapseSeq_SuppTable2
GLG1,RNA,K562,1.88853111693263,0.3670297906903231,1.93533994884314,1.84172228502212,0.0495818369160459,0.9516272767081667,Schofield2018_NatMethods_TimeLapseSeq_SuppTable2
GLO1,RNA,K562,5.24575046171245,0.13213498919155045,5.54267769862435,4.94882322480055,0.11332790713608604,0.892857837652875,Schofield2018_NatMethods_TimeLapseSeq_SuppTable2
GLS,RNA,K562,1.3938468309544,0.4972907820045987,1.53159999641529,1.25609366549352,0.1983062985775145,0.8201186134979155,Schofield2018_NatMethods_TimeLapseSeq_SuppTable2
GLTSCR1L,RNA,K562,0.546630008943353,1.268037190090996,0.563213909922129,0.5300461079645769,0.06069550363218557,0.9411097606553467,Schofield2018_NatMethods_TimeLapseSeq_SuppTable2
GLTSCR2,RNA,K562,3.6706474831614906,0.18883512615680131,3.7409653670805105,3.60032959924247,0.03831830104330679,0.9624065571214325,Schofield2018_NatMethods_TimeLapseSeq_SuppTable2
GLUL,RNA,K562,2.44427793187997,0.2835795273194748,2.57815794718397,2.31039791657598,0.1096554020160817,0.8961428911287399,Schofield2018_NatMethods_TimeLapseSeq_SuppTable2
GLYR1,RNA,K562,3.5103341044534,0.19745903379412838,3.40156392104609,3.61910428786072,0.06199125828465733,0.9398911030156526,Schofield2018_NatMethods_TimeLapseSeq_SuppTable2
GMEB1,RNA,K562,0.4236329225949039,1.636197622021843,0.393729352256666,0.453536492933141,0.14141198579887165,0.8681315801299994,Schofield2018_NatMethods_TimeLapseSeq_SuppTable2
GMEB2,RNA,K562,0.41828286688796,1.6571254417303436,0.3959419149375659,0.440623818838353,0.10692397186698702,0.8985939888166167,Schofield2018_NatMethods_TimeLapseSeq_SuppTable2
GMNN,RNA,K562,1.55510104759402,0.4457248496053362,1.63783268923877,1.47236940594928,0.10650089294071868,0.8989742454301642,Schofield2018_NatMethods_TimeLapseSeq_SuppTable2
GMPR,RNA,K562,1.55432939205772,0.44594613220452134,1.5810657619028,1.52759302221263,0.03440584394545853,0.9661793070353911,Schofield2018_NatMethods_TimeLapseSeq_SuppTable2
GMPS,RNA,K562,4.41787771304624,0.15689596353313334,4.84586216962597,3.9898932564665,0.19436070212001233,0.8233608626913261,Schofield2018_NatMethods_TimeLapseSeq_SuppTable2
GNA11,RNA,K562,0.752094920392208,0.921621941281664,0.7488181651737779,0.755371675610638,0.00871372977792295,0.9913241247342742,Schofield2018_NatMethods_TimeLapseSeq_SuppTable2
GNA12,RNA,K562,1.31977498949215,0.5252010275074758,1.2592639792126,1.3802859997717,0.09176331710491181,0.91232105478204,Schofield2018_NatMethods_TimeLapseSeq_SuppTable2
GNA13,RNA,K562,0.8313832847987739,0.8337275877848723,0.8803015642362189,0.782465005361329,0.11781533556936367,0.8888601783188056,Schofield2018_NatMethods_TimeLapseSeq_SuppTable2
GNAI2,RNA,K562,5.11208138765451,0.1355900127556401,5.94620762230413,4.2779551530049,0.32927851450875,0.7194426136346733,Schofield2018_NatMethods_TimeLapseSeq_SuppTable2
GNAI3,RNA,K562,3.33355460559456,0.20793035140227384,3.53565435866739,3.13145485252172,0.12140068507784156,0.8856790101230327,Schofield2018_NatMethods_TimeLapseSeq_SuppTable2
GNAQ,RNA,K562,1.00110137644748,0.6923846044639909,1.07464638669049,0.927556366204475,0.14719337901162816,0.8631270506208116,Schofield2018_NatMethods_TimeLapseSeq_SuppTable2
GNAS,RNA,K562,5.9197802200743,0.11709001935738172,5.45234787534645,6.38721256480214,0.15825163615559754,0.8536349495228284,Schofield2018_NatMethods_TimeLapseSeq_SuppTable2
GNB1,RNA,K562,6.39541386507934,0.10838191166090332,6.56429033006027,6.2265374000984,0.052824019149332234,0.9485469238898261,Schofield2018_NatMethods_TimeLapseSeq_SuppTable2
GNB1L,RNA,K562,2.12064113534225,0.32685736827795636,2.15103053240969,2.0902517382748,0.028662537044896092,0.9717443368566215,Schofield2018_NatMethods_TimeLapseSeq_SuppTable2
GNB4,RNA,K562,4.39960206395121,0.15754769874288158,4.79578947768037,4.00341465022204,0.18059068129299585,0.8347769786088304,Schofield2018_NatMethods_TimeLapseSeq_SuppTable2
GNG5,RNA,K562,6.11367432596385,0.11337652998888967,7.283925476540009,4.94342317538769,0.38761188899166743,0.6786756936640025,Schofield2018_NatMethods_TimeLapseSeq_SuppTable2
GNGT1,RNA,K562,1.40727746961871,0.4925447863154859,1.47858315282251,1.33597178641491,0.1014253431312474,0.903548632935953,Schofield2018_NatMethods_TimeLapseSeq_SuppTable2
GNL1,RNA,K562,3.07069160137854,0.22572998872591682,2.91798534129419,3.22339786146289,0.09954261312236748,0.9052513734590326,Schofield2018_NatMethods_TimeLapseSeq_SuppTable2
GNL2,RNA,K562,2.37106220492151,0.2923361433205801,2.59398427742991,2.14814013241312,0.18859261167404856,0.8281238059551668,Schofield2018_NatMethods_TimeLapseSeq_SuppTable2
GNL3,RNA,K562,2.001211702754,0.34636374532792286,2.10958898218854,1.89283442331945,0.10841773281136953,0.8972527062384336,Schofield2018_NatMethods_TimeLapseSeq_SuppTable2
GNL3L,RNA,K562,3.92155526172555,0.17675313346341803,4.16793828723675,3.67517223621435,0.12582149945261648,0.8817722295621865,Schofield2018_NatMethods_TimeLapseSeq_SuppTable2
GNPTAB,RNA,K562,2.80859256393798,0.2467952060615267,2.86759385048661,2.7495912773893494,0.042021024284785616,0.958849621233064,Schofield2018_NatMethods_TimeLapseSeq_SuppTable2
GNS,RNA,K562,2.77457082118431,0.24982140490617546,2.59313879960429,2.95600284276434,0.13096893107591953,0.8772450290268621,Schofield2018_NatMethods_TimeLapseSeq_SuppTable2
GOLGA1,RNA,K562,1.03893440033707,0.6671712673437917,0.859338957652735,1.2185298430214,0.34923692458141353,0.7052260250942768,Schofield2018_NatMethods_TimeLapseSeq_SuppTable2
GOLGA2,RNA,K562,1.25573459048214,0.5519854161967547,1.27568549493151,1.23578368603277,0.03177834479678051,0.9687212803960883,Schofield2018_NatMethods_TimeLapseSeq_SuppTable2
GOLGA3,RNA,K562,2.00896402164563,0.34502717474858424,2.03576198835949,1.98216605493177,0.026679976365444863,0.9736727899753594,Schofield2018_NatMethods_TimeLapseSeq_SuppTable2
GOLGA4,RNA,K562,0.556024588625291,1.246612460563434,0.532886471057284,0.579162706193299,0.08327504893443885,0.9200980404277447,Schofield2018_NatMethods_TimeLapseSeq_SuppTable2
GOLGA5,RNA,K562,0.797187637083399,0.8694906297040713,0.784416947540525,0.8099583266262719,0.03204209790708948,0.9684658108372877,Schofield2018_NatMethods_TimeLapseSeq_SuppTable2
GOLGB1,RNA,K562,1.40758518398838,0.49243711033951,1.65712535771483,1.15804501026193,0.3583511416407548,0.6988276444329293,Schofield2018_NatMethods_TimeLapseSeq_SuppTable2
GOLIM4,RNA,K562,1.2937827938704,0.5357523564572763,1.32160599374727,1.26595959399353,0.04301725205886763,0.9578948642658918,Schofield2018_NatMethods_TimeLapseSeq_SuppTable2
GOLPH3,RNA,K562,0.831192433654883,0.8339190210287031,0.875511985342547,0.786872881967219,0.10674212825056871,0.8987574072550845,Schofield2018_NatMethods_TimeLapseSeq_SuppTable2
GOLPH3L,RNA,K562,0.543308682123112,1.2757888901228351,0.497908360004919,0.588709004241304,0.16751596700707094,0.8457631128754283,Schofield2018_NatMethods_TimeLapseSeq_SuppTable2
GON4L,RNA,K562,0.8323972102899079,0.8327120417889622,0.91182280883595,0.752971611743867,0.1914181557589175,0.8257872082681552,Schofield2018_NatMethods_TimeLapseSeq_SuppTable2
GOPC,RNA,K562,0.505078092175949,1.3723564559566772,0.610804105113367,0.39935207923853,0.42493286229484417,0.6538136792063785,Schofield2018_NatMethods_TimeLapseSeq_SuppTable2
GORASP2,RNA,K562,1.22509420571347,0.5657909223040284,1.43783999469088,1.01234841673607,0.35086918684420737,0.704075850215666,Schofield2018_NatMethods_TimeLapseSeq_SuppTable2
GOSR1,RNA,K562,0.735714894912545,0.9421410186922207,0.7558735661428249,0.715556223682266,0.05481394616225702,0.9466612615304227,Schofield2018_NatMethods_TimeLapseSeq_SuppTable2
GOT1,RNA,K562,2.4707319988181906,0.2805432482727766,2.3742700240164294,2.56719397361994,0.07812343142476709,0.9248502639122852,Schofield2018_NatMethods_TimeLapseSeq_SuppTable2
GOT2,RNA,K562,7.230012207705,0.09587081745467325,5.88689238739695,8.57313202801305,0.3759048798453134,0.686667645868662,Schofield2018_NatMethods_TimeLapseSeq_SuppTable2
GPANK1,RNA,K562,0.527555708611181,1.3138843334378711,0.533837258583153,0.52127415863921,0.023814913755817187,0.9764664235364792,Schofield2018_NatMethods_TimeLapseSeq_SuppTable2
GPAT4,RNA,K562,1.97964759928586,0.35013665099282915,2.17584151331552,1.78345368525619,0.19886373536470808,0.8196615766093118,Schofield2018_NatMethods_TimeLapseSeq_SuppTable2
GPATCH1,RNA,K562,0.534970746416225,1.2956730535330128,0.4737608242813239,0.596180668551126,0.22984115205921854,0.7946598225546055,Schofield2018_NatMethods_TimeLapseSeq_SuppTable2
GPATCH11,RNA,K562,0.587334269564815,1.1801579040731478,0.604935894845886,0.569732644283744,0.059955287808089695,0.9418066428822012,Schofield2018_NatMethods_TimeLapseSeq_SuppTable2
GPATCH2L,RNA,K562,1.01545185481983,0.6825997483484132,1.02592834741127,1.00497536222839,0.020634881463846975,0.9795765608429178,Schofield2018_NatMethods_TimeLapseSeq_SuppTable2
GPATCH3,RNA,K562,0.433038918043603,1.6006579355302928,0.4669719698406589,0.3991058662465479,0.1570425234779597,0.8546677146012246,Schofield2018_NatMethods_TimeLapseSeq_SuppTable2
GPATCH4,RNA,K562,2.14765580424332,0.3227459349819608,2.26893843790794,2.0263731705787,0.11306449393866205,0.8930930591696019,Schofield2018_NatMethods_TimeLapseSeq_SuppTable2
GPATCH8,RNA,K562,0.5623289944665129,1.2326363879165452,0.5593316551352179,0.565326333797809,0.010660548352873422,0.9893960739059872,Schofield2018_NatMethods_TimeLapseSeq_SuppTable2
GPBP1,RNA,K562,0.915227805061615,0.7573493470440195,1.00641011067238,0.824045499450845,0.1999191861061099,0.8187969205717761,Schofield2018_NatMethods_TimeLapseSeq_SuppTable2
GPBP1L1,RNA,K562,0.899342501970528,0.7707265908607754,0.8858368860565499,0.912848117884505,0.03003667961589136,0.9704099386319021,Schofield2018_NatMethods_TimeLapseSeq_SuppTable2
GPD2,RNA,K562,2.3100843258396506,0.3000527611943368,2.61615299379886,2.00401565788043,0.266551919247221,0.766016231707627,Schofield2018_NatMethods_TimeLapseSeq_SuppTable2
GPHN,RNA,K562,1.26426408545702,0.5482613866306096,1.29831348013109,1.23021469078295,0.05387739973437655,0.9475482690503497,Schofield2018_NatMethods_TimeLapseSeq_SuppTable2
GPI,RNA,K562,5.27066639741023,0.13151034960219202,4.97307439430245,5.56825840051802,0.11304409083103936,0.893111281229298,Schofield2018_NatMethods_TimeLapseSeq_SuppTable2
GPN2,RNA,K562,1.09349961557663,0.6338796746576187,1.1135281498261,1.07347108132715,0.03663608859220776,0.9640268919064094,Schofield2018_NatMethods_TimeLapseSeq_SuppTable2
GPR107,RNA,K562,1.76265703306933,0.3932399596494175,1.81162260336311,1.71369146277556,0.055573115716025044,0.9459428578525406,Schofield2018_NatMethods_TimeLapseSeq_SuppTable2
GPR137,RNA,K562,1.38261606792065,0.5013301932780126,1.51435346149051,1.2508786743508,0.1911423459334978,0.8260149999060433,Schofield2018_NatMethods_TimeLapseSeq_SuppTable2
GPRC5C,RNA,K562,0.780313187303846,0.8882935619157245,0.761815262942025,0.7988111116656669,0.04742042268259698,0.9536863619153985,Schofield2018_NatMethods_TimeLapseSeq_SuppTable2
GPRIN1,RNA,K562,1.07541867326734,0.6445370512807106,1.01752690889791,1.13331043763677,0.1077678565885049,0.8978359989516226,Schofield2018_NatMethods_TimeLapseSeq_SuppTable2
GPSM2,RNA,K562,2.40778700878644,0.2878772823470385,2.47478491545004,2.34078910212285,0.055665393743820256,0.9458555721385498,Schofield2018_NatMethods_TimeLapseSeq_SuppTable2
GPX4,RNA,K562,7.779866815388101,0.08909499314164897,8.12531636032399,7.4344172704522,0.08886446380888754,0.9149695766622137,Schofield2018_NatMethods_TimeLapseSeq_SuppTable2
GRAMD1A,RNA,K562,0.7798123028791109,0.8888641253809499,0.69275672375469,0.866867882003531,0.22420769035124885,0.7991491415664979,Schofield2018_NatMethods_TimeLapseSeq_SuppTable2
GRAMD4,RNA,K562,1.95613090613682,0.35434600945437117,1.65097083240314,2.26129097987051,0.3145723820680751,0.7301010118112623,Schofield2018_NatMethods_TimeLapseSeq_SuppTable2
GRB10,RNA,K562,1.79458789505028,0.38624309373296256,1.90564354189374,1.68353224820682,0.1239256539087785,0.8834455191624159,Schofield2018_NatMethods_TimeLapseSeq_SuppTable2
GRB2,RNA,K562,2.40591630236813,0.2881011196763929,2.46109437937513,2.35073822536114,0.04587670340732313,0.9551597228701123,Schofield2018_NatMethods_TimeLapseSeq_SuppTable2
GRHPR,RNA,K562,3.01496061053473,0.22990256593667718,3.22921038932096,2.80071083174851,0.142364392394822,0.8673051594936323,Schofield2018_NatMethods_TimeLapseSeq_SuppTable2
GRIN2D,RNA,K562,0.95763311785768,0.7238128753426825,1.1473188453199,0.767947390395457,0.40146183175776357,0.6693408667765193,Schofield2018_NatMethods_TimeLapseSeq_SuppTable2
GRK2,RNA,K562,1.98937430555726,0.3484247175725848,2.0315847279301,1.94716388318443,0.04244224765240132,0.9584458164185538,Schofield2018_NatMethods_TimeLapseSeq_SuppTable2
GRK6,RNA,K562,1.29801107574791,0.5340071386991486,1.3637201084301,1.23230204306572,0.10133233937747312,0.9036326702583664,Schofield2018_NatMethods_TimeLapseSeq_SuppTable2
GRPEL1,RNA,K562,0.9532253247336148,0.7271598462343097,1.05784563666246,0.8486050128047719,0.22039586080089366,0.8022011750997531,Schofield2018_NatMethods_TimeLapseSeq_SuppTable2
GRPEL2,RNA,K562,0.2722746593074639,2.5457645684801484,0.2863416693695209,0.258207649245407,0.10342164269434755,0.9017466784137268,Schofield2018_NatMethods_TimeLapseSeq_SuppTable2
GRSF1,RNA,K562,1.70467141437565,0.4066162984341567,1.63991962576644,1.76942320298486,0.07600638750126569,0.9268102865385969,Schofield2018_NatMethods_TimeLapseSeq_SuppTable2
GRWD1,RNA,K562,0.846568310559156,0.8187728880403324,0.8642671085511539,0.828869512567159,0.04181913511277416,0.9590432221314833,Schofield2018_NatMethods_TimeLapseSeq_SuppTable2
GS1-124K5.12,RNA,K562,0.835570492918265,0.8295496148255543,0.8274746543739518,0.8436663314625779,0.01937859693198344,0.9808079610566465,Schofield2018_NatMethods_TimeLapseSeq_SuppTable2
GS1-57L11.1,RNA,K562,0.6476504150159809,1.0702489560557786,0.571816098912547,0.723484731119415,0.23526200737184613,0.7903637413712961,Schofield2018_NatMethods_TimeLapseSeq_SuppTable2
GSE1,RNA,K562,0.859571837853759,0.8063865636764522,0.821595391405954,0.8975482843015649,0.08841886827309975,0.9153773738705162,Schofield2018_NatMethods_TimeLapseSeq_SuppTable2
GSG2,RNA,K562,0.3203083613448309,2.163999645996538,0.3761599352670659,0.2644567874225949,0.35233654933540437,0.7030434733428905,Schofield2018_NatMethods_TimeLapseSeq_SuppTable2
GSK3B,RNA,K562,1.09469477875926,0.6331876190599598,1.14832993912657,1.04105961839195,0.09806960172306013,0.906585801624043,Schofield2018_NatMethods_TimeLapseSeq_SuppTable2
GSPT1,RNA,K562,4.62880184809532,0.14974656580842072,5.56978940050704,3.6878142956836,0.41232329285903696,0.6621101859520727,Schofield2018_NatMethods_TimeLapseSeq_SuppTable2
GSR,RNA,K562,4.71316276043244,0.14706625164295153,4.53671048587503,4.88961503498985,0.07491138858852729,0.9278256986307813,Schofield2018_NatMethods_TimeLapseSeq_SuppTable2
GSS,RNA,K562,3.9065328188377695,0.17743283179844452,3.24393491454377,4.56913072313178,0.3425359003387914,0.709967630849552,Schofield2018_NatMethods_TimeLapseSeq_SuppTable2
GSTCD,RNA,K562,1.04084097488127,0.6659491673442367,0.940429063405178,1.14125288635735,0.19354573947195394,0.8240321445379549,Schofield2018_NatMethods_TimeLapseSeq_SuppTable2
GSTK1,RNA,K562,4.87922132666844,0.14206102452688493,4.53929487157442,5.21914778176246,0.1395624430078827,0.8697387124074767,Schofield2018_NatMethods_TimeLapseSeq_SuppTable2
GSTO1,RNA,K562,3.9593869626212905,0.17506426805554035,3.55433742781796,4.36443649742462,0.20532041695648007,0.8143863314119278,Schofield2018_NatMethods_TimeLapseSeq_SuppTable2
GSTP1,RNA,K562,13.8652416543858,0.04999171293496292,15.3491035377336,12.381379771038,0.2148633582124369,0.8066516549712581,Schofield2018_NatMethods_TimeLapseSeq_SuppTable2
GTF2A1,RNA,K562,0.4957612034851079,1.3981472847960896,0.5411907502383239,0.450331656731893,0.18378747868077414,0.8321126267098629,Schofield2018_NatMethods_TimeLapseSeq_SuppTable2
GTF2B,RNA,K562,0.543254284559313,1.275916638415885,0.5572903353037039,0.529218233814922,0.05168546534585462,0.9496275106341409,Schofield2018_NatMethods_TimeLapseSeq_SuppTable2
GTF2E1,RNA,K562,0.4327317665911519,1.6017940767792898,0.437426688629292,0.428036844553012,0.021699845628214035,0.9785339022049528,Schofield2018_NatMethods_TimeLapseSeq_SuppTable2
GTF2E2,RNA,K562,2.19788518416257,0.31537005916168714,2.4658319071519,1.92993846117323,0.24504112124091842,0.7826723531217338,Schofield2018_NatMethods_TimeLapseSeq_SuppTable2
GTF2F1,RNA,K562,2.6529055085677,0.2612785032566706,2.93046533423486,2.3753456829005306,0.21001824997378155,0.8105694529639368,Schofield2018_NatMethods_TimeLapseSeq_SuppTable2
GTF2F2,RNA,K562,2.3799226925906094,0.2912477715002734,2.3743033888164,2.38554199636482,0.004722266176246469,0.9952888661924435,Schofield2018_NatMethods_TimeLapseSeq_SuppTable2
GTF2H1,RNA,K562,1.95242849943688,0.3550179587932992,2.09474869530252,1.81010830357123,0.14604691195462885,0.8641171648085535,Schofield2018_NatMethods_TimeLapseSeq_SuppTable2
GTF2H3,RNA,K562,1.40811844447553,0.4922506222962771,1.33207920139035,1.48415768756071,0.10810636671049087,0.8975321238134009,Schofield2018_NatMethods_TimeLapseSeq_SuppTable2
GTF2I,RNA,K562,3.32554660219221,0.2084310531396615,3.13423798577094,3.51685521861349,0.11518110868434261,0.8912047243749216,Schofield2018_NatMethods_TimeLapseSeq_SuppTable2
GTF2IRD1,RNA,K562,1.02080116481388,0.6790227171089925,0.9313527831694108,1.11024954645834,0.1757019508760966,0.8388679699445913,Schofield2018_NatMethods_TimeLapseSeq_SuppTable2
GTF3C1,RNA,K562,2.63736363467005,0.26281820657873073,2.67420541017105,2.60052185916906,0.027940153343385433,0.9724465627353295,Schofield2018_NatMethods_TimeLapseSeq_SuppTable2
GTF3C2,RNA,K562,2.02344030767152,0.3425587490433985,1.86097499445373,2.1859056208893,0.16092967352897616,0.8513519415795375,Schofield2018_NatMethods_TimeLapseSeq_SuppTable2
GTF3C3,RNA,K562,1.85469983652189,0.37372472187186956,1.89095409191182,1.81844558113196,0.03909945237631355,0.9616550655089933,Schofield2018_NatMethods_TimeLapseSeq_SuppTable2
GTF3C4,RNA,K562,0.361164563803316,1.9192004145163624,0.3400565253797729,0.3822726022268589,0.11702211758795844,0.8895655179022405,Schofield2018_NatMethods_TimeLapseSeq_SuppTable2
GTF3C5,RNA,K562,1.43420997679256,0.4832954670348107,1.45150403347824,1.41691592010687,0.024117660916356917,0.9761708458443022,Schofield2018_NatMethods_TimeLapseSeq_SuppTable2
GTF3C6,RNA,K562,5.74440681221217,0.12066470972883872,5.51619880991946,5.97261481450488,0.07949582220423672,0.9235818784970053,Schofield2018_NatMethods_TimeLapseSeq_SuppTable2
GTPBP1,RNA,K562,2.2221751271561,0.31192284176406143,2.30250720773123,2.14184304658097,0.0723319244337176,0.9302220811249621,Schofield2018_NatMethods_TimeLapseSeq_SuppTable2
GTPBP10,RNA,K562,0.810966341682129,0.8547175695629983,0.712071834036262,0.909860849327995,0.24511287816891908,0.7826161929730067,Schofield2018_NatMethods_TimeLapseSeq_SuppTable2
GTPBP2,RNA,K562,0.607326608944015,1.1413087626197544,0.573240316288893,0.641412901599136,0.11236837285818191,0.8937149765146932,Schofield2018_NatMethods_TimeLapseSeq_SuppTable2
GTPBP4,RNA,K562,1.36718721049291,0.5069877594232658,1.42665890681724,1.30771551416858,0.08705354919787643,0.9166280096242394,Schofield2018_NatMethods_TimeLapseSeq_SuppTable2
GTSE1,RNA,K562,1.17185065873261,0.5914978802073668,1.132107769786,1.21159354767922,0.06785529646153568,0.9343956741553526,Schofield2018_NatMethods_TimeLapseSeq_SuppTable2
GTSF1,RNA,K562,6.1180194836548,0.11329600737817053,6.5906487430719,5.64539022423771,0.15481246460701226,0.8565758007012819,Schofield2018_NatMethods_TimeLapseSeq_SuppTable2
GUCD1,RNA,K562,0.709203754716625,0.9773597163722075,0.7211030649232238,0.697304444510025,0.033559966166237715,0.9669969223945365,Schofield2018_NatMethods_TimeLapseSeq_SuppTable2
GUF1,RNA,K562,2.3929761292795,0.28965904510240337,2.62519708790856,2.16075517065043,0.1946981976966726,0.8230830289286428,Schofield2018_NatMethods_TimeLapseSeq_SuppTable2
GUK1,RNA,K562,6.24692418543307,0.1109581547629896,6.14699726910473,6.34685110176142,0.03199508676430792,0.9685113405919945,Schofield2018_NatMethods_TimeLapseSeq_SuppTable2
GULP1,RNA,K562,0.772764415688709,0.8969708833476673,0.895964246069009,0.6495645853084089,0.3215982385668412,0.7249894046088733,Schofield2018_NatMethods_TimeLapseSeq_SuppTable2
GUSB,RNA,K562,2.72997662776954,0.2539022398613955,2.41465888810247,3.04529436743661,0.23203953891668327,0.7929147716957884,Schofield2018_NatMethods_TimeLapseSeq_SuppTable2
GUSBP1,RNA,K562,0.834261872188328,0.8308508439223898,0.77082961876372,0.897694125612937,0.15236203111566055,0.858677356541021,Schofield2018_NatMethods_TimeLapseSeq_SuppTable2
GYPC,RNA,K562,6.3495821654508,0.10916421939249511,6.36497325026264,6.33419108063897,0.004847914257841474,0.9951638179119764,Schofield2018_NatMethods_TimeLapseSeq_SuppTable2
GYPE,RNA,K562,1.94157262849966,0.35700296264249004,2.13942838772997,1.74371686926934,0.2045197181116522,0.8150386707355521,Schofield2018_NatMethods_TimeLapseSeq_SuppTable2
H19,RNA,K562,13.0364818639165,0.05316980361691738,13.706917409286,12.366046318547,0.10294610902416276,0.9021755912944655,Schofield2018_NatMethods_TimeLapseSeq_SuppTable2
H1FX,RNA,K562,2.27980321933247,0.30403816201421974,2.440390360292,2.11921607837293,0.1411117642871727,0.868392251032888,Schofield2018_NatMethods_TimeLapseSeq_SuppTable2
H2AFV,RNA,K562,4.73289605561251,0.14645307490705947,4.8492752195516,4.61651689167343,0.0491887533123456,0.9520014193173197,Schofield2018_NatMethods_TimeLapseSeq_SuppTable2
H2AFX,RNA,K562,0.9700220784901707,0.7145684576982223,0.957233175613305,0.982810981367037,0.02636979968379339,0.9739748474135335,Schofield2018_NatMethods_TimeLapseSeq_SuppTable2
H2AFY,RNA,K562,2.81665114565358,0.24608911246589835,2.63679481121221,2.99650748009494,0.1278833442943867,0.879956025048423,Schofield2018_NatMethods_TimeLapseSeq_SuppTable2
H2AFZ,RNA,K562,6.91323266793022,0.10026382936240295,7.0532680545895,6.77319728127093,0.040517815844868195,0.9602920559447148,Schofield2018_NatMethods_TimeLapseSeq_SuppTable2
H3F3A,RNA,K562,7.85993105973205,0.08818743768772637,8.80913429009275,6.91072782937136,0.24271420855976988,0.7844956838884332,Schofield2018_NatMethods_TimeLapseSeq_SuppTable2
H3F3B,RNA,K562,1.29966773342748,0.5333264516246622,1.40932765914785,1.19000780770711,0.1691528849828108,0.8443798005260523,Schofield2018_NatMethods_TimeLapseSeq_SuppTable2
HACD3,RNA,K562,4.65618078428351,0.1488660369244246,5.46887905188233,3.84348251668469,0.35269480790779006,0.7027916471039535,Schofield2018_NatMethods_TimeLapseSeq_SuppTable2
HADHA,RNA,K562,8.71533121363104,0.07953193786552165,7.929096811068311,9.50156561619376,0.18091745277204288,0.8345042418645775,Schofield2018_NatMethods_TimeLapseSeq_SuppTable2
HARS,RNA,K562,3.10423965042194,0.22329048611492675,2.86332972918315,3.34514957166073,0.15552621897430388,0.8559646341199697,Schofield2018_NatMethods_TimeLapseSeq_SuppTable2
HAT1,RNA,K562,6.21397504137701,0.11154650218973919,6.0583703310462,6.36957975170781,0.05009265271791356,0.9511412945919755,Schofield2018_NatMethods_TimeLapseSeq_SuppTable2
HAUS2,RNA,K562,2.27471848536624,0.3047177859674119,2.0177389909351,2.53169797979739,0.22691264278871892,0.7969904021081448,Schofield2018_NatMethods_TimeLapseSeq_SuppTable2
HAUS6,RNA,K562,1.09535950900056,0.6328033626077655,1.11616737025193,1.07455164774919,0.03799732333851649,0.9627155177512968,Schofield2018_NatMethods_TimeLapseSeq_SuppTable2
HAUS8,RNA,K562,0.3738805853020569,1.8539266487987172,0.378319254255228,0.369441916348885,0.023744894367754052,0.9765347975116434,Schofield2018_NatMethods_TimeLapseSeq_SuppTable2
HBG1,RNA,K562,12.3172568360859,0.056274476515682466,11.381390872173,13.2531227999989,0.15225356569896012,0.8587704983895528,Schofield2018_NatMethods_TimeLapseSeq_SuppTable2
HBG2,RNA,K562,18.6228480199089,0.03722025652676384,20.7210342092808,16.5246618305369,0.22629540830535647,0.7974824839165425,Schofield2018_NatMethods_TimeLapseSeq_SuppTable2
HBS1L,RNA,K562,2.85238930000031,0.24300581290214135,2.84585718700393,2.85892141299668,0.004580107221167899,0.9954303654751195,Schofield2018_NatMethods_TimeLapseSeq_SuppTable2
HCCS,RNA,K562,2.42134408866844,0.2862654604951768,2.60104812703038,2.24164005030649,0.14870672629490575,0.8618218275206516,Schofield2018_NatMethods_TimeLapseSeq_SuppTable2
HCFC1,RNA,K562,2.81217634451852,0.24648069524908148,2.75577351670308,2.86857917233396,0.04011867377327347,0.960675425409612,Schofield2018_NatMethods_TimeLapseSeq_SuppTable2
HDAC1,RNA,K562,5.27591479641262,0.13137952512638257,5.78759617399509,4.76423341883015,0.19458039012254458,0.8231800000554412,Schofield2018_NatMethods_TimeLapseSeq_SuppTable2
HDAC2,RNA,K562,5.62702912578409,0.12318172965976246,5.51125980423061,5.74279844733756,0.041153389267515515,0.9596819137515971,Schofield2018_NatMethods_TimeLapseSeq_SuppTable2
HDAC4,RNA,K562,0.900505793525844,0.769730950698267,0.93705197440699,0.863959612644697,0.08121272656367481,0.9219975372139319,Schofield2018_NatMethods_TimeLapseSeq_SuppTable2
HDAC7,RNA,K562,1.21689354705926,0.5696037933926119,1.24576852798181,1.18801856613671,0.047465782142725566,0.9536431041979707,Schofield2018_NatMethods_TimeLapseSeq_SuppTable2
HDDC2,RNA,K562,3.50684444585924,0.1976555251483679,3.83628680489846,3.17740208682001,0.1884410118106206,0.8282493589277172,Schofield2018_NatMethods_TimeLapseSeq_SuppTable2
HDGF,RNA,K562,6.04805382415195,0.11460664880196192,6.07313114059989,6.02297650770401,0.008292737098497637,0.9917415527946386,Schofield2018_NatMethods_TimeLapseSeq_SuppTable2
HDLBP,RNA,K562,7.33852973406737,0.09445314057149284,6.85801081808108,7.81904865005365,0.13114545967402963,0.8770901838593912,Schofield2018_NatMethods_TimeLapseSeq_SuppTable2
HEATR1,RNA,K562,4.98752744322478,0.13897611360545778,4.65849112919786,5.3165637572517,0.13213558068462475,0.8762221882214353,Schofield2018_NatMethods_TimeLapseSeq_SuppTable2
HECTD1,RNA,K562,2.06841604619617,0.3351101350401179,2.26758674658051,1.86924534581183,0.19318136773523617,0.8243324532702561,Schofield2018_NatMethods_TimeLapseSeq_SuppTable2
HECTD3,RNA,K562,3.40108034001409,0.20380206030565973,3.50658696251325,3.29557371751493,0.06206291865710421,0.9398237524823619,Schofield2018_NatMethods_TimeLapseSeq_SuppTable2
HECTD4,RNA,K562,1.32562232140487,0.5228843610790748,1.31987504930835,1.3313695935014,0.008671109431752306,0.9913663762120176,Schofield2018_NatMethods_TimeLapseSeq_SuppTable2
HELLS,RNA,K562,1.36053086414587,0.5094681780667264,1.36549556881688,1.35556615947487,0.007298219891214152,0.9927283474448672,Schofield2018_NatMethods_TimeLapseSeq_SuppTable2
HELZ,RNA,K562,1.18303795449932,0.5859044318263618,1.15474957779041,1.21132633120822,0.04783239607867029,0.9532935494257948,Schofield2018_NatMethods_TimeLapseSeq_SuppTable2
HEMGN,RNA,K562,0.4851070480289559,1.4288540712328952,0.4803879158741429,0.489826180183768,0.019456658263561133,0.9807314008694183,Schofield2018_NatMethods_TimeLapseSeq_SuppTable2
HEPH,RNA,K562,2.05872955004674,0.3366868564859374,2.00491672121795,2.11254237887552,0.052289616710373125,0.9490539651493959,Schofield2018_NatMethods_TimeLapseSeq_SuppTable2
HERC1,RNA,K562,1.15006799123018,0.6027010453690781,1.09862099777434,1.20151498468602,0.08952749281000799,0.9143631263670271,Schofield2018_NatMethods_TimeLapseSeq_SuppTable2
HERC2,RNA,K562,1.97590395641947,0.3508000367669668,2.16824883880652,1.78355907403243,0.195309007239823,0.8225804354698345,Schofield2018_NatMethods_TimeLapseSeq_SuppTable2
HERC2P9,RNA,K562,0.651472727139913,1.0639696056088042,0.6536082230458639,0.649337231233962,0.00655592618277399,0.9934655170156845,Schofield2018_NatMethods_TimeLapseSeq_SuppTable2
HERC4,RNA,K562,1.76196078985667,0.39339534940294024,1.7449437377731,1.77897784194024,0.01931664008979702,0.9808687307032331,Schofield2018_NatMethods_TimeLapseSeq_SuppTable2
HEXIM1,RNA,K562,0.619470684731747,1.1189345963321942,0.5283551993151429,0.710586170148352,0.2963214376769631,0.743548385137915,Schofield2018_NatMethods_TimeLapseSeq_SuppTable2
HFM1,RNA,K562,4.18181377974301,0.165752761138623,4.12850707789068,4.23512048159534,0.02549591744680038,0.9748263587380872,Schofield2018_NatMethods_TimeLapseSeq_SuppTable2
HGH1,RNA,K562,3.78578717131476,0.1830919566244986,3.49592458665594,4.07564975597358,0.15343229706285139,0.8577588350255193,Schofield2018_NatMethods_TimeLapseSeq_SuppTable2
HGS,RNA,K562,2.5721668055524294,0.26947987162561826,2.54751776540522,2.59681584569964,0.019166560016672773,0.9810159506011725,Schofield2018_NatMethods_TimeLapseSeq_SuppTable2
HHEX,RNA,K562,0.315800129572324,2.1948920081149046,0.304190407416691,0.327409851727956,0.0735589097608684,0.9290814122155433,Schofield2018_NatMethods_TimeLapseSeq_SuppTable2
HIC2,RNA,K562,0.406985020159431,1.7031270101499412,0.3921524185839839,0.421817621734878,0.07292245750060786,0.9296729163924323,Schofield2018_NatMethods_TimeLapseSeq_SuppTable2
HIF1AN,RNA,K562,1.19797263829615,0.5786001770005308,1.02152531819653,1.37441995839576,0.2967348733952988,0.7432410392154571,Schofield2018_NatMethods_TimeLapseSeq_SuppTable2
HINT1,RNA,K562,7.89707896006987,0.0877726035240013,8.45169473458759,7.342463185552141,0.14069261137233313,0.8687563164703469,Schofield2018_NatMethods_TimeLapseSeq_SuppTable2
HIPK1,RNA,K562,0.619710989338182,1.1185007083708314,0.6623207684569549,0.5771012102194089,0.13773232429487905,0.87133189491236,Schofield2018_NatMethods_TimeLapseSeq_SuppTable2
HIPK2,RNA,K562,1.54431806756206,0.44883705961828385,1.53921727885124,1.54941885627288,0.006605902458752769,0.9934158685494638,Schofield2018_NatMethods_TimeLapseSeq_SuppTable2
HIPK3,RNA,K562,0.79596878178588,0.8708220679267867,0.748720401443277,0.8432171621284819,0.1188589131262726,0.8879330676255777,Schofield2018_NatMethods_TimeLapseSeq_SuppTable2
HIRA,RNA,K562,2.08387724093234,0.3326238066930597,2.05022708786284,2.11752739400185,0.03229852283271309,0.9682175039011791,Schofield2018_NatMethods_TimeLapseSeq_SuppTable2
HIST1H1B,RNA,K562,1.12770875903779,0.6146508794977955,1.10199050417986,1.15342701389572,0.045619429227102846,0.955405492418517,Schofield2018_NatMethods_TimeLapseSeq_SuppTable2
HIST1H1C,RNA,K562,1.32300463120114,0.5239189374043576,1.31066477711387,1.33534448528841,0.018654828037060516,0.9815180963066548,Schofield2018_NatMethods_TimeLapseSeq_SuppTable2
HIST1H1D,RNA,K562,1.02987833304668,0.6730379291594707,1.07897551325898,0.980781152834379,0.09541792219709626,0.9089929667374834,Schofield2018_NatMethods_TimeLapseSeq_SuppTable2
HIST1H1E,RNA,K562,1.49575742853173,0.46340881705689035,1.45247937307616,1.53903548398729,0.05788390245007452,0.9437595092434888,Schofield2018_NatMethods_TimeLapseSeq_SuppTable2
HIST1H2AB,RNA,K562,0.88437132778681,0.783773918015395,0.8503121248138519,0.918430530759768,0.0770627806916261,0.9258317274257364,Schofield2018_NatMethods_TimeLapseSeq_SuppTable2
HIST1H2AC,RNA,K562,1.33621319000124,0.5187399628642358,1.35218646562981,1.32023991437267,0.023909413080377005,0.9763741524788446,Schofield2018_NatMethods_TimeLapseSeq_SuppTable2
HIST1H2AE,RNA,K562,0.985409451377943,0.7034103230801023,0.991893125023811,0.978925777732076,0.013159539322912611,0.986926668847086,Schofield2018_NatMethods_TimeLapseSeq_SuppTable2
HIST1H2AG,RNA,K562,0.970145189521756,0.7144777792503821,0.963145495173218,0.977144883870294,0.01443044997906662,0.9856731699380885,Schofield2018_NatMethods_TimeLapseSeq_SuppTable2
HIST1H2AH,RNA,K562,0.936640604995596,0.7400353741478082,0.905548161415607,0.9677330485755848,0.06641580942098446,0.9357416931750876,Schofield2018_NatMethods_TimeLapseSeq_SuppTable2
HIST1H2AI,RNA,K562,0.889440587378557,0.7793068928896688,0.900957717289604,0.8779234574675099,0.025898916308915224,0.9744335839739635,Schofield2018_NatMethods_TimeLapseSeq_SuppTable2
HIST1H2AK,RNA,K562,0.724505842159463,0.9567171722093364,0.685579817812351,0.763431866506576,0.10755895272233298,0.8980235799555082,Schofield2018_NatMethods_TimeLapseSeq_SuppTable2
HIST1H2BC,RNA,K562,0.982793083506906,0.7052829249536274,0.927228254121051,1.03835791289276,0.11319605031931122,0.8929755748072329,Schofield2018_NatMethods_TimeLapseSeq_SuppTable2
HIST1H2BD,RNA,K562,1.04221660861322,0.6650701733512492,1.02551582669871,1.05891739052774,0.032051324956093065,0.9684568747970195,Schofield2018_NatMethods_TimeLapseSeq_SuppTable2
HIST1H2BF,RNA,K562,1.16109358475832,0.5969778747026864,1.18060867426042,1.14157849525622,0.0336181814985338,0.9669406299859266,Schofield2018_NatMethods_TimeLapseSeq_SuppTable2
HIST1H2BG,RNA,K562,1.04892429299697,0.6608171678239009,0.9832027417437808,1.11464584425016,0.12547665812435252,0.8820763535032932,Schofield2018_NatMethods_TimeLapseSeq_SuppTable2
HIST1H2BH,RNA,K562,1.0948970805273,0.6330706263515902,1.02431064315598,1.16548351789863,0.12911619466732197,0.8788718393914441,Schofield2018_NatMethods_TimeLapseSeq_SuppTable2
HIST1H2BJ,RNA,K562,1.03216578327511,0.6715463657015998,1.04120075443106,1.02313081211916,0.017507268837537285,0.9826450929515761,Schofield2018_NatMethods_TimeLapseSeq_SuppTable2
HIST1H2BK,RNA,K562,1.67372896782725,0.41413346717644123,1.71977214003606,1.62768579561844,0.05503255660729134,0.9464543341098147,Schofield2018_NatMethods_TimeLapseSeq_SuppTable2
HIST1H2BL,RNA,K562,1.18158417167717,0.5866253096265456,1.18045528510447,1.18271305824986,0.0019108023672522862,0.9980910220533703,Schofield2018_NatMethods_TimeLapseSeq_SuppTable2
HIST1H2BN,RNA,K562,0.8843033538561909,0.7838341645288702,0.837597188787327,0.931009518925055,0.1057321983544994,0.899665547731905,Schofield2018_NatMethods_TimeLapseSeq_SuppTable2
HIST1H2BO,RNA,K562,0.967665031752551,0.7163090096420837,0.902716756351498,1.0326133071536,0.13443922478601383,0.8742060073192723,Schofield2018_NatMethods_TimeLapseSeq_SuppTable2
HIST1H3B,RNA,K562,0.8782423993824638,0.7892435858794016,0.814193362398804,0.942291436366124,0.14611672342178916,0.8640568416271291,Schofield2018_NatMethods_TimeLapseSeq_SuppTable2
HIST1H3D,RNA,K562,0.713498394154506,0.9714768613898889,0.701038685028412,0.725958103280599,0.03492923317786178,0.96567375150222,Schofield2018_NatMethods_TimeLapseSeq_SuppTable2
HIST1H3F,RNA,K562,0.9446151863758387,0.7337878858578496,0.976355918424203,0.912874454327474,0.06722882826510407,0.9349812267239744,Schofield2018_NatMethods_TimeLapseSeq_SuppTable2
HIST1H3H,RNA,K562,1.08765897098338,0.63728355950878,1.12986148480107,1.04545645716569,0.07764145422623628,0.9252961280910987,Schofield2018_NatMethods_TimeLapseSeq_SuppTable2
HIST1H3J,RNA,K562,1.12774429578322,0.6146315110186867,1.08938901912533,1.16609957244111,0.06804747471573651,0.9342161208796308,Schofield2018_NatMethods_TimeLapseSeq_SuppTable2
HIST1H4B,RNA,K562,1.07446581809619,0.6451086380654804,1.17678291552113,0.972148720671238,0.1910308538775746,0.8261070991506779,Schofield2018_NatMethods_TimeLapseSeq_SuppTable2
HIST1H4C,RNA,K562,1.10431266717501,0.6276729418789653,1.02655029151076,1.18207504283927,0.14106745552039693,0.8684307292750643,Schofield2018_NatMethods_TimeLapseSeq_SuppTable2
HIST1H4D,RNA,K562,1.14975042152657,0.6028675159254353,1.04849231476408,1.25100852828907,0.17659680704944308,0.8381176395320347,Schofield2018_NatMethods_TimeLapseSeq_SuppTable2
HIST1H4E,RNA,K562,0.929651330516882,0.7455990840937737,0.914215666158418,0.945086994875346,0.03321047910767802,0.9673349343665449,Schofield2018_NatMethods_TimeLapseSeq_SuppTable2
HIST1H4H,RNA,K562,1.28952176908897,0.5375226670656709,1.32147898872177,1.25756454945617,0.049574602118654554,0.951634161563611,Schofield2018_NatMethods_TimeLapseSeq_SuppTable2
HIST1H4I,RNA,K562,0.809371027197878,0.8564022645580592,0.786924460769859,0.831817593625896,0.05548091831787512,0.9460300753433842,Schofield2018_NatMethods_TimeLapseSeq_SuppTable2
HIST1H4J,RNA,K562,1.0056673062113,0.6892410405298676,0.824144294727932,1.18719031769468,0.36499908725951324,0.694197284499657,Schofield2018_NatMethods_TimeLapseSeq_SuppTable2
HIST1H4K,RNA,K562,0.809511862578239,0.8562532713879197,0.829928002659992,0.7890957224964869,0.05045131846967695,0.9508002139551454,Schofield2018_NatMethods_TimeLapseSeq_SuppTable2
HIST2H2AA3,RNA,K562,0.4308741495308809,1.6086998519512419,0.4262773580202939,0.435470941041468,0.021337858981879586,0.9788881825290412,Schofield2018_NatMethods_TimeLapseSeq_SuppTable2
HIST2H2AA4,RNA,K562,0.775113188749458,0.8942528531584478,0.762843150233233,0.7873832272656839,0.031662636527764035,0.9688333759436681,Schofield2018_NatMethods_TimeLapseSeq_SuppTable2
HIST2H2AB,RNA,K562,0.672023827642171,1.0314324463641218,0.660665783649166,0.683381871635175,0.03380572293726487,0.9667593055524655,Schofield2018_NatMethods_TimeLapseSeq_SuppTable2
HIST2H2AC,RNA,K562,0.939644406982648,0.7376696710043263,0.91811201806502,0.961176795900277,0.04583895559752837,0.9551957787381655,Schofield2018_NatMethods_TimeLapseSeq_SuppTable2
HIST2H2BE,RNA,K562,1.07603499524927,0.644167878944656,1.15036535495411,1.00170463554443,0.1383764075770562,0.8707708652999112,Schofield2018_NatMethods_TimeLapseSeq_SuppTable2
HIST2H2BF,RNA,K562,1.07274739361549,0.6461420318382924,1.02587380070821,1.11962098652277,0.08744548522051528,0.9162688204820878,Schofield2018_NatMethods_TimeLapseSeq_SuppTable2
HIST2H3A,RNA,K562,0.6234474466910729,1.1117972881897287,0.604553501009913,0.6423413923722329,0.06062975546919906,0.9411716389274475,Schofield2018_NatMethods_TimeLapseSeq_SuppTable2
HIST2H3D,RNA,K562,0.7632312823524259,0.908174489944296,0.712895203390081,0.813567361314771,0.13209429775741272,0.8762583619849275,Schofield2018_NatMethods_TimeLapseSeq_SuppTable2
HIST3H2A,RNA,K562,1.0436968660601,0.6641269156786289,1.08099228604198,1.00640144607821,0.07149835884007487,0.9309978055098969,Schofield2018_NatMethods_TimeLapseSeq_SuppTable2
HIST3H2BB,RNA,K562,0.9811834018176468,0.7064399777614326,0.898329478114512,1.06403732552078,0.1692888465209157,0.8442650051536826,Schofield2018_NatMethods_TimeLapseSeq_SuppTable2
HIVEP1,RNA,K562,0.375161285990259,1.8475978371018345,0.4125463683822109,0.337776203598307,0.19996505100326742,0.818759367396414,Schofield2018_NatMethods_TimeLapseSeq_SuppTable2
HJURP,RNA,K562,0.3408130434193479,2.033804732370743,0.304260825624806,0.37736526121389,0.21532826845828135,0.8062767215139908,Schofield2018_NatMethods_TimeLapseSeq_SuppTable2
HK1,RNA,K562,5.70758069655585,0.12144325545466471,5.48405538681402,5.93110600629768,0.07836584459575566,0.9246260951989427,Schofield2018_NatMethods_TimeLapseSeq_SuppTable2
HK2,RNA,K562,1.06187248057795,0.6527593409169837,1.05746703387033,1.06627792728557,0.008297553734931832,0.9917367759476463,Schofield2018_NatMethods_TimeLapseSeq_SuppTable2
HLCS,RNA,K562,1.70623239112638,0.40624429835279346,1.95318491033862,1.45927987191414,0.2915182519423708,0.7471283769344436,Schofield2018_NatMethods_TimeLapseSeq_SuppTable2
HLTF,RNA,K562,3.8562808675739695,0.17974499378101888,3.60462864809313,4.10793308705481,0.13070124829215302,0.8774798838501714,Schofield2018_NatMethods_TimeLapseSeq_SuppTable2
HM13,RNA,K562,2.37400819476743,0.29197337317020067,2.3745648478327106,2.37345154170215,0.0004689563218096168,0.9995311536210195,Schofield2018_NatMethods_TimeLapseSeq_SuppTable2
HMBOX1,RNA,K562,1.03400139953103,0.6703541995923036,1.07269731778866,0.995305481273397,0.07488190677629526,0.9278530530170389,Schofield2018_NatMethods_TimeLapseSeq_SuppTable2
HMBS,RNA,K562,3.19839963989573,0.21671687675106865,3.25654103368928,3.14025824610218,0.03636055895448447,0.9642925464828659,Schofield2018_NatMethods_TimeLapseSeq_SuppTable2
HMG20A,RNA,K562,1.55675201998964,0.44525214784340417,1.82094728265805,1.29255675732123,0.34273461140295597,0.7098265664420969,Schofield2018_NatMethods_TimeLapseSeq_SuppTable2
HMGA1,RNA,K562,8.20161351097068,0.08451351427774238,8.66936580043778,7.733861221503591,0.11418739030273965,0.8920907710588303,Schofield2018_NatMethods_TimeLapseSeq_SuppTable2
HMGB1,RNA,K562,8.28919097085172,0.08362060700463315,8.97890032092585,7.5994816207776,0.166797378947597,0.8463710865646393,Schofield2018_NatMethods_TimeLapseSeq_SuppTable2
HMGB1P5,RNA,K562,8.40242037362605,0.0824937517689107,9.10980222311688,7.695038524135231,0.168775227506125,0.8446987470933706,Schofield2018_NatMethods_TimeLapseSeq_SuppTable2
HMGB2,RNA,K562,2.7877867470225106,0.24863708865115294,2.62807933823303,2.94749415581199,0.11470208091337934,0.8916317384551469,Schofield2018_NatMethods_TimeLapseSeq_SuppTable2
HMGB3,RNA,K562,3.31569376317339,0.2090504220439667,3.6878549483316,2.94353257801517,0.2254345570016429,0.7981692933304863,Schofield2018_NatMethods_TimeLapseSeq_SuppTable2
HMGCR,RNA,K562,0.7809740530519689,0.887541881642796,0.805536857019718,0.7564112490842209,0.06292374972154183,0.9390150711200859,Schofield2018_NatMethods_TimeLapseSeq_SuppTable2
HMGCS1,RNA,K562,2.61140361931862,0.26543088760090044,3.0024727509214,2.22033448771583,0.3017783447906574,0.7395019611866429,Schofield2018_NatMethods_TimeLapseSeq_SuppTable2
HMGN1,RNA,K562,10.7913520297444,0.06423172728027138,10.5828668581155,10.9998372013733,0.03864411351303423,0.9620930441401676,Schofield2018_NatMethods_TimeLapseSeq_SuppTable2
HMGN2,RNA,K562,13.7726520369046,0.05032779298443163,14.8844821718573,12.6608219019519,0.16180686949992995,0.8506054665368362,Schofield2018_NatMethods_TimeLapseSeq_SuppTable2
HMGN4,RNA,K562,2.72901275944912,0.2539919163660724,2.60216502908951,2.85586048980874,0.09302939315985716,0.9111667178335381,Schofield2018_NatMethods_TimeLapseSeq_SuppTable2
HMGXB3,RNA,K562,0.899384560229174,0.7706905490831676,0.8936701220969219,0.905098998361425,0.012707612035275406,0.9873727887389183,Schofield2018_NatMethods_TimeLapseSeq_SuppTable2
HMGXB4,RNA,K562,0.370393894892031,1.871378524643329,0.4053745919465709,0.335413197837491,0.1894483598594604,0.8274154436440335,Schofield2018_NatMethods_TimeLapseSeq_SuppTable2
HMMR,RNA,K562,3.4542137557638,0.2006671357275849,3.47816806745303,3.43025944407456,0.013869839792347967,0.9862259032774251,Schofield2018_NatMethods_TimeLapseSeq_SuppTable2
HMOX2,RNA,K562,1.65031197512858,0.42000978663803273,1.7883029678429,1.51232098241427,0.1676215623158708,0.8456738089734722,Schofield2018_NatMethods_TimeLapseSeq_SuppTable2
HN1,RNA,K562,1.85604509289924,0.3734538472215742,1.7434165529317,1.96867363286678,0.12151330900781451,0.8855792670890498,Schofield2018_NatMethods_TimeLapseSeq_SuppTable2
HN1L,RNA,K562,4.8134552049011,0.14400200086087372,5.45199263213669,4.17491777766551,0.26688649829121985,0.7657599815994832,Schofield2018_NatMethods_TimeLapseSeq_SuppTable2
HNRNPA0,RNA,K562,1.27887831110731,0.5419961966199798,1.22135545304637,1.33640116916824,0.09001903726555213,0.9139137866861691,Schofield2018_NatMethods_TimeLapseSeq_SuppTable2
HNRNPA1P48,RNA,K562,2.21988022952329,0.31224530555362245,2.30792507915496,2.13183537989161,0.079365597359705,0.9237021596351712,Schofield2018_NatMethods_TimeLapseSeq_SuppTable2
HNRNPA2B1,RNA,K562,6.82648142726409,0.10153798672792172,7.00722049313167,6.64574236139652,0.0529647132285929,0.9484134783414533,Schofield2018_NatMethods_TimeLapseSeq_SuppTable2
HNRNPA3,RNA,K562,5.02732116828011,0.13787604916378893,4.811146323561,5.24349601299922,0.08605307729149653,0.9175455290961648,Schofield2018_NatMethods_TimeLapseSeq_SuppTable2
HNRNPAB,RNA,K562,2.64002352264975,0.2625534108363718,2.67064801879199,2.60939902650751,0.02320120985375046,0.9770658687129483,Schofield2018_NatMethods_TimeLapseSeq_SuppTable2
HNRNPC,RNA,K562,6.54829116656874,0.10585161272282731,6.89427125998424,6.20231107315323,0.10576883824676638,0.8996325846870447,Schofield2018_NatMethods_TimeLapseSeq_SuppTable2
HNRNPD,RNA,K562,7.56155895005913,0.09166723226491873,7.88911181232631,7.234006087791949,0.08669058212415437,0.9169607757985132,Schofield2018_NatMethods_TimeLapseSeq_SuppTable2
HNRNPDL,RNA,K562,2.20887555174949,0.31380092011564603,2.31736306418388,2.1003880393151,0.09830782069554989,0.9063698614074558,Schofield2018_NatMethods_TimeLapseSeq_SuppTable2
HNRNPF,RNA,K562,0.725863937987783,0.9549271485803054,0.709758870044503,0.7419690059310629,0.044382178616638006,0.9565883000110755,Schofield2018_NatMethods_TimeLapseSeq_SuppTable2
HNRNPH1,RNA,K562,5.97118441732651,0.11608202529277925,5.97370505936331,5.96866377528971,0.0008442687448104898,0.9991560875497697,Schofield2018_NatMethods_TimeLapseSeq_SuppTable2
HNRNPH2,RNA,K562,2.05910890528821,0.3366248277494224,2.00591958199626,2.11229822858016,0.05167396258887037,0.9496384340314458,Schofield2018_NatMethods_TimeLapseSeq_SuppTable2
HNRNPH3,RNA,K562,5.43864329342506,0.1274485461103713,5.35387849413827,5.52340809271185,0.03117382743861359,0.9693070662663376,Schofield2018_NatMethods_TimeLapseSeq_SuppTable2
HNRNPK,RNA,K562,6.53823867046763,0.10601435883501785,6.32913936340764,6.74733797752762,0.06398378803356787,0.9380202065595626,Schofield2018_NatMethods_TimeLapseSeq_SuppTable2
HNRNPL,RNA,K562,3.7358154493409894,0.18554106592235942,4.02583411323573,3.44579678544624,0.1555769572774302,0.8559212050286669,Schofield2018_NatMethods_TimeLapseSeq_SuppTable2
HNRNPLL,RNA,K562,2.28294765491133,0.3036193927043269,2.2212915513235,2.34460375849915,0.05402760810790286,0.947405950055038,Schofield2018_NatMethods_TimeLapseSeq_SuppTable2
HNRNPM,RNA,K562,10.6153969493698,0.06529639766331066,10.9169081431972,10.3138857555425,0.05682167422789351,0.9447625298532472,Schofield2018_NatMethods_TimeLapseSeq_SuppTable2
HNRNPR,RNA,K562,4.48723903294639,0.15447075038140193,4.79542580287091,4.17905226302188,0.13757801633096825,0.8714663587371071,Schofield2018_NatMethods_TimeLapseSeq_SuppTable2
HNRNPU,RNA,K562,4.84312410244872,0.14311984700319466,4.98869087731973,4.69755732757771,0.06013087002993852,0.9416412928959756,Schofield2018_NatMethods_TimeLapseSeq_SuppTable2
HNRNPUL1,RNA,K562,3.15418328138902,0.21975488382358727,3.2735049759684,3.03486158680965,0.07569545116628033,0.9270985103396239,Schofield2018_NatMethods_TimeLapseSeq_SuppTable2
HOMER1,RNA,K562,1.58553277431219,0.43716988496856213,1.86507669911692,1.30598884950747,0.3563416848604877,0.7002333202306544,Schofield2018_NatMethods_TimeLapseSeq_SuppTable2
HOMEZ,RNA,K562,0.725733772958531,0.9550984209185374,0.777066284728367,0.674401261188696,0.1417003784839014,0.867881253430576,Schofield2018_NatMethods_TimeLapseSeq_SuppTable2
HOOK3,RNA,K562,2.16274226886298,0.32049458252108515,2.46837634154958,1.85710819617638,0.2845400382555108,0.7523602316697532,Schofield2018_NatMethods_TimeLapseSeq_SuppTable2
HOXB2,RNA,K562,0.4042581962795009,1.7146150330139722,0.4484546240390079,0.360061768519993,0.21953190771497735,0.8028945387542126,Schofield2018_NatMethods_TimeLapseSeq_SuppTable2
HOXB3,RNA,K562,0.4753924446405989,1.458052580292838,0.498974717958642,0.451810171322555,0.09929331238648731,0.9054770814260046,Schofield2018_NatMethods_TimeLapseSeq_SuppTable2
HP1BP3,RNA,K562,2.56671252880554,0.27005251767813365,2.7284503033811,2.40497475422998,0.1261943872799747,0.8814434887268173,Schofield2018_NatMethods_TimeLapseSeq_SuppTable2
HPCAL1,RNA,K562,1.6960520651143,0.40868272549948687,1.83897615014632,1.55312798008228,0.16893802754649143,0.8445612412965247,Schofield2018_NatMethods_TimeLapseSeq_SuppTable2
HPS4,RNA,K562,1.08428253759759,0.639268047326234,1.17665345609887,0.99191161909632,0.170795624421872,0.8429938432212222,Schofield2018_NatMethods_TimeLapseSeq_SuppTable2
HPS5,RNA,K562,0.910711156773106,0.761105401427113,0.837608232371273,0.9838140811749388,0.16088644927358264,0.8513887414286074,Schofield2018_NatMethods_TimeLapseSeq_SuppTable2
HSDL1,RNA,K562,1.03225239754569,0.6714900175654616,1.10565498777347,0.958849807317918,0.14245873869346892,0.8672233363219541,Schofield2018_NatMethods_TimeLapseSeq_SuppTable2
HSF1,RNA,K562,2.79640935610542,0.24787042678375834,2.77762356974274,2.81519514246809,0.013435850459381189,0.9866540076889977,Schofield2018_NatMethods_TimeLapseSeq_SuppTable2
HSF2,RNA,K562,0.345500793518413,2.0062100972367376,0.370616537945534,0.320385049091292,0.14564438679637434,0.8644650637214035,Schofield2018_NatMethods_TimeLapseSeq_SuppTable2
HSP90AA1,RNA,K562,8.59492244338832,0.0806461239325262,9.08644085395319,8.10340403282344,0.11449906193232691,0.8918127749984676,Schofield2018_NatMethods_TimeLapseSeq_SuppTable2
HSP90AB1,RNA,K562,5.58652604223795,0.12407481417239971,6.15419104220436,5.01886104227154,0.20393029604821317,0.8155192141181633,Schofield2018_NatMethods_TimeLapseSeq_SuppTable2
HSP90B1,RNA,K562,7.23143824562515,0.09585191175203397,7.19483390754969,7.26804258370061,0.010123753937834684,0.9899273187646013,Schofield2018_NatMethods_TimeLapseSeq_SuppTable2
HSPA13,RNA,K562,0.4199014992905489,1.6507375699564373,0.420913599395129,0.418889399185969,0.004820664209529362,0.9951909365435833,Schofield2018_NatMethods_TimeLapseSeq_SuppTable2
HSPA14,RNA,K562,1.82312946708759,0.38019635636038124,1.64102633366295,2.00523260051223,0.20043820495460823,0.8183720598018182,Schofield2018_NatMethods_TimeLapseSeq_SuppTable2
HSPA1A,RNA,K562,0.6771469585412359,1.023628876740698,0.708638403831352,0.64565551325112,0.09307928740587035,0.9111212569912861,Schofield2018_NatMethods_TimeLapseSeq_SuppTable2
HSPA1B,RNA,K562,0.422171151217624,1.6418629708846129,0.4359156144566159,0.408426687978633,0.06513624799107996,0.9369397985152499,Schofield2018_NatMethods_TimeLapseSeq_SuppTable2
HSPA4,RNA,K562,5.94529826123277,0.11658745282464934,6.04227785406916,5.84831866839639,0.032626856186222214,0.9678996579837603,Schofield2018_NatMethods_TimeLapseSeq_SuppTable2
HSPA4L,RNA,K562,4.11262187166572,0.16854143225163623,5.30668121497193,2.91856252835951,0.5978754229993253,0.5499788681719311,Schofield2018_NatMethods_TimeLapseSeq_SuppTable2
HSPA5,RNA,K562,1.58407460365854,0.43757230812176995,1.69165999336665,1.47648921395043,0.136043174415928,0.8728049488313554,Schofield2018_NatMethods_TimeLapseSeq_SuppTable2
HSPA8,RNA,K562,1.75975589198839,0.3938882567267565,1.84582186375126,1.67368992022552,0.09789391084539857,0.9067450944719463,Schofield2018_NatMethods_TimeLapseSeq_SuppTable2
HSPA9,RNA,K562,6.61669527800278,0.10475730730177568,6.43423677826846,6.79915377773711,0.0551649307494816,0.9463290563211675,Schofield2018_NatMethods_TimeLapseSeq_SuppTable2
HSPB1,RNA,K562,6.43744725222111,0.10767423070080907,6.35627036461947,6.51862413982276,0.025221547487945147,0.9750938585012966,Schofield2018_NatMethods_TimeLapseSeq_SuppTable2
HSPD1,RNA,K562,9.24550016195288,0.074971301543251,8.61262180282403,9.87837852108172,0.13711960218884345,0.8718659428208382,Schofield2018_NatMethods_TimeLapseSeq_SuppTable2
HSPG2,RNA,K562,2.45662060188479,0.2821547535782053,2.54654878704076,2.36669241672881,0.07324564999986803,0.9293725016276032,Schofield2018_NatMethods_TimeLapseSeq_SuppTable2
HSPH1,RNA,K562,4.43519595075179,0.15628332733358782,4.97156600348595,3.89882589801762,0.2430594257023148,0.7842249092708113,Schofield2018_NatMethods_TimeLapseSeq_SuppTable2
HTATSF1,RNA,K562,5.20467961870148,0.13317768457242316,5.8495705333464,4.55978870405655,0.24909195982270516,0.7795082866447639,Schofield2018_NatMethods_TimeLapseSeq_SuppTable2
HTT,RNA,K562,3.1192379020657306,0.22221683703602896,3.28065060000663,2.95782520412483,0.10358748643250623,0.9015971417739069,Schofield2018_NatMethods_TimeLapseSeq_SuppTable2
HUWE1,RNA,K562,2.88153008304589,0.2405483061371553,3.02246923686824,2.74059092922354,0.097900560666178,0.9067390647996235,Schofield2018_NatMethods_TimeLapseSeq_SuppTable2
HYOU1,RNA,K562,5.9855173900252,0.11580405425186259,5.71414822507646,6.25688655497393,0.09073746179675139,0.9132574443968433,Schofield2018_NatMethods_TimeLapseSeq_SuppTable2
IARS,RNA,K562,4.54634378225328,0.1524625531543953,4.94784341954881,4.14484414495774,0.17708662168282613,0.8377072177711933,Schofield2018_NatMethods_TimeLapseSeq_SuppTable2
IARS2,RNA,K562,7.94358808644429,0.08725870135975441,7.995114536693179,7.892061636195409,0.012973274134981174,0.9871105160501688,Schofield2018_NatMethods_TimeLapseSeq_SuppTable2
IBTK,RNA,K562,0.9093580868384408,0.762237880315999,0.7565091416190989,1.06220703205778,0.33938951099093567,0.7122049833859013,Schofield2018_NatMethods_TimeLapseSeq_SuppTable2
ICAM1,RNA,K562,0.449488110054562,1.5420812365332783,0.406723362250458,0.492252857858666,0.19085926849640159,0.8262488592138049,Schofield2018_NatMethods_TimeLapseSeq_SuppTable2
ICAM2,RNA,K562,1.7672449260787,0.3922190808593543,1.71679081028844,1.81769904186896,0.05711469845933226,0.9444857320952504,Schofield2018_NatMethods_TimeLapseSeq_SuppTable2
ICAM5,RNA,K562,0.4949090903053959,1.4005545546399676,0.524318927328107,0.4654992532826849,0.11898964651700528,0.8878169927125021,Schofield2018_NatMethods_TimeLapseSeq_SuppTable2
ICE1,RNA,K562,0.932224197876243,0.7435412877492842,0.969886609318826,0.894561786433659,0.08084519278154605,0.9223364647357393,Schofield2018_NatMethods_TimeLapseSeq_SuppTable2
ICE2,RNA,K562,2.72902058902817,0.2539911876614978,2.32257069471135,3.13547048334499,0.300104606956827,0.7407407299951935,Schofield2018_NatMethods_TimeLapseSeq_SuppTable2
ICMT,RNA,K562,1.6472214768019,0.4207978042550166,1.52276533879696,1.77167761480684,0.15139891890465765,0.8595047575644748,Schofield2018_NatMethods_TimeLapseSeq_SuppTable2
ID1,RNA,K562,0.35874931018498,1.932121291613192,0.4074440955903639,0.310054524779597,0.2731555661355869,0.760974396574198,Schofield2018_NatMethods_TimeLapseSeq_SuppTable2
IDE,RNA,K562,4.07296221166278,0.17018257094925737,4.60081780167467,3.54510662165089,0.2606658345051796,0.7705383639318412,Schofield2018_NatMethods_TimeLapseSeq_SuppTable2
IDH1,RNA,K562,1.52548640312548,0.45437781624260726,1.62646003564247,1.42451277060849,0.13257605596756034,0.8758363189943313,Schofield2018_NatMethods_TimeLapseSeq_SuppTable2
IDH3B,RNA,K562,6.19730741296957,0.1118465059695674,6.09726090969294,6.29735391624621,0.032289892736255654,0.9682258597476854,Schofield2018_NatMethods_TimeLapseSeq_SuppTable2
IDI1,RNA,K562,1.51505635982969,0.45750587168774576,1.44528037201959,1.5848323476398,0.09217529555250506,0.9119452755819649,Schofield2018_NatMethods_TimeLapseSeq_SuppTable2
IER2,RNA,K562,0.7954355682355279,0.8714058161838508,0.802173426213794,0.7886977102572609,0.01694170943758026,0.9832009943035166,Schofield2018_NatMethods_TimeLapseSeq_SuppTable2
IER5,RNA,K562,0.332547871756807,2.0843530794472964,0.3143853009060039,0.3507104426076109,0.10934162655302579,0.8964241228988752,Schofield2018_NatMethods_TimeLapseSeq_SuppTable2
IFNAR1,RNA,K562,1.79470820172648,0.3862172022689533,1.7223110300975,1.86710537335546,0.0807222917776338,0.9224498277792734,Schofield2018_NatMethods_TimeLapseSeq_SuppTable2
IFNGR2,RNA,K562,1.02379554647811,0.677036721779455,1.09933996798509,0.94825112497113,0.14784588265864068,0.8625640407754108,Schofield2018_NatMethods_TimeLapseSeq_SuppTable2
IFRD2,RNA,K562,2.350902552008,0.294843008259913,2.31403242801951,2.3877726759965,0.03136935418217581,0.9691175593395985,Schofield2018_NatMethods_TimeLapseSeq_SuppTable2
IGBP1,RNA,K562,2.10232548087961,0.329704979968151,2.31184946605429,1.89280149570493,0.19998983440301868,0.8187390760071576,Schofield2018_NatMethods_TimeLapseSeq_SuppTable2
IGF2BP1,RNA,K562,2.5091222810779894,0.2762508570376051,2.53205119506632,2.48619336708966,0.018276950817004048,0.98188905972122,Schofield2018_NatMethods_TimeLapseSeq_SuppTable2
IGF2BP2,RNA,K562,3.23541500519716,0.21423748713735913,3.40477107612459,3.06605893426973,0.10478470351964932,0.9005183801548291,Schofield2018_NatMethods_TimeLapseSeq_SuppTable2
IGF2BP3,RNA,K562,3.06143034959889,0.226412853276496,3.33153305665376,2.79132764254402,0.17691523523306676,0.8378508017410068,Schofield2018_NatMethods_TimeLapseSeq_SuppTable2
IGF2R,RNA,K562,1.70046750370309,0.4076215388124066,1.74802261412541,1.65291239328077,0.05594639547815594,0.945589822422162,Schofield2018_NatMethods_TimeLapseSeq_SuppTable2
IGHMBP2,RNA,K562,0.5521444577698799,1.2553728844070584,0.562702299542275,0.541586615997486,0.03824770372948917,0.96247450283753,Schofield2018_NatMethods_TimeLapseSeq_SuppTable2
IK,RNA,K562,4.97270550345717,0.13939035401916505,5.76496943180552,4.18044157510881,0.32138297039617314,0.7251454885511068,Schofield2018_NatMethods_TimeLapseSeq_SuppTable2
IKBKAP,RNA,K562,4.48585835555456,0.15451829407445825,4.50117406876881,4.47054264234032,0.006828469163311613,0.9931947918564125,Schofield2018_NatMethods_TimeLapseSeq_SuppTable2
IKBKB,RNA,K562,1.48994240845987,0.46521743164317375,1.47830262328257,1.50158219363717,0.015624794510246249,0.9844966393093596,Schofield2018_NatMethods_TimeLapseSeq_SuppTable2
IKZF1,RNA,K562,1.09064543348453,0.6355385162576551,1.12506296679821,1.05622790017085,0.06313502802220412,0.938816698568209,Schofield2018_NatMethods_TimeLapseSeq_SuppTable2
IKZF4,RNA,K562,0.3609623556352539,1.9202755349379377,0.364113018012236,0.357811693258272,0.017457456958850134,0.9826940415688399,Schofield2018_NatMethods_TimeLapseSeq_SuppTable2
IKZF5,RNA,K562,0.709685763049373,0.9766959077516718,0.639713828025329,0.779657698073418,0.19783404209284053,0.8205060112997038,Schofield2018_NatMethods_TimeLapseSeq_SuppTable2
IL23R,RNA,K562,0.723748710502032,0.9577180180108924,0.7680890749072379,0.6794083460968249,0.12268336921219694,0.8845436919915532,Schofield2018_NatMethods_TimeLapseSeq_SuppTable2
IL6ST,RNA,K562,0.416387970352439,1.6646666808679698,0.4326355620826979,0.4001403786221799,0.07808028350580351,0.924890170137455,Schofield2018_NatMethods_TimeLapseSeq_SuppTable2
ILF2,RNA,K562,6.41567944496128,0.1080395594116421,6.45153091630533,6.37982797361723,0.011176320399169014,0.988885902645699,Schofield2018_NatMethods_TimeLapseSeq_SuppTable2
ILF3,RNA,K562,4.67810821057275,0.1481682657518266,5.1408528873495,4.215363533796,0.1984831617197972,0.8199735775690209,Schofield2018_NatMethods_TimeLapseSeq_SuppTable2
IMMP2L,RNA,K562,1.72257297770895,0.40239060378262886,1.65003445096432,1.79511150445358,0.08427097241682077,0.9191821493376143,Schofield2018_NatMethods_TimeLapseSeq_SuppTable2
IMMT,RNA,K562,7.22256169423116,0.09596971405776696,6.38579206732701,8.05933132113531,0.23275505738286956,0.7923476294590963,Schofield2018_NatMethods_TimeLapseSeq_SuppTable2
IMP3,RNA,K562,0.6415797973864849,1.0803756343069457,0.598512766388065,0.6846468283849049,0.13445527089495718,0.8741919798269836,Schofield2018_NatMethods_TimeLapseSeq_SuppTable2
IMP4,RNA,K562,2.58882050737125,0.2677463264008919,2.85758986076719,2.3200511539753,0.20838932896754614,0.8118908825328858,Schofield2018_NatMethods_TimeLapseSeq_SuppTable2
IMPAD1,RNA,K562,2.03692695949965,0.3402906409222497,2.2953947413098,1.77845917768949,0.25515747037479597,0.7747944811769779,Schofield2018_NatMethods_TimeLapseSeq_SuppTable2
IMPDH1,RNA,K562,2.87298714332052,0.24126358594101632,2.80989402744834,2.9360802591927,0.04392867663325854,0.9570222130851913,Schofield2018_NatMethods_TimeLapseSeq_SuppTable2
IMPDH2,RNA,K562,7.06877316205759,0.09805763527403713,6.86605347365875,7.271492850456421,0.057372131219644226,0.9442426218197791,Schofield2018_NatMethods_TimeLapseSeq_SuppTable2
INAFM2,RNA,K562,0.5680667440361409,1.220186162694725,0.531732433145371,0.6044010549269109,0.12809755820208446,0.8797675464177879,Schofield2018_NatMethods_TimeLapseSeq_SuppTable2
INCENP,RNA,K562,1.30396573405596,0.5315685546459296,1.270075940049,1.33785552806292,0.05199128584251858,0.9493371394801814,Schofield2018_NatMethods_TimeLapseSeq_SuppTable2
INF2,RNA,K562,1.57066884231442,0.44130701640364595,1.71843866436162,1.42289902026721,0.1887197712669335,0.828018508764059,Schofield2018_NatMethods_TimeLapseSeq_SuppTable2
ING3,RNA,K562,0.831353394969711,0.8337575629738049,0.93375985206824,0.728946937871182,0.24761834566562466,0.7806578278736169,Schofield2018_NatMethods_TimeLapseSeq_SuppTable2
ING5,RNA,K562,0.84914651984285,0.8162869002727878,0.849793902920952,0.8484991367647489,0.0015247856251010268,0.9984763762698783,Schofield2018_NatMethods_TimeLapseSeq_SuppTable2
INIP,RNA,K562,0.924485837740134,0.7497650610357794,0.7724744929485409,1.07649718253173,0.33186871016232494,0.7175815278325376,Schofield2018_NatMethods_TimeLapseSeq_SuppTable2
INO80,RNA,K562,0.6902660304031079,1.0041739706575954,0.6440519474527509,0.7364801133534649,0.13410284738368553,0.8745001199287588,Schofield2018_NatMethods_TimeLapseSeq_SuppTable2
INO80D,RNA,K562,0.346906472366717,1.9980808539865322,0.320893649241183,0.37291929549225,0.15025227280145667,0.8604908705987079,Schofield2018_NatMethods_TimeLapseSeq_SuppTable2
INPP4A,RNA,K562,1.07845523945992,0.6427222523459265,0.880304243006503,1.27660623591335,0.3716928791821579,0.6895659900773459,Schofield2018_NatMethods_TimeLapseSeq_SuppTable2
INPP5A,RNA,K562,1.08275512666333,0.6401698440311069,1.05972560014141,1.10578465318526,0.04254516953222191,0.9583471764496143,Schofield2018_NatMethods_TimeLapseSeq_SuppTable2
INPP5B,RNA,K562,1.34544015023243,0.5151824705396233,1.38359996175373,1.30728033871113,0.05673986858085576,0.9448398199246378,Schofield2018_NatMethods_TimeLapseSeq_SuppTable2
INPPL1,RNA,K562,2.68430199841966,0.25822250289573406,2.55067378943614,2.81793020740318,0.0996450910380755,0.905158609938276,Schofield2018_NatMethods_TimeLapseSeq_SuppTable2
INSIG1,RNA,K562,0.488896784760866,1.4177781531105471,0.481813923061906,0.495979646459827,0.028976902745042405,0.9714389017794738,Schofield2018_NatMethods_TimeLapseSeq_SuppTable2
INTS1,RNA,K562,4.12270055700216,0.16812940231195697,4.31407657515291,3.93132453885141,0.09290689630758203,0.9112783397248961,Schofield2018_NatMethods_TimeLapseSeq_SuppTable2
INTS10,RNA,K562,4.57199346693976,0.15160721150896564,5.31672662228142,3.8272603115981,0.3287085935330884,0.7198527559342168,Schofield2018_NatMethods_TimeLapseSeq_SuppTable2
INTS11,RNA,K562,3.68194151747485,0.18825589088533912,3.62303789252054,3.74084514242916,0.0319986890719448,0.9685078517224799,Schofield2018_NatMethods_TimeLapseSeq_SuppTable2
INTS12,RNA,K562,0.8195895394325629,0.8457247771120174,0.89548602640367,0.743693052461456,0.18573823133037717,0.8304909630451472,Schofield2018_NatMethods_TimeLapseSeq_SuppTable2
INTS13,RNA,K562,5.01639444604816,0.13817637109976394,6.05055190754941,3.9822369845469,0.4183057744497735,0.6581609488513226,Schofield2018_NatMethods_TimeLapseSeq_SuppTable2
INTS14,RNA,K562,1.04885480684584,0.6608609466589627,1.11679868588237,0.980910927809301,0.12973989722328383,0.8783238556860357,Schofield2018_NatMethods_TimeLapseSeq_SuppTable2
INTS2,RNA,K562,0.9888874574128708,0.700936365775493,0.981899115031044,0.9958757997946968,0.014133981915047717,0.9859654338758567,Schofield2018_NatMethods_TimeLapseSeq_SuppTable2
INTS3,RNA,K562,3.57973589539524,0.19363081546087485,3.70183551622007,3.45763627457042,0.06824358413283436,0.9340329302640112,Schofield2018_NatMethods_TimeLapseSeq_SuppTable2
INTS4,RNA,K562,2.74223417733909,0.25276731881174946,2.26749549366338,3.2169728610148094,0.34976489645915804,0.704853783860672,Schofield2018_NatMethods_TimeLapseSeq_SuppTable2
INTS5,RNA,K562,0.3695616314883449,1.8755929228053683,0.330322741239861,0.408800521736828,0.21315713486934193,0.8080291576841764,Schofield2018_NatMethods_TimeLapseSeq_SuppTable2
INTS6,RNA,K562,0.492608175985064,1.4070963787270994,0.495818194847356,0.489398157122771,0.013032931468667472,0.9870516294252545,Schofield2018_NatMethods_TimeLapseSeq_SuppTable2
INTS7,RNA,K562,1.40264525804174,0.49417140690844485,1.29199410496245,1.51329641112103,0.15810348252242817,0.8537614280108929,Schofield2018_NatMethods_TimeLapseSeq_SuppTable2
INTS8,RNA,K562,3.39995780235719,0.2038693480487865,3.9013370994388095,2.89857850527557,0.29709889416236873,0.7429705332801202,Schofield2018_NatMethods_TimeLapseSeq_SuppTable2
INTS9,RNA,K562,1.99459470329863,0.3475127951626609,2.0260064104603,1.96318299613696,0.03149943628080519,0.9689915026926954,Schofield2018_NatMethods_TimeLapseSeq_SuppTable2
IP6K1,RNA,K562,0.4208192074160819,1.6471376979582615,0.4545566059215169,0.3870818089106459,0.16068638812077712,0.851559088281029,Schofield2018_NatMethods_TimeLapseSeq_SuppTable2
IP6K2,RNA,K562,0.541322220114546,1.2804705862864312,0.52350746229403,0.559136977935062,0.06584319933630925,0.9362776617411092,Schofield2018_NatMethods_TimeLapseSeq_SuppTable2
IPO11,RNA,K562,4.02211392547194,0.17233404955793588,4.59431948449092,3.44990836645296,0.28647297546631045,0.7509073711784394,Schofield2018_NatMethods_TimeLapseSeq_SuppTable2
IPO13,RNA,K562,1.93310798600943,0.3585661978412436,2.17321326432078,1.69300270769807,0.2497031367672952,0.7790320147098881,Schofield2018_NatMethods_TimeLapseSeq_SuppTable2
IPO5,RNA,K562,9.311824546300928,0.07443731108908128,10.9365324114691,7.68711668113276,0.3525630132607643,0.7028842773849697,Schofield2018_NatMethods_TimeLapseSeq_SuppTable2
IPO7,RNA,K562,1.91407065400707,0.3621324944870008,1.94924613058726,1.87889517742689,0.036758765614094566,0.9639086352121294,Schofield2018_NatMethods_TimeLapseSeq_SuppTable2
IPO8,RNA,K562,6.66113279716104,0.1040584539697757,7.580730765656859,5.74153482866523,0.27788303574396184,0.7573854033540175,Schofield2018_NatMethods_TimeLapseSeq_SuppTable2
IPO9,RNA,K562,3.7573398092397494,0.18447817225778015,4.54672039201409,2.96795922646542,0.4265315926058158,0.6527692425684184,Schofield2018_NatMethods_TimeLapseSeq_SuppTable2
IPPK,RNA,K562,0.516616895232063,1.341704436995978,0.4653906490112459,0.56784314145288,0.1989680628713138,0.8195760678213005,Schofield2018_NatMethods_TimeLapseSeq_SuppTable2
IQCB1,RNA,K562,1.56930866562036,0.44168951318824123,1.5657359144055,1.57288141683522,0.004553288292839498,0.9954570622087344,Schofield2018_NatMethods_TimeLapseSeq_SuppTable2
IQGAP1,RNA,K562,6.71110426172361,0.10328362569380269,6.56116297769467,6.86104554575254,0.044691971613203596,0.9562920015530988,Schofield2018_NatMethods_TimeLapseSeq_SuppTable2
IQGAP2,RNA,K562,3.9360579675644294,0.17610187305977454,4.25309574554076,3.6190201895881,0.16144380514804613,0.850914347127626,Schofield2018_NatMethods_TimeLapseSeq_SuppTable2
IQGAP3,RNA,K562,2.08816351293373,0.3319410459318485,2.73121377033676,1.44511325553069,0.6365584188855979,0.5291102700293235,Schofield2018_NatMethods_TimeLapseSeq_SuppTable2
IQSEC1,RNA,K562,0.745167782557254,0.9301894107407793,0.7355011539006548,0.7548344112138539,0.025946293392813628,0.9743874192458859,Schofield2018_NatMethods_TimeLapseSeq_SuppTable2
IQSEC2,RNA,K562,0.8508049693773189,0.8146957358126868,0.8895415712020889,0.8120683675525489,0.09112170837489597,0.9129065957593797,Schofield2018_NatMethods_TimeLapseSeq_SuppTable2
IRAK1,RNA,K562,7.556696682292821,0.09172621446936699,8.15215274852581,6.96124061605982,0.15792432540144388,0.8539143991528684,Schofield2018_NatMethods_TimeLapseSeq_SuppTable2
IREB2,RNA,K562,1.15358757125612,0.6008622126581948,1.13956983702998,1.16760530548226,0.024304048649913937,0.975988916528004,Schofield2018_NatMethods_TimeLapseSeq_SuppTable2
IRF2BP1,RNA,K562,0.521465862332116,1.3292282978218952,0.575945545708849,0.466986178955382,0.2097134556805875,0.8108165475620364,Schofield2018_NatMethods_TimeLapseSeq_SuppTable2
IRF2BP2,RNA,K562,0.3710299782560609,1.8681702859103746,0.394142007332282,0.3479179491798409,0.12474459530620519,0.8827223252215493,Schofield2018_NatMethods_TimeLapseSeq_SuppTable2
ISCU,RNA,K562,3.9629856846524,0.17490529507697236,2.87237116720469,5.05360020210011,0.5649630212661226,0.5683811643847542,Schofield2018_NatMethods_TimeLapseSeq_SuppTable2
ISG20L2,RNA,K562,0.7707668992480319,0.899295469533249,0.779604168694775,0.7619296298012889,0.022932112761713034,0.9773288296763765,Schofield2018_NatMethods_TimeLapseSeq_SuppTable2
ISOC2,RNA,K562,4.05436801796693,0.17096306440073122,4.4037432918265,3.70499274410737,0.17277362704495522,0.8413280472056498,Schofield2018_NatMethods_TimeLapseSeq_SuppTable2
IST1,RNA,K562,0.7062023769238859,0.9815135196502636,0.68876587244915,0.7236388813986229,0.04939107985390344,0.951808823646856,Schofield2018_NatMethods_TimeLapseSeq_SuppTable2
ISYNA1,RNA,K562,7.08924487715166,0.09777447282064268,7.03146427500446,7.14702547929886,0.016301279657956507,0.9838308671727671,Schofield2018_NatMethods_TimeLapseSeq_SuppTable2
ITCH,RNA,K562,1.0835120237041,0.6397226476457073,1.04404740524093,1.12297664216728,0.07287798029667616,0.9297142665638877,Schofield2018_NatMethods_TimeLapseSeq_SuppTable2
ITFG1,RNA,K562,1.75472402988291,0.39501777416600253,1.91559406710131,1.59385399266452,0.18387281423728907,0.8320416209454808,Schofield2018_NatMethods_TimeLapseSeq_SuppTable2
ITGA5,RNA,K562,0.589919860632856,1.1749853273567512,0.554860261359942,0.6249794599057699,0.11900248433483995,0.8878055951528392,Schofield2018_NatMethods_TimeLapseSeq_SuppTable2
ITGB1,RNA,K562,4.61040565921053,0.15034407637757358,4.71542318751532,4.50538813090574,0.04556462257443546,0.9554578564304316,Schofield2018_NatMethods_TimeLapseSeq_SuppTable2
ITPK1,RNA,K562,2.03246286208871,0.34103805461302045,1.9002741069568,2.16465161722062,0.1302612900863731,0.8778660232618509,Schofield2018_NatMethods_TimeLapseSeq_SuppTable2
ITPR1,RNA,K562,0.567667824979023,1.221043628085772,0.6360458688898168,0.499289781068229,0.24208403085501742,0.7849902113816287,Schofield2018_NatMethods_TimeLapseSeq_SuppTable2
ITPR3,RNA,K562,2.17871967512889,0.31814426999147544,1.9461009241777,2.41133842608007,0.21435411207209307,0.8070625438260562,Schofield2018_NatMethods_TimeLapseSeq_SuppTable2
ITPRIP,RNA,K562,0.256575167098793,2.701536506426798,0.274387088170293,0.238763246027293,0.13906738140720618,0.8701693932445876,Schofield2018_NatMethods_TimeLapseSeq_SuppTable2
ITSN2,RNA,K562,1.25643599438282,0.5516772709941579,1.34759906858489,1.16527292018076,0.14536921555297388,0.8647029723791734,Schofield2018_NatMethods_TimeLapseSeq_SuppTable2
IVNS1ABP,RNA,K562,1.09752651794222,0.63155392532979,1.1184718698997,1.07658116598474,0.038172918772926195,0.9625464841429435,Schofield2018_NatMethods_TimeLapseSeq_SuppTable2
IWS1,RNA,K562,1.53415160958063,0.4518113961040796,1.58675462585145,1.48154859330981,0.06860292693197995,0.9336973525536839,Schofield2018_NatMethods_TimeLapseSeq_SuppTable2
JADE1,RNA,K562,0.446714317604186,1.5516565134456082,0.436825924211027,0.456602710997345,0.044278898465867,0.9566871016969651,Schofield2018_NatMethods_TimeLapseSeq_SuppTable2
JADE2,RNA,K562,0.638915324771379,1.0848811316397393,0.61426263475327,0.663568014789489,0.0772087770323991,0.9256965692479004,Schofield2018_NatMethods_TimeLapseSeq_SuppTable2
JADE3,RNA,K562,0.685151755893259,1.011669567505176,0.5824996881568049,0.787803823629712,0.30192045399227535,0.7393968786201204,Schofield2018_NatMethods_TimeLapseSeq_SuppTable2
JAGN1,RNA,K562,0.578991632761084,1.1971626899934262,0.6416091825694479,0.516374082952719,0.2171478986521018,0.8048109300505946,Schofield2018_NatMethods_TimeLapseSeq_SuppTable2
JAK1,RNA,K562,1.71574896747822,0.4039910229867262,1.84127192764933,1.59022600730711,0.14658044874285148,0.8636562494803691,Schofield2018_NatMethods_TimeLapseSeq_SuppTable2
JAK2,RNA,K562,1.3537631863618,0.5120150906324751,1.2872670789992,1.4202592937244,0.09831802848349361,0.9063606094233332,Schofield2018_NatMethods_TimeLapseSeq_SuppTable2
JARID2,RNA,K562,0.523667878498405,1.3236389112647406,0.528317515280577,0.519018241716233,0.017758427299347172,0.9823983243118385,Schofield2018_NatMethods_TimeLapseSeq_SuppTable2
JMJD1C,RNA,K562,0.4315302767128519,1.6062538782676843,0.457152998084268,0.405907555341437,0.11889268532413555,0.8879030806806941,Schofield2018_NatMethods_TimeLapseSeq_SuppTable2
JMJD6,RNA,K562,0.495225215405846,1.3996605160581306,0.5195980478120529,0.470852382999639,0.0985108946894368,0.9061858199474107,Schofield2018_NatMethods_TimeLapseSeq_SuppTable2
JOSD1,RNA,K562,1.7362384343598,0.39922349767330667,2.01553021106794,1.45694665765167,0.3245393773695326,0.722860242754535,Schofield2018_NatMethods_TimeLapseSeq_SuppTable2
JRK,RNA,K562,0.5173463368803058,1.339812677015848,0.54305441029705,0.4916382634635609,0.09946630882881141,0.9053204506609851,Schofield2018_NatMethods_TimeLapseSeq_SuppTable2
JUN,RNA,K562,0.3409025239363879,2.0332708967836384,0.349341950919391,0.332463096953384,0.04952237724091437,0.9516838618391362,Schofield2018_NatMethods_TimeLapseSeq_SuppTable2
JUND,RNA,K562,0.520689176182848,1.3312110415687535,0.530928653417223,0.510449698948473,0.0393355496969059,0.9614280481248451,Schofield2018_NatMethods_TimeLapseSeq_SuppTable2
JUP,RNA,K562,3.8652903056600305,0.1793260339449677,4.52230479012374,3.20827582119632,0.34328810771979007,0.7094337887625072,Schofield2018_NatMethods_TimeLapseSeq_SuppTable2
KANK2,RNA,K562,1.74782231969757,0.3965775998786205,1.81049384029943,1.68515079909571,0.07174459319594584,0.930768590086454,Schofield2018_NatMethods_TimeLapseSeq_SuppTable2
KANSL1,RNA,K562,0.6695415822684349,1.0352563588530732,0.683924410867432,0.6551587536694379,0.04296982280578309,0.957940297581263,Schofield2018_NatMethods_TimeLapseSeq_SuppTable2
KANSL2,RNA,K562,0.3544563164786679,1.9555221569923997,0.3380033460227789,0.3709092869345559,0.0929017281900287,0.9112830493306495,Schofield2018_NatMethods_TimeLapseSeq_SuppTable2
KANSL3,RNA,K562,1.97271937839923,0.35136633631206177,2.33532162443473,1.61011713236374,0.3718426929218038,0.6894626913556169,Schofield2018_NatMethods_TimeLapseSeq_SuppTable2
KARS,RNA,K562,5.86359471734686,0.11821198666908858,6.24791909030318,5.47927034439054,0.13127651949715485,0.8769752401074481,Schofield2018_NatMethods_TimeLapseSeq_SuppTable2
KAT5,RNA,K562,1.32518987252913,0.5230549938003006,1.1674907901441,1.48288895491415,0.2391353596676838,0.7873083053691573,Schofield2018_NatMethods_TimeLapseSeq_SuppTable2
KAT6A,RNA,K562,0.477435197639258,1.4518141603034378,0.469474905600748,0.485395489677768,0.03334915325916936,0.9672007993160608,Schofield2018_NatMethods_TimeLapseSeq_SuppTable2
KAT6B,RNA,K562,0.629172566053881,1.1016805530910347,0.526537169829965,0.7318079622777979,0.3291962058776323,0.719501832408444,Schofield2018_NatMethods_TimeLapseSeq_SuppTable2
KAT7,RNA,K562,0.4712291882388989,1.4709343093758884,0.517083813051599,0.425374563426199,0.19523486909541357,0.8226414223176457,Schofield2018_NatMethods_TimeLapseSeq_SuppTable2
KAT8,RNA,K562,1.97169098809841,0.35154960120218864,2.07415837231686,1.86922360387996,0.10403230813814147,0.9011961809801506,Schofield2018_NatMethods_TimeLapseSeq_SuppTable2
KATNA1,RNA,K562,1.03675314712918,0.6685749471600869,0.99427871283406,1.07922758142431,0.08198329929565355,0.9212873447154318,Schofield2018_NatMethods_TimeLapseSeq_SuppTable2
KATNAL1,RNA,K562,0.768816711265052,0.9015766312095427,0.953111427334828,0.584521995195276,0.48893740852951656,0.6132777117464289,Schofield2018_NatMethods_TimeLapseSeq_SuppTable2
KAZN,RNA,K562,0.768362817425987,0.9021092182492461,0.8338228446226749,0.7029027902293,0.1708023595052208,0.8429881656065452,Schofield2018_NatMethods_TimeLapseSeq_SuppTable2
KBTBD2,RNA,K562,0.359176894513003,1.92982118601967,0.3723972575235329,0.345956531502473,0.07364804537617788,0.9289986016629325,Schofield2018_NatMethods_TimeLapseSeq_SuppTable2
KCMF1,RNA,K562,1.48813795437911,0.46578153491767127,1.31898530109719,1.65729060766102,0.22832137517970455,0.7958684463666335,Schofield2018_NatMethods_TimeLapseSeq_SuppTable2
KCNH2,RNA,K562,4.10141412441671,0.16900199773377492,4.15203184217987,4.05079640665355,0.024684309547859492,0.9756178566604706,Schofield2018_NatMethods_TimeLapseSeq_SuppTable2
KCNK5,RNA,K562,0.341125678542894,2.0319407894495027,0.353345722528073,0.3289056345577149,0.07167607701132013,0.9308323649837975,Schofield2018_NatMethods_TimeLapseSeq_SuppTable2
KCNQ1OT1,RNA,K562,0.530220132183985,1.3072818976240326,0.5347242887027929,0.525715975665177,0.016990169156397738,0.9831533498142202,Schofield2018_NatMethods_TimeLapseSeq_SuppTable2
KCNQ5,RNA,K562,0.9494217234454048,0.7300730154399124,0.983446195074286,0.915397251816524,0.07170480268321651,0.9308056265827316,Schofield2018_NatMethods_TimeLapseSeq_SuppTable2
KCTD10,RNA,K562,1.28531763625341,0.5392808446793039,1.47585810874213,1.09477716376469,0.29868875012115326,0.7417902556349171,Schofield2018_NatMethods_TimeLapseSeq_SuppTable2
KCTD2,RNA,K562,0.5174330814236149,1.3395880654806371,0.598021417729858,0.4368447451173719,0.3140487112712808,0.7304834445155377,Schofield2018_NatMethods_TimeLapseSeq_SuppTable2
KCTD20,RNA,K562,3.25035749619582,0.21325259802073973,3.57313025114911,2.92758474124253,0.19926426996364544,0.8193333395280024,Schofield2018_NatMethods_TimeLapseSeq_SuppTable2
KCTD3,RNA,K562,2.21975875672691,0.3122623926854142,2.0742819316158694,2.36523558183795,0.1312625920152677,0.8769874542492762,Schofield2018_NatMethods_TimeLapseSeq_SuppTable2
KCTD5,RNA,K562,0.871466781997544,0.795379921390852,0.9674573954028068,0.7754761685922809,0.2211941364080143,0.8015610530005889,Schofield2018_NatMethods_TimeLapseSeq_SuppTable2
KCTD9,RNA,K562,1.52180089709794,0.4554782310102264,1.31761981476377,1.7259819794321,0.2699692136575884,0.7634029963611246,Schofield2018_NatMethods_TimeLapseSeq_SuppTable2
KDELC2,RNA,K562,1.59672560335863,0.43410538360626644,1.54672854141694,1.64672266530032,0.06264496722455194,0.9392768885796907,Schofield2018_NatMethods_TimeLapseSeq_SuppTable2
KDELR1,RNA,K562,5.57029891678926,0.12443626292132233,4.7119187688766,6.42867906470192,0.31067387697498383,0.7329528697035802,Schofield2018_NatMethods_TimeLapseSeq_SuppTable2
KDM1A,RNA,K562,5.65106227745633,0.12265785555489336,5.44687915739323,5.85524539751943,0.07229509565461857,0.9302563406993661,Schofield2018_NatMethods_TimeLapseSeq_SuppTable2
KDM2A,RNA,K562,0.326879786042621,2.1204956995094446,0.3348989478981599,0.318860624187082,0.049074745719206725,0.9521099608949654,Schofield2018_NatMethods_TimeLapseSeq_SuppTable2
KDM2B,RNA,K562,2.05423303171775,0.3374238315992492,2.0415614164527094,2.06690464698278,0.01233723321066922,0.987738558444355,Schofield2018_NatMethods_TimeLapseSeq_SuppTable2
KDM3A,RNA,K562,1.29296199795224,0.5360924618494078,1.53572494931502,1.05019904658946,0.3800228348501709,0.6838457935178305,Schofield2018_NatMethods_TimeLapseSeq_SuppTable2
KDM3B,RNA,K562,2.14688612271847,0.32286164283471896,2.33630147509612,1.95747077034083,0.1769158961250417,0.8378502480123187,Schofield2018_NatMethods_TimeLapseSeq_SuppTable2
KDM4A,RNA,K562,0.959938503048786,0.7220745686921552,1.017092799778,0.90278420631957,0.11922008975561103,0.8876124248609566,Schofield2018_NatMethods_TimeLapseSeq_SuppTable2
KDM4B,RNA,K562,1.55554593358336,0.4455973723406608,1.65053536407773,1.46055650308899,0.12228216876908281,0.8848986425111258,Schofield2018_NatMethods_TimeLapseSeq_SuppTable2
KDM4C,RNA,K562,1.19902813205429,0.5780908404312242,1.09295598830597,1.30510027580262,0.17739393600914788,0.8374498178952695,Schofield2018_NatMethods_TimeLapseSeq_SuppTable2
KDM5A,RNA,K562,1.87405444941573,0.3698650168761352,1.9751056349657,1.77300326386576,0.1079470150191297,0.8976751584714862,Schofield2018_NatMethods_TimeLapseSeq_SuppTable2
KDM5B,RNA,K562,0.720224688711633,0.9624040822592113,0.76286993739991,0.677579440023356,0.11856075410373512,0.8881978523531158,Schofield2018_NatMethods_TimeLapseSeq_SuppTable2
KDM5C,RNA,K562,2.75810448047851,0.2513128800833859,3.0444585002757294,2.4717504606813,0.20839646475235057,0.8118850890749338,Schofield2018_NatMethods_TimeLapseSeq_SuppTable2
KDM6A,RNA,K562,0.630757109985984,1.0989129881950084,0.5637097479918038,0.697804471980164,0.21339944960705362,0.8078333840311474,Schofield2018_NatMethods_TimeLapseSeq_SuppTable2
KDM6B,RNA,K562,0.398220740993993,1.740610443418368,0.404094966717081,0.392346515270905,0.029504499619746955,0.9709265088312733,Schofield2018_NatMethods_TimeLapseSeq_SuppTable2
KDM7A,RNA,K562,0.4102187937699229,1.6897011816301788,0.36625836153182,0.454179226008026,0.21515290089090536,0.8064181287000293,Schofield2018_NatMethods_TimeLapseSeq_SuppTable2
KEAP1,RNA,K562,0.6644547332246429,1.043181944383263,0.655293601876586,0.6736158645727,0.027576632227526165,0.9728001318559556,Schofield2018_NatMethods_TimeLapseSeq_SuppTable2
KEL,RNA,K562,1.15055408619239,0.6024464115840276,1.08566901139053,1.21543916099424,0.11290906353093373,0.8932318837764311,Schofield2018_NatMethods_TimeLapseSeq_SuppTable2
KHDRBS1,RNA,K562,3.72381968560375,0.1861387604882281,3.95913312504368,3.48850624616382,0.12655145858846184,0.8811288067322395,Schofield2018_NatMethods_TimeLapseSeq_SuppTable2
KHNYN,RNA,K562,1.29029713412778,0.5371996590758156,1.44339670441246,1.1371975638431,0.23843219989085646,0.7878621035829512,Schofield2018_NatMethods_TimeLapseSeq_SuppTable2
KHSRP,RNA,K562,4.61893669031661,0.15006639558691,4.95927835718176,4.27859502345146,0.1476355474940459,0.8627454874065353,Schofield2018_NatMethods_TimeLapseSeq_SuppTable2
KIAA0100,RNA,K562,5.38381335316257,0.1287465101576702,5.46105365306645,5.30657305325869,0.028695497016347982,0.9717123087188464,Schofield2018_NatMethods_TimeLapseSeq_SuppTable2
KIAA0232,RNA,K562,0.352476252929324,1.9665074591533693,0.3718778467410949,0.333074659117554,0.11019876496745039,0.8956560925487017,Schofield2018_NatMethods_TimeLapseSeq_SuppTable2
KIAA0319L,RNA,K562,2.12820801112603,0.32569522195962536,1.9710935049718,2.28532251728025,0.1479186923875354,0.8625012400077288,Schofield2018_NatMethods_TimeLapseSeq_SuppTable2
KIAA0368,RNA,K562,3.90542717396551,0.1774830638708683,4.58292604918808,3.22792829874294,0.3504971316250103,0.7043378540473735,Schofield2018_NatMethods_TimeLapseSeq_SuppTable2
KIAA0430,RNA,K562,2.43825134716216,0.2842804460527368,2.25857262496471,2.61793006935962,0.1476509237780751,0.8627322216888651,Schofield2018_NatMethods_TimeLapseSeq_SuppTable2
KIAA0556,RNA,K562,0.6835308060995638,1.0140686774825196,0.657487927593774,0.7095736846053529,0.07623794266948136,0.9265957036716381,Schofield2018_NatMethods_TimeLapseSeq_SuppTable2
KIAA0586,RNA,K562,2.81298290421499,0.24641002244319707,2.78950874254938,2.8364570658806,0.01669025897791737,0.9834482517306693,Schofield2018_NatMethods_TimeLapseSeq_SuppTable2
KIAA0907,RNA,K562,0.514927406960546,1.3461065990862178,0.4998317075934259,0.530023106327666,0.058649145488844,0.9430375801096198,Schofield2018_NatMethods_TimeLapseSeq_SuppTable2
KIAA0922,RNA,K562,0.748476285871773,0.9260776776015233,0.662661960666121,0.8342906110774239,0.2303167992791402,0.7942819346970029,Schofield2018_NatMethods_TimeLapseSeq_SuppTable2
KIAA1109,RNA,K562,1.51095539299667,0.4587476134455764,1.68426891185864,1.33764187413469,0.23042332116652997,0.7941973307923632,Schofield2018_NatMethods_TimeLapseSeq_SuppTable2
KIAA1143,RNA,K562,1.21867052393769,0.5687732384962365,1.25737454957132,1.17996649830407,0.06353980943611395,0.9384367599188,Schofield2018_NatMethods_TimeLapseSeq_SuppTable2
KIAA1191,RNA,K562,1.48412407345742,0.46704126222087855,1.45826674545284,1.509981401462,0.03484876400029964,0.9657514616013887,Schofield2018_NatMethods_TimeLapseSeq_SuppTable2
KIAA1324L,RNA,K562,2.0888133576863,0.3318377767019444,2.36929551978661,1.80833119558598,0.2701882333313233,0.7632358143946716,Schofield2018_NatMethods_TimeLapseSeq_SuppTable2
KIAA1429,RNA,K562,2.36828664603286,0.29267875226212287,2.40567668909052,2.3308966029752,0.031578229884682806,0.9689151553679514,Schofield2018_NatMethods_TimeLapseSeq_SuppTable2
KIAA1468,RNA,K562,0.7124613979152739,0.9728908577898484,0.6156842719861308,0.8092385238444169,0.2733594248215969,0.7608192811449761,Schofield2018_NatMethods_TimeLapseSeq_SuppTable2
KIAA1522,RNA,K562,2.01883808369059,0.3433396596584999,2.00461818873965,2.03305797864154,0.014087439932529523,0.9860113237297378,Schofield2018_NatMethods_TimeLapseSeq_SuppTable2
KIAA1524,RNA,K562,1.43585080330634,0.4827431784443288,1.68634248387583,1.18535912273685,0.3525161870857341,0.7029171915377844,Schofield2018_NatMethods_TimeLapseSeq_SuppTable2
KIAA1551,RNA,K562,0.437085683700984,1.5858382152688768,0.4335376395969369,0.440633727805031,0.016235361490262848,0.9838957216383719,Schofield2018_NatMethods_TimeLapseSeq_SuppTable2
KIAA1586,RNA,K562,0.655732627183625,1.0570576357272568,0.592102352721227,0.719362901646023,0.19468644841657354,0.8230926996185062,Schofield2018_NatMethods_TimeLapseSeq_SuppTable2
KIAA1958,RNA,K562,0.6847148024577189,1.0123151684058227,0.701299167709866,0.6681304372055709,0.04845114900761499,0.9527038786990014,Schofield2018_NatMethods_TimeLapseSeq_SuppTable2
KIAA2013,RNA,K562,0.829514815536663,0.8356055462511622,0.86308086352932,0.795948767544006,0.08097356580015044,0.9222180692191497,Schofield2018_NatMethods_TimeLapseSeq_SuppTable2
KIAA2026,RNA,K562,0.6913880568327129,1.002544336295439,0.6145548626834119,0.7682212509820129,0.22317957365299831,0.7999711826480065,Schofield2018_NatMethods_TimeLapseSeq_SuppTable2
KIDINS220,RNA,K562,4.10704482856866,0.16877029822961853,4.14032129964748,4.07376835748983,0.01620493598907547,0.9839256576142251,Schofield2018_NatMethods_TimeLapseSeq_SuppTable2
KIF11,RNA,K562,1.94015531756034,0.357263758363195,1.93722196424466,1.94308867087602,0.0030238357973128393,0.9969807313895176,Schofield2018_NatMethods_TimeLapseSeq_SuppTable2
KIF13A,RNA,K562,0.962176239836152,0.7203952372363515,1.00193504459532,0.922417435076981,0.08269058315271725,0.9206359634316854,Schofield2018_NatMethods_TimeLapseSeq_SuppTable2
KIF13B,RNA,K562,0.610478169158954,1.1354168184504994,0.6766507773443429,0.5443055609735649,0.2176445192032871,0.8044113436325391,Schofield2018_NatMethods_TimeLapseSeq_SuppTable2
KIF14,RNA,K562,1.36990275498499,0.505982762672479,1.45114619014273,1.28865931982724,0.11875132914662154,0.8880286001374483,Schofield2018_NatMethods_TimeLapseSeq_SuppTable2
KIF15,RNA,K562,1.4310671983439,0.484356836186371,1.43991799597336,1.42221640071443,0.012369664392323022,0.9877065254351766,Schofield2018_NatMethods_TimeLapseSeq_SuppTable2
KIF18A,RNA,K562,0.486761411109344,1.4239978041403114,0.538975771955576,0.434547050263112,0.2153663950750674,0.8062459814964162,Schofield2018_NatMethods_TimeLapseSeq_SuppTable2
KIF18B,RNA,K562,0.5800855466857519,1.1949051041181036,0.5622884428504739,0.5978826505210308,0.06137953637133584,0.9404662308907307,Schofield2018_NatMethods_TimeLapseSeq_SuppTable2
KIF1B,RNA,K562,1.72243867831204,0.40242197837731875,1.57432322566082,1.87055413096327,0.17240923175090253,0.8416346790510139,Schofield2018_NatMethods_TimeLapseSeq_SuppTable2
KIF1BP,RNA,K562,0.5308485829917489,1.3057342578810633,0.524100971071154,0.537596194912345,0.02542335262583149,0.9748970994048957,Schofield2018_NatMethods_TimeLapseSeq_SuppTable2
KIF1C,RNA,K562,6.10090743564226,0.11361378415782761,5.52011295694959,6.68170191433493,0.19097440939816324,0.8261537296518323,Schofield2018_NatMethods_TimeLapseSeq_SuppTable2
KIF20A,RNA,K562,1.08400337880085,0.6394326753176,1.05003272688402,1.11797403071768,0.06269681398005844,0.9392281913829024,Schofield2018_NatMethods_TimeLapseSeq_SuppTable2
KIF20B,RNA,K562,2.73396411842415,0.2535319230742039,2.9817130704724506,2.48621516637585,0.1817364506337688,0.8338210644734876,Schofield2018_NatMethods_TimeLapseSeq_SuppTable2
KIF21A,RNA,K562,1.1985816225339,0.5783061975325261,1.36185371630781,1.03530952875999,0.27414635475604565,0.7602208051881444,Schofield2018_NatMethods_TimeLapseSeq_SuppTable2
KIF21B,RNA,K562,1.16525077337712,0.5948480759648603,1.31097417497753,1.0195273717767,0.25143134695905955,0.777686846343998,Schofield2018_NatMethods_TimeLapseSeq_SuppTable2
KIF22,RNA,K562,1.83954103782908,0.3768044127887234,1.91485516478541,1.76422691087276,0.08192940421299486,0.9213369989110741,Schofield2018_NatMethods_TimeLapseSeq_SuppTable2
KIF23,RNA,K562,0.3946017128369879,1.7565741810307045,0.3919313249365279,0.397272100737447,0.013534805244735338,0.9865563783839711,Schofield2018_NatMethods_TimeLapseSeq_SuppTable2
KIF2A,RNA,K562,2.54298007035839,0.27257279309399307,2.55670864739248,2.52925149332431,0.010797340152130287,0.9892607418932257,Schofield2018_NatMethods_TimeLapseSeq_SuppTable2
KIF2C,RNA,K562,2.43808909922903,0.2842993641123007,2.63736184954241,2.23881634891566,0.1638318075663882,0.8488847858719504,Schofield2018_NatMethods_TimeLapseSeq_SuppTable2
KIF3B,RNA,K562,1.31544945448679,0.5269280231146319,1.2303904308172,1.40050847815638,0.12950382691887974,0.8785312263420767,Schofield2018_NatMethods_TimeLapseSeq_SuppTable2
KIF4A,RNA,K562,4.88538508416302,0.14188178999582332,5.14900241617295,4.62176775215308,0.1080257280693141,0.897604502502498,Schofield2018_NatMethods_TimeLapseSeq_SuppTable2
KIF5A,RNA,K562,1.30290344006781,0.5320019575079719,1.40679536509125,1.19901151504436,0.15981684709293636,0.8522998758718456,Schofield2018_NatMethods_TimeLapseSeq_SuppTable2
KIF5B,RNA,K562,1.21558764881051,0.5702157152042563,1.21755333394114,1.21362196367988,0.0032341342821537045,0.9967710898967076,Schofield2018_NatMethods_TimeLapseSeq_SuppTable2
KIFC1,RNA,K562,0.649566177063405,1.0670924765411336,0.640033609273694,0.659098744853116,0.029352674257311306,0.971073931291326,Schofield2018_NatMethods_TimeLapseSeq_SuppTable2
KIN,RNA,K562,0.7648936240027129,0.9062007562995281,0.743631781147672,0.786155466857754,0.055608573346198835,0.9459093175551546,Schofield2018_NatMethods_TimeLapseSeq_SuppTable2
KIZ,RNA,K562,1.55693048463537,0.4452011103901527,1.55263835310912,1.56122261616162,0.0055135954262655815,0.994501576544154,Schofield2018_NatMethods_TimeLapseSeq_SuppTable2
KLC2,RNA,K562,0.7047021583845479,0.9836030332997828,0.6131792676435809,0.796225049125514,0.2612245345962147,0.7701079843155269,Schofield2018_NatMethods_TimeLapseSeq_SuppTable2
KLF1,RNA,K562,0.681874147822981,1.0165324243087317,0.7129827581000429,0.650765537545919,0.09130781797724087,0.9127367108849584,Schofield2018_NatMethods_TimeLapseSeq_SuppTable2
KLF16,RNA,K562,0.6086296889753259,1.1388652133071442,0.648260473866957,0.568998904083695,0.1304140733444412,0.87773191027604,Schofield2018_NatMethods_TimeLapseSeq_SuppTable2
KLF3,RNA,K562,0.521702467708651,1.3286254588832787,0.5310316465471399,0.5123732888701619,0.035768178268800785,0.9648639439884649,Schofield2018_NatMethods_TimeLapseSeq_SuppTable2
KLF6,RNA,K562,0.302747942224161,2.289519048313545,0.3698904687406769,0.235605415707645,0.4510484929942179,0.6369599533337083,Schofield2018_NatMethods_TimeLapseSeq_SuppTable2
KLHDC10,RNA,K562,0.688577910391399,1.0066358070736672,0.7074176518185809,0.669738168964218,0.054734386138926575,0.9467365809186425,Schofield2018_NatMethods_TimeLapseSeq_SuppTable2
KLHDC4,RNA,K562,2.09115210161545,0.33146664942472504,1.8562108227686,2.3260933804623094,0.22565298189613311,0.7979949723255219,Schofield2018_NatMethods_TimeLapseSeq_SuppTable2
KLHL12,RNA,K562,1.52061290981041,0.4558340759098033,1.537487618706,1.50373820091483,0.02219552595667532,0.9780489823914323,Schofield2018_NatMethods_TimeLapseSeq_SuppTable2
KLHL15,RNA,K562,0.286852300942732,2.416390519727179,0.288450472715689,0.2852541291697749,0.011142935260325944,0.988918917289955,Schofield2018_NatMethods_TimeLapseSeq_SuppTable2
KLHL18,RNA,K562,0.655971473290619,1.0566727499335267,0.7278722916036628,0.584070654977574,0.2201036491259936,0.8024356219011137,Schofield2018_NatMethods_TimeLapseSeq_SuppTable2
KLHL20,RNA,K562,0.4277458995584529,1.620464816320757,0.471381047722784,0.3841107513941229,0.20473585936409094,0.8148625262931993,Schofield2018_NatMethods_TimeLapseSeq_SuppTable2
KLHL21,RNA,K562,0.3228911551199349,2.1466898971031965,0.309344576859368,0.3364377333805029,0.0839572989392861,0.9194705176232619,Schofield2018_NatMethods_TimeLapseSeq_SuppTable2
KLHL22,RNA,K562,0.7341808252414749,0.9441096208580039,0.7863593857629009,0.6820022647200489,0.14238094318289418,0.8672908050285328,Schofield2018_NatMethods_TimeLapseSeq_SuppTable2
KLHL23,RNA,K562,0.920681198048874,0.7528634037806752,0.9711744163750748,0.870187979722673,0.1097968207196921,0.8960161687234972,Schofield2018_NatMethods_TimeLapseSeq_SuppTable2
KLHL36,RNA,K562,1.39822637132879,0.4957331622212361,1.62505712798533,1.17139561467225,0.32734709984427535,0.7208334984041401,Schofield2018_NatMethods_TimeLapseSeq_SuppTable2
KLHL42,RNA,K562,0.5114305896304199,1.3553103678464775,0.5062690809483948,0.516592098312446,0.020185276509595257,0.9800170823406448,Schofield2018_NatMethods_TimeLapseSeq_SuppTable2
KLHL8,RNA,K562,0.565129472850406,1.2265281034872277,0.479375500965366,0.650883444735447,0.3058463686744502,0.736499760199323,Schofield2018_NatMethods_TimeLapseSeq_SuppTable2
KMT2A,RNA,K562,0.5782627145304369,1.1986717509926217,0.544938468462676,0.611586960598197,0.115384267294799,0.8910236868517739,Schofield2018_NatMethods_TimeLapseSeq_SuppTable2
KMT2B,RNA,K562,0.486934841232369,1.4234906231102287,0.4987422364029769,0.4751274460617609,0.04850632642853517,0.9526513124063237,Schofield2018_NatMethods_TimeLapseSeq_SuppTable2
KMT2C,RNA,K562,0.757595253361364,0.9149307331118167,0.824296462363297,0.690894044359431,0.17654377428596713,0.8381620884051899,Schofield2018_NatMethods_TimeLapseSeq_SuppTable2
KMT2D,RNA,K562,0.872490652927674,0.794446540182482,0.856525326913764,0.888455978941583,0.0366012134297523,0.9640605130871448,Schofield2018_NatMethods_TimeLapseSeq_SuppTable2
KMT2E,RNA,K562,0.4640686725200999,1.4936306232348047,0.3941398680273209,0.53399747701288,0.3036852729587323,0.7380931277654974,Schofield2018_NatMethods_TimeLapseSeq_SuppTable2
KMT5A,RNA,K562,2.4432477081655,0.28369910191398123,2.29435112995241,2.5921442863786,0.12203537149247042,0.8851170600374922,Schofield2018_NatMethods_TimeLapseSeq_SuppTable2
KMT5B,RNA,K562,1.41251056600357,0.4907199968925354,1.47627170258173,1.3487494294254,0.09034197502693662,0.9136186970641538,Schofield2018_NatMethods_TimeLapseSeq_SuppTable2
KMT5C,RNA,K562,1.02936544061611,0.6733732775651311,0.922524721084904,1.13620616014733,0.20833588833906613,0.8119342716512661,Schofield2018_NatMethods_TimeLapseSeq_SuppTable2
KNL1,RNA,K562,2.02473862702559,0.3423390907389376,2.10571677398575,1.94376048006542,0.08003143077650812,0.9230873325790272,Schofield2018_NatMethods_TimeLapseSeq_SuppTable2
KNOP1,RNA,K562,0.863135919866151,0.8030568124976581,0.856598144064239,0.8696736956680629,0.015149180296277992,0.9849649912732159,Schofield2018_NatMethods_TimeLapseSeq_SuppTable2
KNSTRN,RNA,K562,1.39034355373324,0.49854381580636065,1.34288998797018,1.4377971194963,0.06828816510681422,0.933991291094415,Schofield2018_NatMethods_TimeLapseSeq_SuppTable2
KNTC1,RNA,K562,2.48022023446191,0.27947001275486544,2.82867436457042,2.1317661043534,0.2828573863638009,0.7536272577197635,Schofield2018_NatMethods_TimeLapseSeq_SuppTable2
KPNA1,RNA,K562,2.34498341231938,0.29558724250179924,2.49729435471668,2.19267246992207,0.1300867819357916,0.8780192314056748,Schofield2018_NatMethods_TimeLapseSeq_SuppTable2
KPNA2,RNA,K562,0.9802835635004928,0.7070884449850279,1.02501709016068,0.935550036840306,0.0913299337425292,0.9127165252373018,Schofield2018_NatMethods_TimeLapseSeq_SuppTable2
KPNA3,RNA,K562,1.99235148650121,0.3479040647477261,2.16725802629387,1.81744494670855,0.1760311469085306,0.8385918633862348,Schofield2018_NatMethods_TimeLapseSeq_SuppTable2
KPNA4,RNA,K562,2.74533081023366,0.2524822065071824,2.92348913335214,2.56717248711518,0.12997271795000792,0.8781193874907962,Schofield2018_NatMethods_TimeLapseSeq_SuppTable2
KPNA6,RNA,K562,0.557824904209196,1.2425891625304715,0.5541501878210469,0.561499620597344,0.01317535132642817,0.9869110636825034,Schofield2018_NatMethods_TimeLapseSeq_SuppTable2
KPNB1,RNA,K562,4.55066216681634,0.1523178726855203,4.81882264132933,4.28250169230335,0.11799228655729722,0.8887029075471369,Schofield2018_NatMethods_TimeLapseSeq_SuppTable2
KRAS,RNA,K562,1.1463479855148,0.6046568662557277,1.42937552691779,0.8633204441118059,0.5042069970982721,0.6039843469080602,Schofield2018_NatMethods_TimeLapseSeq_SuppTable2
KRBA1,RNA,K562,0.839395305081088,0.8257696658107772,0.884348091970107,0.794442518192068,0.1072101206322992,0.8983368940416303,Schofield2018_NatMethods_TimeLapseSeq_SuppTable2
KRI1,RNA,K562,1.24645592137834,0.5560944183196291,1.40068180390047,1.09223003885621,0.2487376074292898,0.7797845562173249,Schofield2018_NatMethods_TimeLapseSeq_SuppTable2
KRR1,RNA,K562,1.37706064477544,0.5033526905221942,1.40014585934588,1.353975430205,0.033531388197902384,0.9670245575968421,Schofield2018_NatMethods_TimeLapseSeq_SuppTable2
KRT18,RNA,K562,4.56850398900409,0.1517230109086646,4.52518421832504,4.61182375968314,0.018965100696233403,0.9812136053169447,Schofield2018_NatMethods_TimeLapseSeq_SuppTable2
KRT19,RNA,K562,3.3678306685489,0.20581414232996526,3.88830065480183,2.84736068229597,0.3115797236988835,0.732289227372282,Schofield2018_NatMethods_TimeLapseSeq_SuppTable2
KRT8,RNA,K562,5.30700771580678,0.13060979325419578,5.55321227609581,5.06080315551776,0.09285135172003826,0.9113289577101783,Schofield2018_NatMethods_TimeLapseSeq_SuppTable2
KSR1,RNA,K562,0.557211944234836,1.243956070453184,0.49821010694575,0.616213781523922,0.21257206170803056,0.8085020521833445,Schofield2018_NatMethods_TimeLapseSeq_SuppTable2
KTN1,RNA,K562,8.16452576181148,0.08489742096253185,6.37078903663914,9.95826248698383,0.44667927776310984,0.6397490571237926,Schofield2018_NatMethods_TimeLapseSeq_SuppTable2
KXD1,RNA,K562,6.50801787574387,0.1065066497655737,7.81627395899626,5.19976179249148,0.40759514977300215,0.6652481501760483,Schofield2018_NatMethods_TimeLapseSeq_SuppTable2
L3MBTL2,RNA,K562,2.42699100839096,0.2855994019604902,2.69958481093598,2.15439720584594,0.22558702189637714,0.7980476098096668,Schofield2018_NatMethods_TimeLapseSeq_SuppTable2
LAMA5,RNA,K562,1.2474502870076,0.5556511452032896,1.19588376692278,1.29901680709242,0.08272221013155999,0.9206068469579836,Schofield2018_NatMethods_TimeLapseSeq_SuppTable2
LAMP1,RNA,K562,5.51543705185506,0.12567402620011997,5.7500045703357,5.28086953337442,0.08510988113952762,0.9184113627697706,Schofield2018_NatMethods_TimeLapseSeq_SuppTable2
LAMTOR1,RNA,K562,1.64739316203289,0.42075395026199985,1.67586634987632,1.61891997418946,0.03457101105613148,0.9660197391689006,Schofield2018_NatMethods_TimeLapseSeq_SuppTable2
LAMTOR5-AS1,RNA,K562,0.5502187026828919,1.2597666658369255,0.603267405655515,0.4971699997102679,0.19342853788573136,0.8241287280721543,Schofield2018_NatMethods_TimeLapseSeq_SuppTable2
LANCL2,RNA,K562,2.40591840773379,0.2881008675655141,2.2802022588936306,2.53163455657396,0.10460101484535508,0.9006838103756212,Schofield2018_NatMethods_TimeLapseSeq_SuppTable2
LAPTM5,RNA,K562,6.54965755822346,0.10582952992552418,6.27284549788285,6.82646961856407,0.08457756750860924,0.918900375799567,Schofield2018_NatMethods_TimeLapseSeq_SuppTable2
LARP1,RNA,K562,3.46950356735773,0.19978281246957338,3.35594419233184,3.58306294238362,0.06548484587406114,0.936613240207081,Schofield2018_NatMethods_TimeLapseSeq_SuppTable2
LARP1B,RNA,K562,1.86881642739858,0.37090169499677206,1.87515521524736,1.86247763954981,0.0067837718727671815,0.993239185964732,Schofield2018_NatMethods_TimeLapseSeq_SuppTable2
LARP4,RNA,K562,3.14177861421369,0.22062254081942148,3.45758127703477,2.82597595139262,0.2017155172810529,0.817327410396028,Schofield2018_NatMethods_TimeLapseSeq_SuppTable2
LARP4B,RNA,K562,1.30113808644483,0.532723765279878,1.39443894599475,1.2078372268949,0.1436608006368228,0.8661815064504427,Schofield2018_NatMethods_TimeLapseSeq_SuppTable2
LARP7,RNA,K562,3.51831003263135,0.19701139869175752,2.67983666207906,4.35678340318364,0.48597818784495495,0.615095223719595,Schofield2018_NatMethods_TimeLapseSeq_SuppTable2
LARS,RNA,K562,6.86248065569344,0.10100533835164657,7.2302282630471,6.49473304833979,0.10727905914926279,0.898274966163054,Schofield2018_NatMethods_TimeLapseSeq_SuppTable2
LARS2,RNA,K562,2.5718434131854706,0.26951375694425234,2.68578723116263,2.45789959520831,0.0886667188073549,0.9151505252127992,Schofield2018_NatMethods_TimeLapseSeq_SuppTable2
LAS1L,RNA,K562,5.03422737154363,0.13768690394836253,4.52712960521814,5.54132513786911,0.20214556929065008,0.8169759926700539,Schofield2018_NatMethods_TimeLapseSeq_SuppTable2
LASP1,RNA,K562,3.6977213974396705,0.18745251630906684,3.7542136984261494,3.6412290964531895,0.030557573556728276,0.9699045896027908,Schofield2018_NatMethods_TimeLapseSeq_SuppTable2
LATS1,RNA,K562,0.448799555308075,1.5444471197930214,0.441216645520213,0.456382465095937,0.033795182713321534,0.9667694954657472,Schofield2018_NatMethods_TimeLapseSeq_SuppTable2
LBR,RNA,K562,4.21814348131375,0.16432517851290895,4.15331512089731,4.2829718417302,0.03074028451998117,0.9697273935892812,Schofield2018_NatMethods_TimeLapseSeq_SuppTable2
LCLAT1,RNA,K562,1.04521139279895,0.6631645859731597,1.07957092086067,1.01085186473723,0.06577026089548871,0.9363459548644983,Schofield2018_NatMethods_TimeLapseSeq_SuppTable2
LCMT2,RNA,K562,0.271821510282558,2.5500085693712022,0.2199485867917289,0.323694433773387,0.38640614251083044,0.6794944980293086,Schofield2018_NatMethods_TimeLapseSeq_SuppTable2
LCOR,RNA,K562,0.682350727704432,1.0158224391316102,0.7226036073042968,0.642097848104567,0.11812010736448667,0.8885893200837179,Schofield2018_NatMethods_TimeLapseSeq_SuppTable2
LCORL,RNA,K562,0.955281239242384,0.7255948846118527,1.08964060614081,0.8209218723439589,0.2831752583713467,0.7533877387806107,Schofield2018_NatMethods_TimeLapseSeq_SuppTable2
LCP1,RNA,K562,5.76791624439306,0.12017289280747574,6.74414388930623,4.79168859947989,0.34179168108385904,0.7104961990917444,Schofield2018_NatMethods_TimeLapseSeq_SuppTable2
LDAH,RNA,K562,1.70828033637989,0.4057572787080318,1.93969396113367,1.47686671162611,0.27260745179734835,0.7613916118823937,Schofield2018_NatMethods_TimeLapseSeq_SuppTable2
LDB1,RNA,K562,1.07733558578952,0.6433902209328544,1.15530565468544,0.9993655168935948,0.14499962953108608,0.8650226135746701,Schofield2018_NatMethods_TimeLapseSeq_SuppTable2
LDHA,RNA,K562,12.5929217710166,0.05504260196035419,12.4470018319378,12.7388417100954,0.023175951237941732,0.9770905483560315,Schofield2018_NatMethods_TimeLapseSeq_SuppTable2
LDHB,RNA,K562,8.99709138156148,0.07704125157386663,8.21244705837931,9.78173570474366,0.17486600590090204,0.8395695105927548,Schofield2018_NatMethods_TimeLapseSeq_SuppTable2
LDLR,RNA,K562,0.3151789685191759,2.199217745449831,0.311593974260972,0.318763962777379,0.02274992455389879,0.9775069036853001,Schofield2018_NatMethods_TimeLapseSeq_SuppTable2
LEF1,RNA,K562,1.29736769609448,0.5342719590186769,1.37052785847874,1.22420753371022,0.11290224038906953,0.8932379784450841,Schofield2018_NatMethods_TimeLapseSeq_SuppTable2
LEMD2,RNA,K562,1.16055730640268,0.5972537303724003,1.0592395980381,1.26187501476726,0.17504743143108561,0.8394172050656428,Schofield2018_NatMethods_TimeLapseSeq_SuppTable2
LEMD3,RNA,K562,0.5604539312313799,1.2367603150485955,0.574629322108367,0.546278540354392,0.050596182880417465,0.9506624868185399,Schofield2018_NatMethods_TimeLapseSeq_SuppTable2
LENG8,RNA,K562,1.00879148589957,0.6871064935107427,1.02025512252521,0.997327849273921,0.022728443437781243,0.977527901850135,Schofield2018_NatMethods_TimeLapseSeq_SuppTable2
LEO1,RNA,K562,0.846922500737012,0.8184304702694192,0.889682761683477,0.804162239790547,0.10106391203079648,0.9038752625361581,Schofield2018_NatMethods_TimeLapseSeq_SuppTable2
LEPR,RNA,K562,7.207908311467379,0.0961648165608859,8.62989137734757,5.78592524558719,0.39980363178930184,0.6704516885084498,Schofield2018_NatMethods_TimeLapseSeq_SuppTable2
LEPROTL1,RNA,K562,1.90002478832365,0.3648095460751824,1.61198020031047,2.18806937633683,0.30555623038324076,0.7367134779835804,Schofield2018_NatMethods_TimeLapseSeq_SuppTable2
LETM1,RNA,K562,3.07744963003632,0.22523428939168852,3.09581227357786,3.05908698649478,0.011933817723390663,0.9881371078613121,Schofield2018_NatMethods_TimeLapseSeq_SuppTable2
LETMD1,RNA,K562,1.39710237253438,0.4961319901723152,1.3747550255203,1.41944971954846,0.03199372307497141,0.9685126613414825,Schofield2018_NatMethods_TimeLapseSeq_SuppTable2
LGALS8,RNA,K562,2.32105245813638,0.29863486201276435,2.48968257247365,2.15242234379912,0.14556134195995601,0.8645368560621599,Schofield2018_NatMethods_TimeLapseSeq_SuppTable2
LIG1,RNA,K562,3.10715131927966,0.22308124366490126,2.9093686425843,3.30493399597501,0.12748040581091083,0.8803106646388525,Schofield2018_NatMethods_TimeLapseSeq_SuppTable2
LIG3,RNA,K562,3.09814603080062,0.22372966724903628,3.2252499698115,2.97104209178974,0.0820976933333884,0.9211819609639071,Schofield2018_NatMethods_TimeLapseSeq_SuppTable2
LIMA1,RNA,K562,0.689134567468571,1.0058226843940132,0.581847055363767,0.7964220795733749,0.3139216743069484,0.7305762488094871,Schofield2018_NatMethods_TimeLapseSeq_SuppTable2
LIMD1,RNA,K562,1.5554586628336,0.445622373080124,1.64847281504364,1.46244451062357,0.11973993472087177,0.8871511239236631,Schofield2018_NatMethods_TimeLapseSeq_SuppTable2
LIMS1,RNA,K562,3.0104447985445306,0.230247430843131,2.96261425906159,3.05827533802747,0.03177906787282043,0.9687205799371943,Schofield2018_NatMethods_TimeLapseSeq_SuppTable2
LIN28B,RNA,K562,1.73884475000474,0.39862511046949756,1.8306011973579,1.64708830265158,0.10563537205053097,0.8997526632391678,Schofield2018_NatMethods_TimeLapseSeq_SuppTable2
LIN54,RNA,K562,0.4798197584398509,1.444599077815668,0.4809762507950999,0.478663266084602,0.004820537605686426,0.9951910625385882,Schofield2018_NatMethods_TimeLapseSeq_SuppTable2
LIN7C,RNA,K562,2.06272856041442,0.3360341219208629,1.97732924967539,2.14812787115345,0.08284963483642908,0.9204895463758642,Schofield2018_NatMethods_TimeLapseSeq_SuppTable2
LIN9,RNA,K562,0.7114654737525439,0.9742527306406299,0.83630168320948,0.586629264295607,0.3545963697815341,0.7014565151229833,Schofield2018_NatMethods_TimeLapseSeq_SuppTable2
LINC00431,RNA,K562,0.7231941986579679,0.9584523518665099,0.688924242174303,0.757464155141633,0.09484490465340865,0.9095139849165349,Schofield2018_NatMethods_TimeLapseSeq_SuppTable2
LINC00470,RNA,K562,2.11881116949223,0.3271396670643647,2.42392554830408,1.81369679068038,0.2900211651872675,0.7482477306076288,Schofield2018_NatMethods_TimeLapseSeq_SuppTable2
LINC00534,RNA,K562,1.12513596561111,0.616056371625688,1.32415196157271,0.926119969649502,0.3575237214012693,0.6994061078530134,Schofield2018_NatMethods_TimeLapseSeq_SuppTable2
LINC00689,RNA,K562,1.23912780239432,0.5593831235330231,1.2522517309636,1.22600387382504,0.021183318301590863,0.9790394722646041,Schofield2018_NatMethods_TimeLapseSeq_SuppTable2
LINC00854,RNA,K562,0.4363736689909499,1.5884257685912773,0.516568744330971,0.356178593650928,0.3717761035635891,0.6895086037623691,Schofield2018_NatMethods_TimeLapseSeq_SuppTable2
LINC00923,RNA,K562,1.09839525193692,0.6310544217463098,1.13070429463207,1.06608620924178,0.05884651397563265,0.942851472575934,Schofield2018_NatMethods_TimeLapseSeq_SuppTable2
LINC00958,RNA,K562,1.33533965411202,0.5190793057223163,1.32136262709495,1.34931668112909,0.020934804776700598,0.9792828070496035,Schofield2018_NatMethods_TimeLapseSeq_SuppTable2
LINC00963,RNA,K562,1.29890808289037,0.5336383610898262,1.2286024197922,1.36921374598855,0.10835938775597517,0.8973050580245009,Schofield2018_NatMethods_TimeLapseSeq_SuppTable2
LINC01006,RNA,K562,0.869336837840444,0.7973286652407612,1.02418590371261,0.714487771968283,0.36008745260290687,0.6976153151281514,Schofield2018_NatMethods_TimeLapseSeq_SuppTable2
LINC01029,RNA,K562,1.82679933900151,0.37943257683616466,1.57151084923577,2.08208782876725,0.28133367313260527,0.7547764448372096,Schofield2018_NatMethods_TimeLapseSeq_SuppTable2
LINC01090,RNA,K562,0.7058231291828099,0.9820408993432383,0.872594835214058,0.5390514231515618,0.4816603707327998,0.6177568344411826,Schofield2018_NatMethods_TimeLapseSeq_SuppTable2
LINC01128,RNA,K562,0.55608874187289,1.246468644960239,0.579148064926657,0.533029418819123,0.08298155271752974,0.920368125354309,Schofield2018_NatMethods_TimeLapseSeq_SuppTable2
LINC01169,RNA,K562,1.15510785224232,0.6000713952505762,1.26640015231247,1.04381555217217,0.19329555016952532,0.8242383343575437,Schofield2018_NatMethods_TimeLapseSeq_SuppTable2
LINC01194,RNA,K562,0.869159453114386,0.7974913901888189,0.8608218480675999,0.8774970581611719,0.019186032606671663,0.9809968478657746,Schofield2018_NatMethods_TimeLapseSeq_SuppTable2
LINC01287,RNA,K562,0.692639505706332,1.0007329568259258,0.7187702250534769,0.6665087863591859,0.07548840855413971,0.9272904791090884,Schofield2018_NatMethods_TimeLapseSeq_SuppTable2
LINC01399,RNA,K562,1.01017983149045,0.6861621653416451,0.8989605950561799,1.12139906792472,0.22109315098025162,0.8016420030737241,Schofield2018_NatMethods_TimeLapseSeq_SuppTable2
LINC01446,RNA,K562,0.6990857191481649,0.9915052783577732,0.6965529274857098,0.7016185108106199,0.007246043439654583,0.9927801458387159,Schofield2018_NatMethods_TimeLapseSeq_SuppTable2
LINC01694,RNA,K562,0.549732835084135,1.2608800790548762,0.600192076444026,0.499273593724244,0.18409550187773444,0.8318563561890114,Schofield2018_NatMethods_TimeLapseSeq_SuppTable2
LINGO1,RNA,K562,1.36065371793712,0.5094221780474918,1.30931666035589,1.41199077551834,0.07549523833173168,0.9272841459429799,Schofield2018_NatMethods_TimeLapseSeq_SuppTable2
LINS1,RNA,K562,0.580466411440814,1.194121084180287,0.522352231153397,0.638580591728231,0.2009057552612335,0.8179895191297972,Schofield2018_NatMethods_TimeLapseSeq_SuppTable2
LL22NC03-80A10.6,RNA,K562,2.36157443919455,0.29351062115846466,2.64091601054876,2.08223286784033,0.23768501858507404,0.7884509993968569,Schofield2018_NatMethods_TimeLapseSeq_SuppTable2
LMAN1,RNA,K562,7.397806913834209,0.09369630603141736,7.18757229304718,7.60804153462124,0.05685232032728888,0.9447335770105003,Schofield2018_NatMethods_TimeLapseSeq_SuppTable2
LMAN2,RNA,K562,6.98702680001476,0.09920488362209817,6.3570365729391,7.61701702709043,0.18082250568092997,0.83458347937649,Schofield2018_NatMethods_TimeLapseSeq_SuppTable2
LMBR1,RNA,K562,2.3586912633538,0.2938693975464878,2.1559387848598,2.56144374184781,0.17234480146266634,0.8416889075629352,Schofield2018_NatMethods_TimeLapseSeq_SuppTable2
LMNA,RNA,K562,4.10249416495861,0.16895750552930727,4.22655272314618,3.97843560677104,0.06049802333019424,0.9412956296472161,Schofield2018_NatMethods_TimeLapseSeq_SuppTable2
LMNB1,RNA,K562,2.37333005086548,0.2920568002360969,2.4069391372432,2.33972096448775,0.02832419643545576,0.9720731730539566,Schofield2018_NatMethods_TimeLapseSeq_SuppTable2
LMNB2,RNA,K562,2.46590883865823,0.28109197294459026,2.36659002562883,2.56522765168763,0.08059711646131458,0.9225653029554244,Schofield2018_NatMethods_TimeLapseSeq_SuppTable2
LMO2,RNA,K562,0.6399923901125089,1.0830553476395117,0.712217401951149,0.567767378273869,0.22667141508220012,0.7971826814655846,Schofield2018_NatMethods_TimeLapseSeq_SuppTable2
LMO4,RNA,K562,0.5304738070097669,1.3066567498726347,0.534420097001396,0.526527517018138,0.014878633929251702,0.9852315060239261,Schofield2018_NatMethods_TimeLapseSeq_SuppTable2
LMTK2,RNA,K562,0.631705462681424,1.097263236600357,0.609132647082477,0.65427827828037,0.07149670762092875,0.9309993427925675,Schofield2018_NatMethods_TimeLapseSeq_SuppTable2
LNPEP,RNA,K562,1.52200300641909,0.45541774729522727,1.55260708418445,1.49139892865372,0.040220949988995884,0.9605771761869286,Schofield2018_NatMethods_TimeLapseSeq_SuppTable2
LNPK,RNA,K562,2.24391891494433,0.308900279748808,2.40879246459511,2.07904536529356,0.14721674053299214,0.8631068868953073,Schofield2018_NatMethods_TimeLapseSeq_SuppTable2
LONP1,RNA,K562,3.69645990271469,0.18751648842474827,4.16426276243868,3.22865704299071,0.2544729775214062,0.7753250040110198,Schofield2018_NatMethods_TimeLapseSeq_SuppTable2
LONP2,RNA,K562,3.22350084580735,0.21502931555345733,3.07975418114435,3.36724751047036,0.08924586567674613,0.9146206720972968,Schofield2018_NatMethods_TimeLapseSeq_SuppTable2
LONRF3,RNA,K562,0.660871492795414,1.0488380693015047,0.754683422969463,0.567059562621366,0.28583400706445844,0.7513873305844577,Schofield2018_NatMethods_TimeLapseSeq_SuppTable2
LPCAT1,RNA,K562,2.39880960553304,0.2889546460715964,2.10423504997071,2.69338416109537,0.24684645097938313,0.7812606461288985,Schofield2018_NatMethods_TimeLapseSeq_SuppTable2
LPGAT1,RNA,K562,3.5368161523567,0.1959805516320315,3.32427717938591,3.7493551253274906,0.12033159779814827,0.8866263846094196,Schofield2018_NatMethods_TimeLapseSeq_SuppTable2
LPIN1,RNA,K562,0.8280987058261599,0.8370344932110731,0.815071526930053,0.841125884722267,0.031465460845752996,0.9690244251598357,Schofield2018_NatMethods_TimeLapseSeq_SuppTable2
LPIN2,RNA,K562,0.5564287885085109,1.2457068988430733,0.4744200046590619,0.63843757235796,0.29693088321651295,0.7430953709489133,Schofield2018_NatMethods_TimeLapseSeq_SuppTable2
LRBA,RNA,K562,3.94818158663248,0.17556111980937303,3.9780927262539505,3.91827044701102,0.015152145985010388,0.984962070177971,Schofield2018_NatMethods_TimeLapseSeq_SuppTable2
LRCH1,RNA,K562,0.362678509383951,1.9111890079655707,0.3969903385253439,0.3283666802425589,0.18978103264563764,0.8271402308235165,Schofield2018_NatMethods_TimeLapseSeq_SuppTable2
LRCH3,RNA,K562,1.07090970199515,0.6472508179434577,1.24383278300187,0.8979866209884209,0.3257976759406992,0.7219512407618145,Schofield2018_NatMethods_TimeLapseSeq_SuppTable2
LRFN1,RNA,K562,0.585817740812889,1.1832130238973722,0.574538077722873,0.597097403902904,0.03851388084671187,0.9622183482417227,Schofield2018_NatMethods_TimeLapseSeq_SuppTable2
LRIF1,RNA,K562,0.385387839568107,1.798570451358131,0.3979330177937799,0.3728426613424339,0.06512718292467506,0.9369482919752377,Schofield2018_NatMethods_TimeLapseSeq_SuppTable2
LRIG2,RNA,K562,0.417194830771694,1.6614471930963681,0.411889161922853,0.4225004996205349,0.02543634063347919,0.9748844375161394,Schofield2018_NatMethods_TimeLapseSeq_SuppTable2
LRP10,RNA,K562,2.03042582405313,0.3413802032798652,2.07944403539223,1.98140761271403,0.04829305967004492,0.9528545029298141,Schofield2018_NatMethods_TimeLapseSeq_SuppTable2
LRP12,RNA,K562,0.3221047154724249,2.1519311803409007,0.329981821548162,0.3142276093966889,0.04891997271905778,0.9522573332144185,Schofield2018_NatMethods_TimeLapseSeq_SuppTable2
LRP5,RNA,K562,1.99824172548161,0.3468785441325349,1.95166476817186,2.04481868279137,0.046626386266775025,0.954443924342306,Schofield2018_NatMethods_TimeLapseSeq_SuppTable2
LRP6,RNA,K562,0.6394136129422548,1.0840356954091672,0.604800470274075,0.674026755610436,0.10837120444121118,0.8972944549157165,Schofield2018_NatMethods_TimeLapseSeq_SuppTable2
LRP8,RNA,K562,0.547088633344613,1.2669741945147113,0.52836312884889,0.5658141378403369,0.06848185455053535,0.9338104043592936,Schofield2018_NatMethods_TimeLapseSeq_SuppTable2
LRPAP1,RNA,K562,2.82069819203594,0.24573603178000458,2.72339894021153,2.91799744386035,0.06901686354335045,0.9333109410159809,Schofield2018_NatMethods_TimeLapseSeq_SuppTable2
LRPPRC,RNA,K562,3.7581059177535505,0.1844405654682244,3.60397197820304,3.91223985730405,0.08207349898729482,0.9212042486287025,Schofield2018_NatMethods_TimeLapseSeq_SuppTable2
LRRC14,RNA,K562,0.681443504042047,1.0171748302661583,0.710336199885212,0.652550808198882,0.08484937578793501,0.9186506450105346,Schofield2018_NatMethods_TimeLapseSeq_SuppTable2
LRRC41,RNA,K562,1.62571208035836,0.42636527644375566,1.51655445334988,1.73486970736684,0.13449135920508026,0.8741604322849607,Schofield2018_NatMethods_TimeLapseSeq_SuppTable2
LRRC42,RNA,K562,0.786962334751729,0.8807882537079992,0.80105343232123,0.772871237182227,0.03581519259255047,0.9648185826289529,Schofield2018_NatMethods_TimeLapseSeq_SuppTable2
LRRC47,RNA,K562,1.61613869528263,0.4288909006282582,1.64807494876965,1.58420244179561,0.039526819685646246,0.9612441733783265,Schofield2018_NatMethods_TimeLapseSeq_SuppTable2
LRRC4B,RNA,K562,0.6082225809223188,1.1396275020056725,0.587840144059898,0.6286050177847409,0.06704805971488588,0.9351502572020475,Schofield2018_NatMethods_TimeLapseSeq_SuppTable2
LRRC57,RNA,K562,0.964097062893248,0.7189599545919327,0.977865459342018,0.950328666444478,0.028564203995635678,0.971839896138607,Schofield2018_NatMethods_TimeLapseSeq_SuppTable2
LRRC58,RNA,K562,1.09913995239663,0.6306268633476255,0.952206953829328,1.24607295096393,0.26896984611656904,0.764166297882259,Schofield2018_NatMethods_TimeLapseSeq_SuppTable2
LRRC59,RNA,K562,5.21400380997464,0.1329395232189745,6.02313258926906,4.40487503068022,0.3128955985383855,0.731326260113888,Schofield2018_NatMethods_TimeLapseSeq_SuppTable2
LRRC61,RNA,K562,1.27357024475268,0.544255162536834,1.25108307721016,1.2960574122952,0.0353172586383451,0.9652991181884493,Schofield2018_NatMethods_TimeLapseSeq_SuppTable2
LRRC75A-AS1,RNA,K562,4.70793521434234,0.1472295494739029,5.40983487229265,4.00603555639203,0.30041645672241524,0.7405097661870593,Schofield2018_NatMethods_TimeLapseSeq_SuppTable2
LRRC8A,RNA,K562,0.565114109332497,1.226561448587222,0.582663671174353,0.5475645474906419,0.06212977682737346,0.9397609196863617,Schofield2018_NatMethods_TimeLapseSeq_SuppTable2
LRRC8B,RNA,K562,0.470851810402356,1.4721132323302137,0.401938000859806,0.539765619944907,0.2948371581899176,0.7446528382093531,Schofield2018_NatMethods_TimeLapseSeq_SuppTable2
LRRFIP1,RNA,K562,3.69843192079391,0.18741650391421927,3.93934470948544,3.45751913210239,0.13046307403906277,0.8776889018564749,Schofield2018_NatMethods_TimeLapseSeq_SuppTable2
LRRFIP2,RNA,K562,1.96833415619993,0.35214914011253895,1.85436547678332,2.08230283561654,0.11593183729203314,0.8905359225687598,Schofield2018_NatMethods_TimeLapseSeq_SuppTable2
LSG1,RNA,K562,1.76982926799187,0.3916463543098833,1.58038856383748,1.95926997214626,0.21490119738676597,0.8066211325161388,Schofield2018_NatMethods_TimeLapseSeq_SuppTable2
LSM1,RNA,K562,1.74284339541712,0.3977105357730964,1.79962343636149,1.68606335447275,0.06518100532840276,0.9368978645230704,Schofield2018_NatMethods_TimeLapseSeq_SuppTable2
LSM12,RNA,K562,1.56451567790134,0.4430426555326957,1.71221250319675,1.41681885260594,0.18937228184820654,0.8274783941600113,Schofield2018_NatMethods_TimeLapseSeq_SuppTable2
LSM14A,RNA,K562,3.35578823068987,0.20655271814260187,3.80228683380226,2.90928962757749,0.26769374694520204,0.7651420723218351,Schofield2018_NatMethods_TimeLapseSeq_SuppTable2
LSM14B,RNA,K562,0.6447663182549939,1.075036274282891,0.6717081745776419,0.6178244619323469,0.08361960725245413,0.919781067605473,Schofield2018_NatMethods_TimeLapseSeq_SuppTable2
LSM2,RNA,K562,4.37537843855708,0.15841993790793846,4.78285308573698,3.96790379137719,0.18679930529873978,0.8296102180537255,Schofield2018_NatMethods_TimeLapseSeq_SuppTable2
LSM3,RNA,K562,9.39948462048975,0.07374310491970672,7.42747735957084,11.3714918814087,0.42592323107983177,0.6531664830816135,Schofield2018_NatMethods_TimeLapseSeq_SuppTable2
LSM4,RNA,K562,5.13997095918494,0.1348542989958565,4.66739232200026,5.61254959636963,0.18440456336883423,0.8315993011481401,Schofield2018_NatMethods_TimeLapseSeq_SuppTable2
LSM6,RNA,K562,2.29020838133975,0.3026568176972878,2.23711383076418,2.34330293191532,0.04637487682323374,0.9546840061927694,Schofield2018_NatMethods_TimeLapseSeq_SuppTable2
LSM7,RNA,K562,3.0901792997021,0.22430646034900506,3.48740797799345,2.69295062141074,0.2585212828034881,0.7721925964510131,Schofield2018_NatMethods_TimeLapseSeq_SuppTable2
LSR,RNA,K562,2.33060025163018,0.2974114415696605,2.50879091535344,2.1524095879069094,0.1532129769127812,0.857946979453119,Schofield2018_NatMethods_TimeLapseSeq_SuppTable2
LSS,RNA,K562,1.40560827555519,0.493129695246113,1.27103509969353,1.54018145141685,0.1920686274447681,0.8252502317335885,Schofield2018_NatMethods_TimeLapseSeq_SuppTable2
LTBP1,RNA,K562,2.4898210297004,0.27839237129559935,2.76224141048414,2.21740064891667,0.21970682439427358,0.8027541113895708,Schofield2018_NatMethods_TimeLapseSeq_SuppTable2
LTBP4,RNA,K562,1.87623958528478,0.36943425882080927,1.76342817185319,1.98905099871636,0.12039790050793452,0.8865676008263356,Schofield2018_NatMethods_TimeLapseSeq_SuppTable2
LTBR,RNA,K562,1.56755863695894,0.4421826171074845,1.56296791827177,1.57214935564612,0.005857173956004993,0.9941599458465086,Schofield2018_NatMethods_TimeLapseSeq_SuppTable2
LTN1,RNA,K562,2.17886459251969,0.31812311005447735,2.76278125474963,1.59494793028976,0.549396783217917,0.5772979411771411,Schofield2018_NatMethods_TimeLapseSeq_SuppTable2
LTV1,RNA,K562,0.691172201960434,1.0028574334932878,0.6187426873793979,0.763601716541471,0.21035684437170618,0.8102950451471308,Schofield2018_NatMethods_TimeLapseSeq_SuppTable2
LUC7L,RNA,K562,1.34219091898016,0.516429645557892,1.53761882102968,1.14676301693063,0.2932917941027928,0.7458044875925036,Schofield2018_NatMethods_TimeLapseSeq_SuppTable2
LUC7L3,RNA,K562,1.55755565138673,0.44502241697933514,1.62109708864851,1.49401421412495,0.08163653444744846,0.9216068701785729,Schofield2018_NatMethods_TimeLapseSeq_SuppTable2
LUZP1,RNA,K562,0.3400199469915249,2.0385485813196196,0.3170775228739259,0.3629623711091249,0.13515287240312515,0.8735823548458038,Schofield2018_NatMethods_TimeLapseSeq_SuppTable2
LVCAT5,RNA,K562,0.764968260911515,0.9061123395289764,0.751508185939408,0.778428335883622,0.035194831003440806,0.9654173047109649,Schofield2018_NatMethods_TimeLapseSeq_SuppTable2
LYAR,RNA,K562,2.09877674238668,0.3302624650641566,2.1472985612398694,2.05025492353349,0.04624643059623442,0.9548066396270738,Schofield2018_NatMethods_TimeLapseSeq_SuppTable2
LYL1,RNA,K562,0.897992613953111,0.771885168975497,0.947603323543709,0.848381904362514,0.1106050862773371,0.8952922423170266,Schofield2018_NatMethods_TimeLapseSeq_SuppTable2
LYN,RNA,K562,1.51074370788722,0.45881189307040965,1.4697479051571,1.55173951061735,0.054285673583450045,0.9471614888328583,Schofield2018_NatMethods_TimeLapseSeq_SuppTable2
LYPLA1,RNA,K562,8.22967941311896,0.08422529551454908,7.7268374923147904,8.73252133392314,0.12235448316291574,0.8848346539158651,Schofield2018_NatMethods_TimeLapseSeq_SuppTable2
LYRM2,RNA,K562,1.28264441455416,0.5404047861549215,1.35048666047474,1.21480216863358,0.10588377736492686,0.8995291876533881,Schofield2018_NatMethods_TimeLapseSeq_SuppTable2
LYRM4,RNA,K562,1.45009043871783,0.4780027245561498,1.50030980646554,1.39987107097013,0.06929148420961855,0.9330546697338294,Schofield2018_NatMethods_TimeLapseSeq_SuppTable2
LYRM7,RNA,K562,4.99261432252872,0.13883451349970724,5.94077264872317,4.04445599633428,0.38449214691919054,0.6807962929205078,Schofield2018_NatMethods_TimeLapseSeq_SuppTable2
LYSMD3,RNA,K562,0.535436969230734,1.2945448678222473,0.6219425588776188,0.4489313795838499,0.3259776927753756,0.7218212890817578,Schofield2018_NatMethods_TimeLapseSeq_SuppTable2
LZIC,RNA,K562,2.73497352696966,0.2534383509473855,2.74369035294518,2.72625670099415,0.006374361875949528,0.9936459112697188,Schofield2018_NatMethods_TimeLapseSeq_SuppTable2
LZTR1,RNA,K562,2.31420298911967,0.29951874741274126,2.16482991135429,2.4635760668850506,0.1292721846082959,0.8787347549172713,Schofield2018_NatMethods_TimeLapseSeq_SuppTable2
LZTS2,RNA,K562,0.723032668938265,0.9586664757178884,0.7730943935172369,0.672970944359293,0.13869899895168994,0.8704900074330814,Schofield2018_NatMethods_TimeLapseSeq_SuppTable2
M6PR,RNA,K562,1.46472926975415,0.47322545870629573,1.46739788413125,1.46206065537706,0.003643836966900433,0.9963627937508238,Schofield2018_NatMethods_TimeLapseSeq_SuppTable2
MACC1,RNA,K562,0.877301397513606,0.7900901360973784,0.7559068189553328,0.9986959760718788,0.27853229084205555,0.7568938266162877,Schofield2018_NatMethods_TimeLapseSeq_SuppTable2
MACF1,RNA,K562,1.8213101714184,0.38057613219177056,1.82006185268508,1.82255849015173,0.001370792244383174,0.9986301468621498,Schofield2018_NatMethods_TimeLapseSeq_SuppTable2
MACROD1,RNA,K562,1.4442046727156,0.479950794825079,1.237479882242,1.6509294631892,0.28826148178172606,0.7495655688714195,Schofield2018_NatMethods_TimeLapseSeq_SuppTable2
MAD1L1,RNA,K562,1.29724993883088,0.5343204573088128,1.27464780180376,1.319852075858,0.03484976000334961,0.9657504997104664,Schofield2018_NatMethods_TimeLapseSeq_SuppTable2
MAD2L1,RNA,K562,2.55034683138056,0.2717854575821474,2.5060476917551906,2.59464597100592,0.03474319263236765,0.9658534226862632,Schofield2018_NatMethods_TimeLapseSeq_SuppTable2
MAD2L1BP,RNA,K562,0.360419912868679,1.9231656071469538,0.3922538970510859,0.328585928686272,0.1771109440119674,0.8376868430283002,Schofield2018_NatMethods_TimeLapseSeq_SuppTable2
MAD2L2,RNA,K562,6.45719256378803,0.10734497596480526,6.49737316430692,6.41701196326913,0.012445383576096099,0.9876317399346476,Schofield2018_NatMethods_TimeLapseSeq_SuppTable2
MADD,RNA,K562,0.5917924811529899,1.171267298309512,0.6232938899629529,0.560291072343026,0.10656172030846187,0.8989195648562004,Schofield2018_NatMethods_TimeLapseSeq_SuppTable2
MAEA,RNA,K562,1.7204980656392,0.4028758848400257,1.74895188189751,1.69204424938089,0.03307927091999035,0.9674618649571545,Schofield2018_NatMethods_TimeLapseSeq_SuppTable2
MAF1,RNA,K562,3.48062004367204,0.19914474198932608,3.95024089755796,3.01099918978612,0.2715045833620391,0.7622317898757821,Schofield2018_NatMethods_TimeLapseSeq_SuppTable2
MAFG,RNA,K562,0.4601092532977559,1.5064838961440767,0.3953327430262449,0.5248857635692669,0.28345284801319637,0.7531786351718693,Schofield2018_NatMethods_TimeLapseSeq_SuppTable2
MAFK,RNA,K562,0.452417380419376,1.5320967110446126,0.333515088843581,0.5713196719951709,0.5382607906357374,0.5837626554655028,Schofield2018_NatMethods_TimeLapseSeq_SuppTable2
MAGEA3,RNA,K562,3.30421678811021,0.20977654464263495,3.25364712427966,3.35478645194077,0.030611558468734288,0.9698522308021722,Schofield2018_NatMethods_TimeLapseSeq_SuppTable2
MAGEA6,RNA,K562,2.89545170028704,0.2393917261652924,2.73235688848674,3.05854651208734,0.11277524120938033,0.8933514261393435,Schofield2018_NatMethods_TimeLapseSeq_SuppTable2
MAGEF1,RNA,K562,0.692073884345279,1.001550840508426,0.7388266674328579,0.6453211012577,0.1353153189523811,0.8734404559325747,Schofield2018_NatMethods_TimeLapseSeq_SuppTable2
MAGOH,RNA,K562,2.79509011307035,0.24798741812246514,3.02358769492113,2.56659253121957,0.16386494891549608,0.8488566531510902,Schofield2018_NatMethods_TimeLapseSeq_SuppTable2
MAK16,RNA,K562,0.8012187013292559,0.8651160780570706,0.8531879990302909,0.749249403628221,0.12990801042598063,0.8781762102605717,Schofield2018_NatMethods_TimeLapseSeq_SuppTable2
MALAT1,RNA,K562,2.65960833283614,0.26062002137765544,2.78809079389439,2.53112587177788,0.09669284596694687,0.907834808436212,Schofield2018_NatMethods_TimeLapseSeq_SuppTable2
MALSU1,RNA,K562,1.34658928243888,0.5147428318340312,1.37977363611973,1.31340492875803,0.04929650647848234,0.9518988436767458,Schofield2018_NatMethods_TimeLapseSeq_SuppTable2
MAML1,RNA,K562,0.5244503725478549,1.3216640064388498,0.582105414408672,0.4667953306870369,0.22076065819423377,0.8019085875729706,Schofield2018_NatMethods_TimeLapseSeq_SuppTable2
MAML2,RNA,K562,0.549691250622654,1.260975465363136,0.553598741390115,0.545783759855193,0.0142172777229391,0.9858833105088026,Schofield2018_NatMethods_TimeLapseSeq_SuppTable2
MAN1A1,RNA,K562,1.08939402640999,0.6362685711102675,1.11490730780261,1.06388074501736,0.04684796655360569,0.9542324618126156,Schofield2018_NatMethods_TimeLapseSeq_SuppTable2
MAN1A2,RNA,K562,2.30393559912781,0.3008535398395453,2.34035355611578,2.26751764213985,0.031616326900055315,0.9688782432955071,Schofield2018_NatMethods_TimeLapseSeq_SuppTable2
MAN2A1,RNA,K562,1.15979103512518,0.5976483345425512,1.00686218350612,1.31271988674424,0.2652624883231529,0.7670045938005121,Schofield2018_NatMethods_TimeLapseSeq_SuppTable2
MAN2A2,RNA,K562,1.90992077330278,0.3629193368902431,2.14372276529646,1.67611878130909,0.24606305616513094,0.7818729214630028,Schofield2018_NatMethods_TimeLapseSeq_SuppTable2
MAP1A,RNA,K562,1.69783925919813,0.4082525343932209,1.87341065355275,1.52226786484352,0.20755940927209995,0.8125649664459204,Schofield2018_NatMethods_TimeLapseSeq_SuppTable2
MAP1B,RNA,K562,1.56652577383663,0.44247416297679903,1.6881362087344,1.44491533893886,0.1555743544181619,0.8559234328740076,Schofield2018_NatMethods_TimeLapseSeq_SuppTable2
MAP1LC3B,RNA,K562,4.00771547235004,0.17295319124875358,3.46910701580041,4.54632392889967,0.27042176200866525,0.763057597754594,Schofield2018_NatMethods_TimeLapseSeq_SuppTable2
MAP1S,RNA,K562,0.43376029101252,1.5979959321355637,0.436582343639746,0.4309382383852949,0.013012221285609249,0.9870720716568682,Schofield2018_NatMethods_TimeLapseSeq_SuppTable2
MAP2K1,RNA,K562,2.18944859287748,0.31658527302939665,2.10054956885872,2.27834761689624,0.08125144084296733,0.9219618434347031,Schofield2018_NatMethods_TimeLapseSeq_SuppTable2
MAP2K2,RNA,K562,5.85830645008346,0.11831869610543681,5.95136692501554,5.76524597515139,0.03177310867631521,0.9687263527506894,Schofield2018_NatMethods_TimeLapseSeq_SuppTable2
MAP2K7,RNA,K562,0.976848948875603,0.7095745778892313,0.8998330669068259,1.05386483084438,0.1580102119907762,0.8538410625069056,Schofield2018_NatMethods_TimeLapseSeq_SuppTable2
MAP3K1,RNA,K562,0.477236655089308,1.4524181518082107,0.489211542243536,0.46526176793508,0.05019480866381046,0.9510441348161538,Schofield2018_NatMethods_TimeLapseSeq_SuppTable2
MAP3K11,RNA,K562,1.83287498038395,0.3781748280587829,1.94316081562469,1.7225891451432,0.12048745771729454,0.8864882058613454,Schofield2018_NatMethods_TimeLapseSeq_SuppTable2
MAP3K14,RNA,K562,0.427661796226779,1.6207834945172086,0.516730706833841,0.338592885619717,0.4227234039609892,0.6552598503277923,Schofield2018_NatMethods_TimeLapseSeq_SuppTable2
MAP3K2,RNA,K562,0.335590974319592,2.0654523917554566,0.290786941949205,0.380395006689979,0.26861936335030406,0.7644341719401055,Schofield2018_NatMethods_TimeLapseSeq_SuppTable2
MAP3K20,RNA,K562,0.981896185950837,0.7059271544972177,1.11658738493844,0.8472049869632389,0.27608965439193295,0.7587449028988871,Schofield2018_NatMethods_TimeLapseSeq_SuppTable2
MAP3K3,RNA,K562,0.769048243488272,0.9013051995489224,0.643968074751983,0.8941284122245609,0.32820025118459956,0.7202187805997715,Schofield2018_NatMethods_TimeLapseSeq_SuppTable2
MAP3K4,RNA,K562,0.93096092700213,0.7445502388505285,0.813058804621957,1.0488630493823,0.2546586090366661,0.775181092613365,Schofield2018_NatMethods_TimeLapseSeq_SuppTable2
MAP3K5,RNA,K562,0.706187188258105,0.9815346300315579,0.716829863632711,0.695544512883499,0.030143512641081647,0.9703062723400737,Schofield2018_NatMethods_TimeLapseSeq_SuppTable2
MAP3K7,RNA,K562,2.56754117061784,0.2699653616043671,2.54582784270628,2.58925449852941,0.016914116756227598,0.9832281238295445,Schofield2018_NatMethods_TimeLapseSeq_SuppTable2
MAP4,RNA,K562,4.12516149048217,0.16802910192951664,3.6667160116731505,4.58360696929119,0.22318979428441144,0.7999630064791904,Schofield2018_NatMethods_TimeLapseSeq_SuppTable2
MAP4K3,RNA,K562,0.554038723091114,1.251080748819707,0.532774779083997,0.5753026670982309,0.07679749831970839,0.9260773668428476,Schofield2018_NatMethods_TimeLapseSeq_SuppTable2
MAP4K4,RNA,K562,6.64489291954719,0.10431276906222578,7.07816169454283,6.21162414455155,0.13059182761251537,0.8775759035486052,Schofield2018_NatMethods_TimeLapseSeq_SuppTable2
MAP4K5,RNA,K562,0.7851061151081419,0.8828706938099317,0.654499444986608,0.915712785229677,0.3358320249097437,0.7147431547790914,Schofield2018_NatMethods_TimeLapseSeq_SuppTable2
MAP7D1,RNA,K562,1.44572909889117,0.47944471830273594,1.4499150242501,1.44154317353224,0.005790762680684858,0.9942259714687831,Schofield2018_NatMethods_TimeLapseSeq_SuppTable2
MAPK1,RNA,K562,1.33224812765792,0.5202838466573728,1.37709662612728,1.28739962918856,0.06735299615904061,0.9348651392814976,Schofield2018_NatMethods_TimeLapseSeq_SuppTable2
MAPK12,RNA,K562,1.69470409519832,0.4090077922888543,1.20249324576592,2.18691494463073,0.5980947434390422,0.5498582597911535,Schofield2018_NatMethods_TimeLapseSeq_SuppTable2
MAPK14,RNA,K562,0.836761283710927,0.8283690869227698,0.884457507567536,0.7890650598543179,0.1141256951856021,0.89214581040126,Schofield2018_NatMethods_TimeLapseSeq_SuppTable2
MAPK1IP1L,RNA,K562,0.973821980035791,0.7117801762232456,0.918264622290613,1.02937933778097,0.1142257062603839,0.892056590401468,Schofield2018_NatMethods_TimeLapseSeq_SuppTable2
MAPK6,RNA,K562,1.52470959936049,0.45460931107843255,1.61702199641609,1.4323972023049,0.12123677774011808,0.8858241913094654,Schofield2018_NatMethods_TimeLapseSeq_SuppTable2
MAPK8,RNA,K562,0.71510129459557,0.9692992947970525,0.6847323727073619,0.7454702164837789,0.08498711720261828,0.9185241174853314,Schofield2018_NatMethods_TimeLapseSeq_SuppTable2
MAPK8IP3,RNA,K562,0.715002694624014,0.9694329626609848,0.660744642303255,0.7692607469447729,0.15206253984010262,0.8589345614312119,Schofield2018_NatMethods_TimeLapseSeq_SuppTable2
MAPKAP1,RNA,K562,3.23692090597211,0.21413781822135064,3.1792146999319306,3.2946271120123,0.035658777136150774,0.96496950697104,Schofield2018_NatMethods_TimeLapseSeq_SuppTable2
MAPKAPK2,RNA,K562,1.93404295704372,0.3583928568057531,1.90477972165861,1.96330619242884,0.03026351479206407,0.9701898404864573,Schofield2018_NatMethods_TimeLapseSeq_SuppTable2
MAPKAPK5,RNA,K562,1.27171443208411,0.5450493940090012,1.46293044160292,1.08049842256529,0.30301913881332404,0.7385849605955273,Schofield2018_NatMethods_TimeLapseSeq_SuppTable2
MAPRE1,RNA,K562,3.5530814382993694,0.19508339242899822,3.6804235477393705,3.42573932885938,0.07171052919243141,0.9308002963309956,Schofield2018_NatMethods_TimeLapseSeq_SuppTable2
MAPRE2,RNA,K562,2.94477625551818,0.23538195109426915,2.79905370351829,3.09049880751807,0.09905110723346915,0.9056964192023634,Schofield2018_NatMethods_TimeLapseSeq_SuppTable2
MAPRE3,RNA,K562,0.645943828579393,1.0730765585056603,0.6445436961437029,0.6473439610150828,0.004335159085158056,0.9956742241528153,Schofield2018_NatMethods_TimeLapseSeq_SuppTable2
MARCKSL1,RNA,K562,6.08591995590257,0.1138935749372912,6.22257897690596,5.94926093489919,0.044917448108953935,0.956076404490623,Schofield2018_NatMethods_TimeLapseSeq_SuppTable2
MARK2,RNA,K562,0.4669934351228319,1.4842760699144064,0.454937126502141,0.4790497437435229,0.05164521527941877,0.9496657339737741,Schofield2018_NatMethods_TimeLapseSeq_SuppTable2
MARK3,RNA,K562,1.94924826032802,0.355597177982502,2.24316378745748,1.65533273319855,0.3038852386043783,0.737945549252465,Schofield2018_NatMethods_TimeLapseSeq_SuppTable2
MARK4,RNA,K562,1.45525302809313,0.4763069838570965,1.5429319222262,1.36757413396007,0.12064598685992159,0.8863476827849169,Schofield2018_NatMethods_TimeLapseSeq_SuppTable2
MARS,RNA,K562,5.01395653500404,0.13824355590657048,5.15043513855385,4.87747793145423,0.05445293508539906,0.9470030784279984,Schofield2018_NatMethods_TimeLapseSeq_SuppTable2
MAST2,RNA,K562,1.04077138901811,0.6659936926339586,0.998177276198005,1.08336550183821,0.08189678822152589,0.9213670497208365,Schofield2018_NatMethods_TimeLapseSeq_SuppTable2
MAST3,RNA,K562,0.574536579166814,1.2064456915260973,0.6569400182538009,0.492133140079827,0.28884342809709274,0.7491294888503767,Schofield2018_NatMethods_TimeLapseSeq_SuppTable2
MAST4,RNA,K562,0.4225570911597439,1.640363385353548,0.482570170326769,0.362544011992719,0.2859804616155233,0.751277294548117,Schofield2018_NatMethods_TimeLapseSeq_SuppTable2
MASTL,RNA,K562,0.5298111778137659,1.308290971549856,0.549504319316611,0.510118036310922,0.0743744915752695,0.9283239792279128,Schofield2018_NatMethods_TimeLapseSeq_SuppTable2
MAT2A,RNA,K562,0.4692144542769309,1.4772502727523587,0.497000287622936,0.441428620930926,0.11857427183691456,0.8881858460126866,Schofield2018_NatMethods_TimeLapseSeq_SuppTable2
MAT2B,RNA,K562,0.64536735257135,1.0740350868357769,0.605591304691497,0.685143400451204,0.12342281622835147,0.8838898605644926,Schofield2018_NatMethods_TimeLapseSeq_SuppTable2
MATR3,RNA,K562,4.29919047420004,0.16122737169232323,4.66803866819587,3.9303422802042105,0.172012481776973,0.8419686638378322,Schofield2018_NatMethods_TimeLapseSeq_SuppTable2
MAVS,RNA,K562,1.95885162021364,0.35385384651255414,1.94057047967151,1.97713276075577,0.018665703033090578,0.9815074223592937,Schofield2018_NatMethods_TimeLapseSeq_SuppTable2
MAX,RNA,K562,1.11199470128859,0.6233367656848722,1.35702468597998,0.8669647165972079,0.4480515712676398,0.6388717357570591,Schofield2018_NatMethods_TimeLapseSeq_SuppTable2
MAZ,RNA,K562,3.64108830388292,0.1903681324676364,3.5490214017321,3.7331552060337305,0.05058187182331894,0.9506760919010215,Schofield2018_NatMethods_TimeLapseSeq_SuppTable2
MBD1,RNA,K562,1.04588575525971,0.6627369930933096,1.11792230480503,0.973849205714391,0.13797068443083943,0.8711242288740578,Schofield2018_NatMethods_TimeLapseSeq_SuppTable2
MBD3,RNA,K562,2.56160425685517,0.27059104805318684,2.9132311670082,2.20997734670214,0.276280566735661,0.7586000629574892,Schofield2018_NatMethods_TimeLapseSeq_SuppTable2
MBD4,RNA,K562,0.7134800131463919,0.9715018890343118,0.829634350015924,0.597325676276861,0.32852257552228076,0.719986673967147,Schofield2018_NatMethods_TimeLapseSeq_SuppTable2
MBD5,RNA,K562,1.24223981896964,0.557981776123444,1.09602226890433,1.38845736903495,0.2365058177389522,0.7893812898743319,Schofield2018_NatMethods_TimeLapseSeq_SuppTable2
MBD6,RNA,K562,0.631221411615912,1.0981046710464157,0.70313510224352,0.559307720988304,0.22884924645750923,0.7954484411369869,Schofield2018_NatMethods_TimeLapseSeq_SuppTable2
MBIP,RNA,K562,0.4534734347607339,1.5285287459576777,0.377492378845146,0.529454490676322,0.3382968336209192,0.7129836189753335,Schofield2018_NatMethods_TimeLapseSeq_SuppTable2
MBNL1,RNA,K562,1.19366048494398,0.5806903967274041,1.25902327603832,1.12829769384965,0.10962621136615379,0.896169050503963,Schofield2018_NatMethods_TimeLapseSeq_SuppTable2
MBNL2,RNA,K562,0.3917130814967029,1.7695277827114884,0.3885417768806689,0.394884386112738,0.016192330847846288,0.9839380602142664,Schofield2018_NatMethods_TimeLapseSeq_SuppTable2
MBOAT2,RNA,K562,2.24272265413105,0.3090650461318443,2.25048342423314,2.23496188402896,0.00692087455861778,0.9931030195392488,Schofield2018_NatMethods_TimeLapseSeq_SuppTable2
MBOAT7,RNA,K562,2.33722977943752,0.29656783712843104,2.24202182599473,2.43243773288031,0.0815158770984665,0.9217180755290687,Schofield2018_NatMethods_TimeLapseSeq_SuppTable2
MBTD1,RNA,K562,1.57661576826731,0.4396424255744374,1.81564910348341,1.3375824330512,0.3055792064780332,0.7366965513793298,Schofield2018_NatMethods_TimeLapseSeq_SuppTable2
MBTPS1,RNA,K562,2.08661263740292,0.3321877612236948,2.08925743327225,2.0839678415335894,0.0025350151132762606,0.9974681953241272,Schofield2018_NatMethods_TimeLapseSeq_SuppTable2
MCAM,RNA,K562,3.37245641400629,0.20553184251135367,3.58206329789872,3.16284953011386,0.12446560328501446,0.8829686320644373,Schofield2018_NatMethods_TimeLapseSeq_SuppTable2
MCCC2,RNA,K562,8.00921791027989,0.08654367858692992,6.34893514188278,9.66950067867701,0.420689567356939,0.6565938979541441,Schofield2018_NatMethods_TimeLapseSeq_SuppTable2
MCFD2,RNA,K562,4.64114505916503,0.1493483120488043,4.45285530669481,4.82943481163525,0.08118391222510939,0.922024104345881,Schofield2018_NatMethods_TimeLapseSeq_SuppTable2
MCL1,RNA,K562,0.360365162784671,1.9234577926560608,0.3742950908787959,0.3464352346905459,0.07734861106270954,0.9255671344156859,Schofield2018_NatMethods_TimeLapseSeq_SuppTable2
MCM10,RNA,K562,0.8937174160747529,0.7755775685834555,0.922866773802529,0.864568058346977,0.06525485597508326,0.936828676564721,Schofield2018_NatMethods_TimeLapseSeq_SuppTable2
MCM2,RNA,K562,3.04508420401659,0.2276282474046714,3.20597798682042,2.88419042121275,0.10577294390354852,0.8996288911120042,Schofield2018_NatMethods_TimeLapseSeq_SuppTable2
MCM3,RNA,K562,2.69320614373876,0.25736878039261607,2.98619910189329,2.40021318558422,0.21844381462227208,0.803768638220557,Schofield2018_NatMethods_TimeLapseSeq_SuppTable2
MCM3AP,RNA,K562,2.95145072752101,0.23484965345910933,3.31511714842697,2.58778430661505,0.2476909323972854,0.7806011645298746,Schofield2018_NatMethods_TimeLapseSeq_SuppTable2
MCM3AP-AS1,RNA,K562,1.08610015470007,0.6381982154779824,1.22949955374128,0.942700755658866,0.26561359870491463,0.7667353377968251,Schofield2018_NatMethods_TimeLapseSeq_SuppTable2
MCM4,RNA,K562,4.90724500635689,0.14124976023451777,4.99998815594125,4.81450185677253,0.03780296025882955,0.9629026522896228,Schofield2018_NatMethods_TimeLapseSeq_SuppTable2
MCM5,RNA,K562,2.9576446260422,0.23435783138269953,3.10323075904617,2.81205849303823,0.09852697418089473,0.9061712490574061,Schofield2018_NatMethods_TimeLapseSeq_SuppTable2
MCM6,RNA,K562,4.15918245170054,0.16665467038517207,4.16074455712556,4.15762034627552,0.0007511598813520947,0.9992491221686056,Schofield2018_NatMethods_TimeLapseSeq_SuppTable2
MCM7,RNA,K562,3.9574493977704894,0.17514997941614718,4.32304410155372,3.59185469398726,0.1852911102964301,0.8308623760503234,Schofield2018_NatMethods_TimeLapseSeq_SuppTable2
MCM8,RNA,K562,4.62698215745009,0.14980545784986032,4.62784188883919,4.62612242606099,0.00037161647472961197,0.99962845256612,Schofield2018_NatMethods_TimeLapseSeq_SuppTable2
MCM9,RNA,K562,0.493954077285347,1.4032623930736956,0.4765132131216229,0.511394941449072,0.07064671899318153,0.9317910180562026,Schofield2018_NatMethods_TimeLapseSeq_SuppTable2
MCMBP,RNA,K562,1.48703501509188,0.4661270067787324,1.62573394184445,1.34833608833931,0.18708806522727928,0.8293706944505183,Schofield2018_NatMethods_TimeLapseSeq_SuppTable2
MCPH1,RNA,K562,0.65408036208995,1.05972785720881,0.65311105815169,0.65504966602821,0.002963870203152842,0.997040517723985,Schofield2018_NatMethods_TimeLapseSeq_SuppTable2
MCRS1,RNA,K562,3.07529530075942,0.22539207223084495,2.64474035856241,3.50585024295642,0.2818601737073275,0.7543791591999516,Schofield2018_NatMethods_TimeLapseSeq_SuppTable2
MCUR1,RNA,K562,3.90990357345813,0.17727986574024085,3.80430289914424,4.01550424777203,0.05403016249279483,0.9474035300186835,Schofield2018_NatMethods_TimeLapseSeq_SuppTable2
MDC1,RNA,K562,2.32829879809931,0.297705423859597,2.3728890294543,2.28370856674431,0.03830752663500756,0.9624169265384909,Schofield2018_NatMethods_TimeLapseSeq_SuppTable2
MDH2,RNA,K562,6.83508737909711,0.10141014183369627,7.44267010184234,6.22750465635188,0.1782539532555657,0.8367299062214701,Schofield2018_NatMethods_TimeLapseSeq_SuppTable2
MDK,RNA,K562,8.14056596567666,0.08514729608266611,8.6760708892418,7.60506104211152,0.13175481140472134,0.8765558902407867,Schofield2018_NatMethods_TimeLapseSeq_SuppTable2
MDM2,RNA,K562,0.807391495074051,0.8585019594445596,0.824137143311615,0.7906458468364869,0.04148681300982476,0.9593619863551462,Schofield2018_NatMethods_TimeLapseSeq_SuppTable2
MDM4,RNA,K562,0.934152414182018,0.7420065184618649,0.962785044804765,0.90551978355927,0.061321047464112904,0.940521239341532,Schofield2018_NatMethods_TimeLapseSeq_SuppTable2
MDN1,RNA,K562,2.14323043620655,0.3234123446785283,2.4533992147921,1.833061657621,0.2914868917302003,0.7471518074062532,Schofield2018_NatMethods_TimeLapseSeq_SuppTable2
ME1,RNA,K562,2.28957285538496,0.30274082736860636,2.30087230148806,2.27827340928185,0.009870433093387837,0.9901781197541497,Schofield2018_NatMethods_TimeLapseSeq_SuppTable2
MEA1,RNA,K562,8.09446130775136,0.08563228042070925,9.069222664495301,7.11969995100742,0.24202097360601504,0.7850397122655307,Schofield2018_NatMethods_TimeLapseSeq_SuppTable2
MEAF6,RNA,K562,2.80188329163106,0.24738617151910122,3.11784504452138,2.48592153874073,0.22649864098227543,0.7973204258848418,Schofield2018_NatMethods_TimeLapseSeq_SuppTable2
MECOM,RNA,K562,0.565516448185295,1.2256888067256202,0.514214519803148,0.6168183765674419,0.1819340831126289,0.8336562906324576,Schofield2018_NatMethods_TimeLapseSeq_SuppTable2
MECP2,RNA,K562,0.8159760509578289,0.8494700055795735,0.8683634456507588,0.7635886562649,0.12858110706806491,0.8793422386552214,Schofield2018_NatMethods_TimeLapseSeq_SuppTable2
MECR,RNA,K562,0.880333493474539,0.7873688615710864,0.8974700263860829,0.863196960562995,0.03893683020992141,0.9618114646557077,Schofield2018_NatMethods_TimeLapseSeq_SuppTable2
MED1,RNA,K562,1.15218157058499,0.6015954414268386,1.07249958712483,1.23186355404515,0.13853612053642184,0.870631803013405,Schofield2018_NatMethods_TimeLapseSeq_SuppTable2
MED10,RNA,K562,1.76730324818582,0.39220613738557764,1.59081371626882,1.94379278010282,0.200395449199171,0.8184070506654888,Schofield2018_NatMethods_TimeLapseSeq_SuppTable2
MED12,RNA,K562,2.3703917627979,0.29241882773916944,2.54427281798528,2.19651070761052,0.14697482022923922,0.8633157152344454,Schofield2018_NatMethods_TimeLapseSeq_SuppTable2
MED13,RNA,K562,0.58364640692291,1.187614919475549,0.639240401520266,0.528052412325555,0.19108505429018274,0.8260623250184446,Schofield2018_NatMethods_TimeLapseSeq_SuppTable2
MED13L,RNA,K562,0.624896394305114,1.1092193632045617,0.667377918154294,0.5824148704559339,0.13617344977677312,0.872691251257856,Schofield2018_NatMethods_TimeLapseSeq_SuppTable2
MED15,RNA,K562,1.02130421930914,0.6786882570883961,0.98593573297534,1.05667270564294,0.0692891203662246,0.9330568753315536,Schofield2018_NatMethods_TimeLapseSeq_SuppTable2
MED16,RNA,K562,2.08506652468091,0.332434084167181,2.15701842884744,2.01311462051438,0.069043825927777,0.9332857770668412,Schofield2018_NatMethods_TimeLapseSeq_SuppTable2
MED20,RNA,K562,1.40147700676753,0.49458334115567915,1.46066642379625,1.3422875897388,0.08451747128254106,0.9189555999036486,Schofield2018_NatMethods_TimeLapseSeq_SuppTable2
MED21,RNA,K562,0.763314944630033,0.9080749504988442,0.808076737493936,0.7185531517661299,0.1174173473603992,0.889214004593867,Schofield2018_NatMethods_TimeLapseSeq_SuppTable2
MED22,RNA,K562,1.17042656849253,0.592217571968394,1.26287193126913,1.07798120571592,0.15829839987265124,0.8535950313129509,Schofield2018_NatMethods_TimeLapseSeq_SuppTable2
MED23,RNA,K562,0.8740472217284299,0.7930317302413542,0.876446462202445,0.871647981254415,0.005489969970532946,0.9945250723746755,Schofield2018_NatMethods_TimeLapseSeq_SuppTable2
MED24,RNA,K562,5.66109825546008,0.12244040807654431,5.29443849920981,6.02775801171034,0.1297182060717985,0.8783429077484723,Schofield2018_NatMethods_TimeLapseSeq_SuppTable2
MED25,RNA,K562,2.87791412762942,0.24085054307402173,2.4667327392807894,3.28909551597804,0.28771811044628565,0.749972971991142,Schofield2018_NatMethods_TimeLapseSeq_SuppTable2
MED27,RNA,K562,1.34226346959265,0.5164017320461693,1.31886548729185,1.36566145189346,0.0348670036978122,0.9657338467475021,Schofield2018_NatMethods_TimeLapseSeq_SuppTable2
MED28,RNA,K562,2.5424961981882106,0.27262466746415737,2.49308146125278,2.59191093512364,0.038875936448980034,0.9618700347563658,Schofield2018_NatMethods_TimeLapseSeq_SuppTable2
MED29,RNA,K562,1.16770802607938,0.5935963143862348,1.20660794382768,1.12880810833108,0.06665076597618308,0.9355218603568957,Schofield2018_NatMethods_TimeLapseSeq_SuppTable2
MED4,RNA,K562,1.30218233275346,0.5322965633347889,1.48127928304962,1.12308538245731,0.27682639130393183,0.7581861133878349,Schofield2018_NatMethods_TimeLapseSeq_SuppTable2
MED8,RNA,K562,1.43606705221445,0.4826704849826445,1.47735089114861,1.39478321328028,0.05751154497839131,0.944110990582518,Schofield2018_NatMethods_TimeLapseSeq_SuppTable2
MED9,RNA,K562,0.3170305468615409,2.1863734817410783,0.31774369365705,0.3163174000660329,0.004498922929838771,0.9955111820643825,Schofield2018_NatMethods_TimeLapseSeq_SuppTable2
MEF2C,RNA,K562,0.959964010677493,0.7220553821291257,1.040584699618,0.879343321736988,0.16836264171639492,0.8450473296981938,Schofield2018_NatMethods_TimeLapseSeq_SuppTable2
MEF2D,RNA,K562,0.4261509394641749,1.6265297488994879,0.51189454294945,0.3404073359789009,0.40797568550140473,0.6649950476469846,Schofield2018_NatMethods_TimeLapseSeq_SuppTable2
MEGF8,RNA,K562,2.02321220874889,0.3425973694517058,2.46308953316158,1.5833348843362,0.44188316078232065,0.6428247382074894,Schofield2018_NatMethods_TimeLapseSeq_SuppTable2
MEIS2,RNA,K562,0.709451699673712,0.9770181407398623,0.7641968501895259,0.654706549157897,0.15463829460168615,0.8567250035060018,Schofield2018_NatMethods_TimeLapseSeq_SuppTable2
MELK,RNA,K562,2.06981493687625,0.33488364984264635,2.56195394847525,1.57767592527726,0.4848173976934427,0.6158096347579612,Schofield2018_NatMethods_TimeLapseSeq_SuppTable2
MEN1,RNA,K562,2.91242078849734,0.23799692108281295,2.89782687975985,2.92701469723483,0.010021924678393706,0.9900281274629219,Schofield2018_NatMethods_TimeLapseSeq_SuppTable2
MEPCE,RNA,K562,0.430530816597602,1.6099827325666194,0.4306282373992679,0.4304333957959359,0.00045256134786642174,0.9995475410425738,Schofield2018_NatMethods_TimeLapseSeq_SuppTable2
MESDC1,RNA,K562,0.6556472671060088,1.0571952562533495,0.67060948230643,0.640685051905588,0.04564897647216927,0.9553772632353441,Schofield2018_NatMethods_TimeLapseSeq_SuppTable2
MESDC2,RNA,K562,1.76764437829074,0.39213044720578816,1.62475479193935,1.91053396464214,0.16202585850057893,0.8504192136901795,Schofield2018_NatMethods_TimeLapseSeq_SuppTable2
METAP1,RNA,K562,0.916839887050082,0.7560176976921624,1.05082858348465,0.782851190615511,0.29439163145321884,0.7449846748738982,Schofield2018_NatMethods_TimeLapseSeq_SuppTable2
METAP2,RNA,K562,3.88931335886887,0.17821839399475217,4.32151126231508,3.45711545542265,0.223170612361139,0.7999783514553741,Schofield2018_NatMethods_TimeLapseSeq_SuppTable2
METTL13,RNA,K562,0.908307605459484,0.7631194282572412,0.9088433345459748,0.9077718763729928,0.0011796205280971853,0.998821074950704,Schofield2018_NatMethods_TimeLapseSeq_SuppTable2
METTL14,RNA,K562,0.4599446795239819,1.5070229343174826,0.355135827589727,0.564753531458236,0.46388907923743256,0.6288333012681472,Schofield2018_NatMethods_TimeLapseSeq_SuppTable2
METTL15,RNA,K562,1.14300607149783,0.6064247582268956,1.09684920742316,1.18916293557249,0.0808079313297337,0.922370832971776,Schofield2018_NatMethods_TimeLapseSeq_SuppTable2
METTL16,RNA,K562,0.7713272731307819,0.8986421259895204,0.72253301826142,0.820121528000144,0.12668941519708563,0.8810072575747495,Schofield2018_NatMethods_TimeLapseSeq_SuppTable2
METTL22,RNA,K562,0.721035397615295,0.9613219862054132,0.849546431002793,0.5925243642277959,0.3603106032552078,0.6974596591835341,Schofield2018_NatMethods_TimeLapseSeq_SuppTable2
METTL2A,RNA,K562,1.23111815216722,0.5630224681032862,1.48400205353395,0.9782342508004888,0.41674864590903204,0.659186588368228,Schofield2018_NatMethods_TimeLapseSeq_SuppTable2
METTL3,RNA,K562,1.27803879611384,0.542352221753841,1.15996123455599,1.39611635767169,0.18530776556073697,0.8308485379330868,Schofield2018_NatMethods_TimeLapseSeq_SuppTable2
METTL6,RNA,K562,1.9010763597971,0.3646077533855211,2.15977298445065,1.64237973514354,0.2738568682982303,0.7604409106734373,Schofield2018_NatMethods_TimeLapseSeq_SuppTable2
METTL8,RNA,K562,2.29550327320947,0.30195869840377876,1.99580122172456,2.59520532469439,0.26262005206839556,0.7690340346999652,Schofield2018_NatMethods_TimeLapseSeq_SuppTable2
METTL9,RNA,K562,4.31598083840011,0.16060015243647094,4.70085013501907,3.93111154178114,0.1788211512008382,0.8362554493061269,Schofield2018_NatMethods_TimeLapseSeq_SuppTable2
MEX3A,RNA,K562,0.69211357126604,1.0014934099500672,0.714590734822247,0.669636407709832,0.06497508993758558,0.9370908060771356,Schofield2018_NatMethods_TimeLapseSeq_SuppTable2
MEX3D,RNA,K562,0.6725278866576009,1.0306593887203999,0.7213615012423599,0.623694272072842,0.14548010061312114,0.8646070950538514,Schofield2018_NatMethods_TimeLapseSeq_SuppTable2
MFAP1,RNA,K562,0.5537197058350029,1.251801540121617,0.551774590314842,0.555664821355164,0.0070256611803834615,0.9929989610808284,Schofield2018_NatMethods_TimeLapseSeq_SuppTable2
MFAP3,RNA,K562,0.48076915807454,1.4417463535638813,0.530778819508344,0.4307594966407369,0.20879547677860655,0.8115612017822147,Schofield2018_NatMethods_TimeLapseSeq_SuppTable2
MFHAS1,RNA,K562,1.05440395339812,0.6573829492255593,1.05962509563837,1.04918281115788,0.009903576134822406,0.9901453027835293,Schofield2018_NatMethods_TimeLapseSeq_SuppTable2
MFN1,RNA,K562,1.07152574057647,0.6468787023138045,0.89831884634802,1.24473263480493,0.32615096664508597,0.7216962271490547,Schofield2018_NatMethods_TimeLapseSeq_SuppTable2
MFN2,RNA,K562,2.43546362896975,0.2846058435506838,2.48376243438086,2.38716482355863,0.039668125685453304,0.9611083534056631,Schofield2018_NatMethods_TimeLapseSeq_SuppTable2
MFSD12,RNA,K562,3.9843346864244,0.17396811139427287,4.42733890174601,3.5413304711028,0.22329620835439062,0.7998778836890498,Schofield2018_NatMethods_TimeLapseSeq_SuppTable2
MFSD14B,RNA,K562,1.12266236234441,0.6174137512835776,1.25630320052374,0.989021524165077,0.23921262463614665,0.7872474763677781,Schofield2018_NatMethods_TimeLapseSeq_SuppTable2
MGA,RNA,K562,1.06988747215758,0.6478692372779313,1.06937427721917,1.07040066709599,0.0009593438396554693,0.9990411161835273,Schofield2018_NatMethods_TimeLapseSeq_SuppTable2
MGAT1,RNA,K562,1.29421409113225,0.5355738168122879,1.50455808917356,1.08387009309095,0.32796117111342965,0.7203909911423293,Schofield2018_NatMethods_TimeLapseSeq_SuppTable2
MGAT2,RNA,K562,0.477593873972934,1.4513318079101387,0.518450757460957,0.4367369904849109,0.17151389054140664,0.8423885667054893,Schofield2018_NatMethods_TimeLapseSeq_SuppTable2
MGAT3,RNA,K562,0.8646927256864398,0.8016109769047584,0.690421061977996,1.03896438939488,0.4086780703651955,0.6645281291884464,Schofield2018_NatMethods_TimeLapseSeq_SuppTable2
MGAT4B,RNA,K562,3.5180302989614294,0.1970270639126024,3.19089769565682,3.8451629022660305,0.1865136828541038,0.8298472071953988,Schofield2018_NatMethods_TimeLapseSeq_SuppTable2
MGAT5,RNA,K562,0.8159992895823879,0.8494458137514852,0.721157422490115,0.91084115667466,0.23351106800742738,0.7917488326097923,Schofield2018_NatMethods_TimeLapseSeq_SuppTable2
MGEA5,RNA,K562,1.00228191570416,0.6915690782198439,1.04388192458831,0.9606819068200048,0.0830583110845762,0.9202974821111899,Schofield2018_NatMethods_TimeLapseSeq_SuppTable2
MGME1,RNA,K562,0.871796730926235,0.7950788939338135,0.905322210032082,0.8382712518203889,0.07694917589070382,0.92593691232946,Schofield2018_NatMethods_TimeLapseSeq_SuppTable2
MGRN1,RNA,K562,1.30506258461434,0.5311217934922084,1.24253672561884,1.36758844360984,0.09589389222893727,0.908560416274857,Schofield2018_NatMethods_TimeLapseSeq_SuppTable2
MIA3,RNA,K562,1.51953282941601,0.45615808170879535,1.53098057958033,1.50808507925169,0.015067745204846057,0.9850452052534096,Schofield2018_NatMethods_TimeLapseSeq_SuppTable2
MIB1,RNA,K562,3.3094892012903694,0.20944234545007348,2.93762157736559,3.68135682521514,0.22568112007772226,0.7979725185139895,Schofield2018_NatMethods_TimeLapseSeq_SuppTable2
MICAL2,RNA,K562,2.63599399990439,0.262954764155414,2.48872889303265,2.78325910677612,0.11185048620581751,0.8941779394428614,Schofield2018_NatMethods_TimeLapseSeq_SuppTable2
MICAL3,RNA,K562,0.7353745023302009,0.9425771200436666,0.756628229399066,0.7141207752613359,0.05781992130414955,0.9438198939900898,Schofield2018_NatMethods_TimeLapseSeq_SuppTable2
MICALL2,RNA,K562,1.5387843553208,0.4504511487676521,1.35071408885965,1.72685462178196,0.2456682086789976,0.7821817029773088,Schofield2018_NatMethods_TimeLapseSeq_SuppTable2
MICB,RNA,K562,0.4451018929253109,1.5572775393167266,0.4636516499611619,0.426552135889459,0.08339891517271186,0.9199840784028039,Schofield2018_NatMethods_TimeLapseSeq_SuppTable2
MICU1,RNA,K562,3.03163993522528,0.22863769951903531,3.07388617842962,2.98939369202093,0.02787202899276094,0.972512812282511,Schofield2018_NatMethods_TimeLapseSeq_SuppTable2
MID1IP1,RNA,K562,0.4399170084487359,1.5756316924507334,0.43109776974578,0.448736247151693,0.040100383980859626,0.9606929961244017,Schofield2018_NatMethods_TimeLapseSeq_SuppTable2
MIDN,RNA,K562,0.406194638493352,1.7064409888100718,0.416317020525638,0.3960722564610659,0.049850378185302295,0.9513717598213706,Schofield2018_NatMethods_TimeLapseSeq_SuppTable2
MIEF1,RNA,K562,0.8390198713619849,0.8261391704999266,0.904838114050322,0.773201628673647,0.1572161944580332,0.8545192965099233,Schofield2018_NatMethods_TimeLapseSeq_SuppTable2
MIER1,RNA,K562,0.542377166116185,1.2779800180811136,0.600437881766539,0.4843164504658309,0.2149206756398816,0.8066054210985671,Schofield2018_NatMethods_TimeLapseSeq_SuppTable2
MIER2,RNA,K562,0.6152863468188219,1.126544062197516,0.660512206605645,0.5700604870319989,0.1472731318494807,0.8630582165339907,Schofield2018_NatMethods_TimeLapseSeq_SuppTable2
MIER3,RNA,K562,0.3334075753117399,2.078978499249289,0.3289804799016889,0.337834670721792,0.02655821853935629,0.9737913494752154,Schofield2018_NatMethods_TimeLapseSeq_SuppTable2
MINDY2,RNA,K562,1.42496510708282,0.4864309849515909,1.63977904209427,1.21015117207138,0.30381621492779415,0.7379964867253189,Schofield2018_NatMethods_TimeLapseSeq_SuppTable2
MINK1,RNA,K562,1.27776289166895,0.5424693306397332,1.03915403665216,1.51637174668574,0.37791351680509033,0.6852897641514283,Schofield2018_NatMethods_TimeLapseSeq_SuppTable2
MIOS,RNA,K562,0.6999605374202,0.990266084306172,0.67065692876559,0.729264146074811,0.0837782839610398,0.9196351313516943,Schofield2018_NatMethods_TimeLapseSeq_SuppTable2
MIR17HG,RNA,K562,0.2997247095951899,2.3126127355202524,0.302463439865896,0.296985979324485,0.018275480192576774,0.9818905037123179,Schofield2018_NatMethods_TimeLapseSeq_SuppTable2
MIR4435-2HG,RNA,K562,1.2149170682119,0.5705304491113214,1.18408307495287,1.24575106147093,0.050769911596278985,0.9504973437909456,Schofield2018_NatMethods_TimeLapseSeq_SuppTable2
MIR548XHG,RNA,K562,0.8037624978979468,0.8623781059364052,0.8733031562709969,0.734221839524896,0.1734715369656019,0.8407410808636282,Schofield2018_NatMethods_TimeLapseSeq_SuppTable2
MIR663AHG,RNA,K562,1.59571357105835,0.4343807016068795,1.62645673577284,1.56497040634386,0.03853695286227544,0.9621961481811175,Schofield2018_NatMethods_TimeLapseSeq_SuppTable2
MIRLET7BHG,RNA,K562,0.512839951831861,1.3515857687842532,0.454030348069623,0.571649555594099,0.2303620968030076,0.7942459565069762,Schofield2018_NatMethods_TimeLapseSeq_SuppTable2
MIS12,RNA,K562,0.378544745698835,1.8310838769676219,0.3316345860862259,0.4254549053114449,0.24912524348634296,0.7794823421849141,Schofield2018_NatMethods_TimeLapseSeq_SuppTable2
MITF,RNA,K562,0.4933519727438079,1.4049749851104554,0.4990897579256169,0.4876141875619999,0.023261461271742393,0.9770070008823398,Schofield2018_NatMethods_TimeLapseSeq_SuppTable2
MKI67,RNA,K562,2.08654433441982,0.3321986353827849,2.0443598493324,2.12872881950723,0.040440294834207004,0.9603665016409371,Schofield2018_NatMethods_TimeLapseSeq_SuppTable2
MKKS,RNA,K562,2.45241237672841,0.2826389179639616,2.50320235189009,2.40162240156673,0.041426343304318755,0.9594200004459646,Schofield2018_NatMethods_TimeLapseSeq_SuppTable2
MKL1,RNA,K562,0.538712452077695,1.2866737679565965,0.568836611925081,0.5085882922303089,0.11195441025362063,0.8940850176804247,Schofield2018_NatMethods_TimeLapseSeq_SuppTable2
MKLN1,RNA,K562,1.22248612327041,0.5669979947957441,1.29702053405196,1.14795171248887,0.12209050244805278,0.8850682640332677,Schofield2018_NatMethods_TimeLapseSeq_SuppTable2
MKNK1,RNA,K562,2.56389580356683,0.2703492004611325,2.85254924615573,2.27524236097793,0.22612648778717087,0.7976172064493493,Schofield2018_NatMethods_TimeLapseSeq_SuppTable2
MKNK2,RNA,K562,1.1832407985975,0.585803989671025,1.1342143157584,1.2322672814366,0.08291561238164548,0.9204288167386152,Schofield2018_NatMethods_TimeLapseSeq_SuppTable2
MKRN1,RNA,K562,0.6716558971289979,1.0319974610850768,0.6973927878239419,0.6459190064340539,0.07667467378288656,0.9261911188521171,Schofield2018_NatMethods_TimeLapseSeq_SuppTable2
MKRN2,RNA,K562,0.723655598167192,0.9578412470178969,0.73557850571818,0.711732690616205,0.0329548658445373,0.967582229610294,Schofield2018_NatMethods_TimeLapseSeq_SuppTable2
MKRN3,RNA,K562,2.0839737995528,0.33260839493696503,1.68168304602343,2.48626455308217,0.3909862995511314,0.6763894228145121,Schofield2018_NatMethods_TimeLapseSeq_SuppTable2
MLEC,RNA,K562,2.60778780199233,0.2657989196936906,2.8466945753433106,2.36888102864135,0.18374081922891286,0.8321514535347242,Schofield2018_NatMethods_TimeLapseSeq_SuppTable2
MLF2,RNA,K562,4.43115066039057,0.1564260016604468,4.31688252559705,4.54541879518409,0.05158636338234472,0.9497216252484423,Schofield2018_NatMethods_TimeLapseSeq_SuppTable2
MLH1,RNA,K562,3.88442504727534,0.17844267095490512,3.79499457806378,3.9738555164869,0.046053804127234275,0.95499057837381,Schofield2018_NatMethods_TimeLapseSeq_SuppTable2
MLLT1,RNA,K562,1.52245258111902,0.4552832640938309,1.75842619230814,1.28647896992989,0.31251019421641385,0.7316081707366039,Schofield2018_NatMethods_TimeLapseSeq_SuppTable2
MLLT10,RNA,K562,0.5611642657279279,1.2351947956999945,0.585012710007027,0.537315821448829,0.08504752999196853,0.9184686285574459,Schofield2018_NatMethods_TimeLapseSeq_SuppTable2
MLLT6,RNA,K562,1.6288423881268,0.42554588805677995,1.93266435090534,1.32502042534826,0.3774716689333263,0.6855926248795171,Schofield2018_NatMethods_TimeLapseSeq_SuppTable2
MLX,RNA,K562,0.7311723943547919,0.9479941883905489,0.83229380792809,0.630050980781494,0.27838477502587305,0.757005488662641,Schofield2018_NatMethods_TimeLapseSeq_SuppTable2
MLXIP,RNA,K562,1.11297118672599,0.6227898698788111,1.16778576743412,1.05815660601787,0.09858110599718825,0.9061221976894535,Schofield2018_NatMethods_TimeLapseSeq_SuppTable2
MMAB,RNA,K562,2.15480645155054,0.321674914264887,2.3538958445153706,1.9557170585857,0.1853148536144384,0.8308426488549032,Schofield2018_NatMethods_TimeLapseSeq_SuppTable2
MMADHC,RNA,K562,3.91077717423185,0.1772402644484833,4.45034513669981,3.37120921176389,0.27771015542740957,0.7575163517011712,Schofield2018_NatMethods_TimeLapseSeq_SuppTable2
MMGT1,RNA,K562,1.88644959305121,0.36743477435769945,2.19573183997478,1.57716734612764,0.330884984137712,0.7182877787780112,Schofield2018_NatMethods_TimeLapseSeq_SuppTable2
MMP15,RNA,K562,1.00031148036012,0.6929313460547377,1.00792009061598,0.992702870104256,0.015212775504724765,0.9849023542110127,Schofield2018_NatMethods_TimeLapseSeq_SuppTable2
MMS22L,RNA,K562,0.927910675500824,0.7469977432750528,0.948829926704107,0.9069914242975408,0.04509657433070916,0.9559051614740924,Schofield2018_NatMethods_TimeLapseSeq_SuppTable2
MND1,RNA,K562,2.36742535748387,0.2927852311663296,2.47013353753658,2.26471717743115,0.08682232829626788,0.916839977683843,Schofield2018_NatMethods_TimeLapseSeq_SuppTable2
MNT,RNA,K562,1.01244777477899,0.6846251212426777,1.34095816404666,0.683937385511319,0.6732733134338582,0.5100363336074374,Schofield2018_NatMethods_TimeLapseSeq_SuppTable2
MOB1A,RNA,K562,1.14747303545522,0.6040640251602629,1.06928522494114,1.22566084596931,0.13648975345526515,0.8724152594558074,Schofield2018_NatMethods_TimeLapseSeq_SuppTable2
MOB1B,RNA,K562,0.77293977832434,0.8967673808464386,0.66781441469014,0.87806514195854,0.27371047184083064,0.7605522446780748,Schofield2018_NatMethods_TimeLapseSeq_SuppTable2
MOB3A,RNA,K562,0.498950861227393,1.3892093078160832,0.526953703129946,0.4709480193248399,0.11236496927563869,0.8937180183525625,Schofield2018_NatMethods_TimeLapseSeq_SuppTable2
MOB3B,RNA,K562,0.9272458293864329,0.7475333494016437,0.948713738257134,0.905777920515732,0.04631295228118334,0.9547431263931325,Schofield2018_NatMethods_TimeLapseSeq_SuppTable2
MOGS,RNA,K562,1.28026406673876,0.5414095408657463,1.43403487282834,1.12649326064917,0.24138256213607334,0.785541050635256,Schofield2018_NatMethods_TimeLapseSeq_SuppTable2
MON1B,RNA,K562,0.728553302796727,0.9514021525935483,0.693712940692177,0.763393664901277,0.09571559693376896,0.9087224227645232,Schofield2018_NatMethods_TimeLapseSeq_SuppTable2
MON2,RNA,K562,1.25058096076907,0.554260141729393,1.35596939070845,1.14519253082968,0.1689438439726293,0.8445563289827318,Schofield2018_NatMethods_TimeLapseSeq_SuppTable2
MORC2,RNA,K562,1.54366515614999,0.4490269005544592,1.61085626439631,1.47647404790366,0.08710903357842921,0.9165771524978291,Schofield2018_NatMethods_TimeLapseSeq_SuppTable2
MORC3,RNA,K562,0.64444397300204,1.075573998048316,0.569542139598424,0.719345806405657,0.23350942258964136,0.7917501353684754,Schofield2018_NatMethods_TimeLapseSeq_SuppTable2
MORF4L1,RNA,K562,3.1106307110307694,0.22283171644320876,3.16707878979518,3.05418263226636,0.03629763960373791,0.9643532210526026,Schofield2018_NatMethods_TimeLapseSeq_SuppTable2
MORF4L2,RNA,K562,5.79075781781705,0.11969887230083505,6.80983637705789,4.77167925857621,0.3556698042392614,0.7007039515151697,Schofield2018_NatMethods_TimeLapseSeq_SuppTable2
MOV10,RNA,K562,2.2916957365274,0.3024603875252084,2.4007372988658,2.18265417418899,0.09523425070470988,0.9091599381657292,Schofield2018_NatMethods_TimeLapseSeq_SuppTable2
MPHOSPH10,RNA,K562,0.7238373435559509,0.9576007465361819,0.677515699961815,0.770158987150086,0.1281642444918884,0.879708879940374,Schofield2018_NatMethods_TimeLapseSeq_SuppTable2
MPHOSPH6,RNA,K562,3.5322792249684,0.19623227282269742,4.07223121926565,2.99232723067115,0.3081396376917132,0.7348127032950649,Schofield2018_NatMethods_TimeLapseSeq_SuppTable2
MPHOSPH8,RNA,K562,0.9204322683595468,0.7530670146922559,0.9901574618716,0.8507070748474929,0.15179612642833498,0.8591634236028303,Schofield2018_NatMethods_TimeLapseSeq_SuppTable2
MPHOSPH9,RNA,K562,1.38424859210708,0.5007389456722137,1.42332069677924,1.34517648743491,0.056467438522689234,0.9450972577570476,Schofield2018_NatMethods_TimeLapseSeq_SuppTable2
MPP1,RNA,K562,5.93501378341495,0.11678948117979181,6.51748024155662,5.35254732527327,0.19691525206595825,0.8212602304713517,Schofield2018_NatMethods_TimeLapseSeq_SuppTable2
MPP5,RNA,K562,0.674467487616882,1.0276954683302302,0.602012781410595,0.746922193823169,0.21568234484356374,0.8059912885024263,Schofield2018_NatMethods_TimeLapseSeq_SuppTable2
MPP6,RNA,K562,2.08834088271441,0.33191285306783713,2.30509426101723,1.87158750441158,0.20833456619587382,0.8119353451453456,Schofield2018_NatMethods_TimeLapseSeq_SuppTable2
MPRIP,RNA,K562,2.58204449896092,0.2684489678000845,2.60266364396724,2.56142535395459,0.015971516620341554,0.984155351726591,Schofield2018_NatMethods_TimeLapseSeq_SuppTable2
MPZL1,RNA,K562,3.8438637929717694,0.18032563532228052,3.9284802601467,3.75924732579684,0.04403389078592446,0.9569215261008999,Schofield2018_NatMethods_TimeLapseSeq_SuppTable2
MRE11,RNA,K562,4.31821926322297,0.1605169025258352,5.16569395334341,3.4707445731025306,0.3976703051156824,0.6718835077049327,Schofield2018_NatMethods_TimeLapseSeq_SuppTable2
MRFAP1,RNA,K562,4.11416660620243,0.16847815047523146,4.31155285508045,3.91678035732441,0.09602815152557896,0.9084384417806995,Schofield2018_NatMethods_TimeLapseSeq_SuppTable2
MRFAP1L1,RNA,K562,0.7457881472318089,0.9294156566214486,0.747680243808414,0.743896050655205,0.005074096828144327,0.994938754655421,Schofield2018_NatMethods_TimeLapseSeq_SuppTable2
MRGBP,RNA,K562,1.43984276917246,0.4814047723824227,1.14453907331514,1.73514646502978,0.4160898278183171,0.6596210155063171,Schofield2018_NatMethods_TimeLapseSeq_SuppTable2
MRM2,RNA,K562,0.635559972020437,1.0906086145677791,0.661163553816547,0.609956390224327,0.08061377998185303,0.9225499298976355,Schofield2018_NatMethods_TimeLapseSeq_SuppTable2
MRM3,RNA,K562,0.74614278227215,0.9289739136109809,0.697544655488695,0.794740909055604,0.130449627126014,0.8777007041421739,Schofield2018_NatMethods_TimeLapseSeq_SuppTable2
MRPL10,RNA,K562,1.38190976418451,0.501586426642686,1.28186699679709,1.48195253157193,0.1450428899141828,0.8649851931744358,Schofield2018_NatMethods_TimeLapseSeq_SuppTable2
MRPL14,RNA,K562,1.82980862225178,0.3788085661695876,2.10130419561771,1.55831304888586,0.2989543402625666,0.7415932696159542,Schofield2018_NatMethods_TimeLapseSeq_SuppTable2
MRPL15,RNA,K562,3.03369796765926,0.22848259383407363,3.2507648528731,2.81663108244542,0.14334878882941557,0.8664518074741756,Schofield2018_NatMethods_TimeLapseSeq_SuppTable2
MRPL16,RNA,K562,4.1018126751776,0.16898557673161743,5.15926802782507,3.04435732253013,0.5275048953972719,0.5900754343661231,Schofield2018_NatMethods_TimeLapseSeq_SuppTable2
MRPL17,RNA,K562,0.4264791054341239,1.6252781712585267,0.3697448354551199,0.4832133754131269,0.2676451933158043,0.7651792236483598,Schofield2018_NatMethods_TimeLapseSeq_SuppTable2
MRPL18,RNA,K562,3.88604097488042,0.17836846936007272,4.03418252268126,3.73789942707959,0.07627988145886408,0.9265568441844445,Schofield2018_NatMethods_TimeLapseSeq_SuppTable2
MRPL19,RNA,K562,3.37618589765284,0.20530480298547202,3.68096040218387,3.07141139312181,0.18103650386051667,0.8344048991397947,Schofield2018_NatMethods_TimeLapseSeq_SuppTable2
MRPL2,RNA,K562,3.82579030258047,0.18117751516397074,4.90378597654326,2.74779462861769,0.5792089183396677,0.5603414671361014,Schofield2018_NatMethods_TimeLapseSeq_SuppTable2
MRPL20,RNA,K562,3.23146778726823,0.2144991769037276,3.46516408046892,2.99777149406754,0.14489080787297018,0.865116751891838,Schofield2018_NatMethods_TimeLapseSeq_SuppTable2
MRPL21,RNA,K562,4.89671611619081,0.1415534746374371,4.51480770371732,5.2786245286643,0.15630296242266675,0.8553000273462801,Schofield2018_NatMethods_TimeLapseSeq_SuppTable2
MRPL27,RNA,K562,2.14812613197712,0.32267527043301575,1.78162797014344,2.51462429381081,0.34459586994410596,0.7085066244402881,Schofield2018_NatMethods_TimeLapseSeq_SuppTable2
MRPL28,RNA,K562,4.63000664395116,0.1497075995485887,4.39602511382121,4.86398817408111,0.1011579639401265,0.9037902553395277,Schofield2018_NatMethods_TimeLapseSeq_SuppTable2
MRPL3,RNA,K562,4.54871414265482,0.15238310406452485,4.31808325385214,4.7793450314575,0.10149190184925372,0.9034884958986327,Schofield2018_NatMethods_TimeLapseSeq_SuppTable2
MRPL32,RNA,K562,1.79474797717009,0.3862086428718984,2.12513337943274,1.46436257490743,0.3724145218662785,0.6890685493342122,Schofield2018_NatMethods_TimeLapseSeq_SuppTable2
MRPL34,RNA,K562,1.71906257329838,0.4032123038022973,1.4792607523624,1.95886439423436,0.28082244329253164,0.7551624077278624,Schofield2018_NatMethods_TimeLapseSeq_SuppTable2
MRPL35,RNA,K562,1.98417188506294,0.34933827345202906,1.93383471291166,2.0345090572142106,0.05074961073542577,0.9505166399011264,Schofield2018_NatMethods_TimeLapseSeq_SuppTable2
MRPL36,RNA,K562,1.70244122260085,0.40714896429787567,1.62766364769124,1.77721879751045,0.08790402743843007,0.9158487688579995,Schofield2018_NatMethods_TimeLapseSeq_SuppTable2
MRPL37,RNA,K562,4.77155514845895,0.14526651353569878,4.34540277077004,5.19770752614785,0.17909921607199247,0.8360229483690332,Schofield2018_NatMethods_TimeLapseSeq_SuppTable2
MRPL4,RNA,K562,4.10534466284729,0.16884019186813132,4.81922632404628,3.3914630016483,0.3513520092919721,0.7037359886432533,Schofield2018_NatMethods_TimeLapseSeq_SuppTable2
MRPL40,RNA,K562,8.09969648809163,0.08557693261457724,8.08597778955369,8.11341518662958,0.003387463141738826,0.9966182678385417,Schofield2018_NatMethods_TimeLapseSeq_SuppTable2
MRPL42,RNA,K562,5.57047948854214,0.12443222921575645,5.25010986072012,5.89084911636416,0.11515114740788332,0.8912314264060619,Schofield2018_NatMethods_TimeLapseSeq_SuppTable2
MRPL44,RNA,K562,0.6298056215348609,1.100573187757071,0.618782923918201,0.64082831915152,0.03500706536997957,0.9655985939221475,Schofield2018_NatMethods_TimeLapseSeq_SuppTable2
MRPL49,RNA,K562,3.55857491379613,0.19478223652752236,4.42118607070378,2.69596375688849,0.4946522522114949,0.6097829210927865,Schofield2018_NatMethods_TimeLapseSeq_SuppTable2
MRPL50,RNA,K562,1.25080927292711,0.5541589717654243,1.32781101896454,1.17380752688968,0.12327897439740236,0.8840170100448813,Schofield2018_NatMethods_TimeLapseSeq_SuppTable2
MRPL58,RNA,K562,3.1517922893049106,0.21992159283847046,3.47386150080467,2.82972307780516,0.20508794516639692,0.8145756752679103,Schofield2018_NatMethods_TimeLapseSeq_SuppTable2
MRPL9,RNA,K562,4.92525564157226,0.1407332392473898,5.24992948857401,4.6005817945705,0.13203187318749038,0.8763130637436644,Schofield2018_NatMethods_TimeLapseSeq_SuppTable2
MRPS10,RNA,K562,2.77286355644796,0.2499752210843967,2.3026303343954,3.24309677850053,0.34247657600984677,0.7100097504521707,Schofield2018_NatMethods_TimeLapseSeq_SuppTable2
MRPS11,RNA,K562,2.52534780183671,0.2744759276547225,2.9605575517795,2.09013805189392,0.3481474953526858,0.7059947375917763,Schofield2018_NatMethods_TimeLapseSeq_SuppTable2
MRPS12,RNA,K562,2.5718933077818,0.26950852839139317,2.7245778225646,2.41920879299901,0.1188729469447921,0.8879206066214871,Schofield2018_NatMethods_TimeLapseSeq_SuppTable2
MRPS15,RNA,K562,7.2516421975462,0.09558485673693214,7.99254021233199,6.5107441827604,0.2050548697222717,0.814602618165715,Schofield2018_NatMethods_TimeLapseSeq_SuppTable2
MRPS16,RNA,K562,3.26678596422319,0.21218016366883988,3.56269293811605,2.97087899033034,0.1816588368275854,0.8338857830114709,Schofield2018_NatMethods_TimeLapseSeq_SuppTable2
MRPS18A,RNA,K562,1.60853868158214,0.43091732172593683,1.65133433907481,1.56574302408946,0.05322316434923007,0.9481683914879988,Schofield2018_NatMethods_TimeLapseSeq_SuppTable2
MRPS18B,RNA,K562,3.01730867989359,0.22972365577935835,3.41243065845185,2.62218670133532,0.26341625193437856,0.7684219735984181,Schofield2018_NatMethods_TimeLapseSeq_SuppTable2
MRPS18C,RNA,K562,3.87002407505324,0.1791066843816494,4.05936669673181,3.6806814533746706,0.09792906283484926,0.9067132211381598,Schofield2018_NatMethods_TimeLapseSeq_SuppTable2
MRPS2,RNA,K562,1.31260592400447,0.5280695202451218,1.32042644520492,1.30478540280402,0.011916164016576677,0.9881545522980854,Schofield2018_NatMethods_TimeLapseSeq_SuppTable2
MRPS21,RNA,K562,5.39106278747338,0.1285733830016848,4.97051244313379,5.81161313181298,0.15633523773527844,0.8552724227159971,Schofield2018_NatMethods_TimeLapseSeq_SuppTable2
MRPS22,RNA,K562,2.68595005662851,0.25806406148519595,3.01679220142647,2.35510791183056,0.24760753305850505,0.7806662688656391,Schofield2018_NatMethods_TimeLapseSeq_SuppTable2
MRPS23,RNA,K562,3.6183442717305105,0.19156474025298884,3.73767550918753,3.4990130342735,0.06598295807312574,0.9361468179012926,Schofield2018_NatMethods_TimeLapseSeq_SuppTable2
MRPS25,RNA,K562,3.17621844744964,0.21823032389869507,3.06108794371822,3.29134895118107,0.07252710636168153,0.930040536303444,Schofield2018_NatMethods_TimeLapseSeq_SuppTable2
MRPS26,RNA,K562,1.23470362178418,0.5613875008792223,1.15584015817048,1.31356708539787,0.1279189133989992,0.8799247263571501,Schofield2018_NatMethods_TimeLapseSeq_SuppTable2
MRPS27,RNA,K562,3.7428613260258095,0.18519178782825296,4.38959797354638,3.09612467850525,0.3490864193620497,0.7053321732796123,Schofield2018_NatMethods_TimeLapseSeq_SuppTable2
MRPS30,RNA,K562,0.892594099925185,0.7765536212014432,0.8931522985286379,0.892035901321733,0.0012507335109355068,0.9987500483302298,Schofield2018_NatMethods_TimeLapseSeq_SuppTable2
MRPS31,RNA,K562,1.99438065791688,0.34755009170813655,2.35026387933391,1.63849743649985,0.36074798631570226,0.6971546688468946,Schofield2018_NatMethods_TimeLapseSeq_SuppTable2
MRPS34,RNA,K562,3.4744225665935,0.199499965037224,3.42477859817885,3.52406653500815,0.028578761674236158,0.9718257485087265,Schofield2018_NatMethods_TimeLapseSeq_SuppTable2
MRPS35,RNA,K562,3.37623763506392,0.2053016568979815,3.3525425088477694,3.3999327612800694,0.014036639493367182,0.986061414810316,Schofield2018_NatMethods_TimeLapseSeq_SuppTable2
MRPS5,RNA,K562,3.7150788080975494,0.18657670977238253,3.92461472211048,3.50554289408463,0.11292278663009209,0.8932196259508266,Schofield2018_NatMethods_TimeLapseSeq_SuppTable2
MRPS7,RNA,K562,4.23896001869186,0.16351821614346104,4.33254049379395,4.14537954358977,0.04415973807983573,0.9568011076936789,Schofield2018_NatMethods_TimeLapseSeq_SuppTable2
MRPS9,RNA,K562,5.01256514375534,0.13828192964703293,4.56251446251918,5.4626158249915,0.18005387508588183,0.8352252123690722,Schofield2018_NatMethods_TimeLapseSeq_SuppTable2
MRRF,RNA,K562,1.66915053766936,0.4152694229292157,1.65980594172841,1.67849513361031,0.011196945223038282,0.9888655072584565,Schofield2018_NatMethods_TimeLapseSeq_SuppTable2
MRS2,RNA,K562,3.27979675474964,0.21133845551745356,3.42082786465904,3.13876564484024,0.086052971576444,0.9175456260945437,Schofield2018_NatMethods_TimeLapseSeq_SuppTable2
MRTO4,RNA,K562,3.39443669851547,0.204200944699628,3.6870828937304094,3.10179050330052,0.1728560752386523,0.8412586840873222,Schofield2018_NatMethods_TimeLapseSeq_SuppTable2
MSANTD4,RNA,K562,0.3650814149170459,1.8986098777924447,0.389411045207468,0.3407517846266239,0.13348114930680566,0.8750439640074419,Schofield2018_NatMethods_TimeLapseSeq_SuppTable2
MSH2,RNA,K562,3.43656560243509,0.20169764257338588,3.5953759106114,3.27775529425878,0.09248972394236267,0.9116585791724326,Schofield2018_NatMethods_TimeLapseSeq_SuppTable2
MSH3,RNA,K562,2.70826021185836,0.2559381766659416,2.48002789919262,2.9364925245241,0.1689460404796555,0.8445544739108585,Schofield2018_NatMethods_TimeLapseSeq_SuppTable2
MSH6,RNA,K562,1.41658540923476,0.4893084285926562,1.40218238448631,1.43098843398321,0.02033554912656675,0.9798698236737544,Schofield2018_NatMethods_TimeLapseSeq_SuppTable2
MSI2,RNA,K562,2.253752685558,0.3075524590615545,2.36511402778195,2.14239134333404,0.09890358018140383,0.9058300437815322,Schofield2018_NatMethods_TimeLapseSeq_SuppTable2
MSL1,RNA,K562,0.762616179473625,0.9089069957030956,0.7623202444193509,0.7629121145278989,0.000776104879738325,0.999224196211756,Schofield2018_NatMethods_TimeLapseSeq_SuppTable2
MSL2,RNA,K562,0.400123076013923,1.732334929205198,0.4052553374803469,0.3949908145475,0.025654821042116416,0.9746714676315776,Schofield2018_NatMethods_TimeLapseSeq_SuppTable2
MSMO1,RNA,K562,0.374906529117189,1.8488533186982188,0.3783500502087129,0.371463008025664,0.01837054127309013,0.9817971685764288,Schofield2018_NatMethods_TimeLapseSeq_SuppTable2
MSN,RNA,K562,9.873392616376368,0.0702035467940641,10.8253628465104,8.92142238624231,0.1934363984143788,0.8241222500101386,Schofield2018_NatMethods_TimeLapseSeq_SuppTable2
MTA1,RNA,K562,3.39955705357795,0.20389338070688504,3.6228127063182294,3.17630140083766,0.1315332764420266,0.8767500995285105,Schofield2018_NatMethods_TimeLapseSeq_SuppTable2
MTA2,RNA,K562,2.85393179283819,0.24287447313890476,2.75746669696857,2.95039688870781,0.06762730502993897,0.9346087326496137,Schofield2018_NatMethods_TimeLapseSeq_SuppTable2
MTATP6P1,RNA,K562,0.751107516201134,0.9228335033387312,0.7387683279815889,0.7634467044206789,0.032858940064035926,0.9676750501427385,Schofield2018_NatMethods_TimeLapseSeq_SuppTable2
MTCH1,RNA,K562,3.54746651639186,0.1953921699773921,3.97706986755686,3.11786316522687,0.243397449734082,0.7839598672029853,Schofield2018_NatMethods_TimeLapseSeq_SuppTable2
MTCL1,RNA,K562,1.1662355852152,0.5943457645669782,1.35979867666027,0.9726724937701368,0.3350445046547099,0.7153062511864378,Schofield2018_NatMethods_TimeLapseSeq_SuppTable2
MTCO1P12,RNA,K562,0.8613344661173369,0.8047363803801624,0.8794556470304389,0.843213285204235,0.04208319979034586,0.9587900061264265,Schofield2018_NatMethods_TimeLapseSeq_SuppTable2
MTDH,RNA,K562,4.46607650183785,0.15520271098685973,4.96565922461582,3.96649377905988,0.224663537638411,0.7987849346159588,Schofield2018_NatMethods_TimeLapseSeq_SuppTable2
MTERF2,RNA,K562,0.955956266826114,0.7250825216735851,1.12274122080037,0.789171312851862,0.3525450687332544,0.7028968904243887,Schofield2018_NatMethods_TimeLapseSeq_SuppTable2
MTERF4,RNA,K562,0.542455727787799,1.2777949333979466,0.501352292472372,0.5835591631032249,0.15183680752153217,0.8591284726064503,Schofield2018_NatMethods_TimeLapseSeq_SuppTable2
MTF1,RNA,K562,0.318575770397426,2.1757686709671553,0.2976119435882049,0.339539597206647,0.13180013891195855,0.8765161590477928,Schofield2018_NatMethods_TimeLapseSeq_SuppTable2
MTF2,RNA,K562,0.55402958745968,1.2511013784266345,0.5455654943106149,0.562493680608746,0.03055703857842254,0.9699051084808437,Schofield2018_NatMethods_TimeLapseSeq_SuppTable2
MTFR1,RNA,K562,1.15751753447401,0.5988221862011963,1.17550343508502,1.13953163386299,0.03107918072998093,0.9693988123314771,Schofield2018_NatMethods_TimeLapseSeq_SuppTable2
MTG2,RNA,K562,0.971293424084335,0.7136331446013795,0.866335968672804,1.07625087949587,0.21696608501203857,0.8049572689581513,Schofield2018_NatMethods_TimeLapseSeq_SuppTable2
MTHFD1,RNA,K562,8.76716909373154,0.07906168720477175,8.46361329985583,9.07072488760726,0.06927599595259269,0.9330691212362875,Schofield2018_NatMethods_TimeLapseSeq_SuppTable2
MTHFD1L,RNA,K562,2.68765229002617,0.2579006157649939,2.99901554954147,2.37628903051086,0.23274404472217586,0.7923563553627386,Schofield2018_NatMethods_TimeLapseSeq_SuppTable2
MTHFD2,RNA,K562,1.20207720785081,0.5766245096679113,1.31111384954497,1.09304056615666,0.18191371975607157,0.8336732668455957,Schofield2018_NatMethods_TimeLapseSeq_SuppTable2
MTHFD2L,RNA,K562,1.92344547807821,0.36036746996982516,2.2780347001588,1.56885625599761,0.37296624312788196,0.6886884804205335,Schofield2018_NatMethods_TimeLapseSeq_SuppTable2
MTHFR,RNA,K562,1.37111116801488,0.5055368205945667,1.25206476031288,1.49015757571687,0.1740878730506148,0.840223061450766,Schofield2018_NatMethods_TimeLapseSeq_SuppTable2
MTIF2,RNA,K562,4.92961759296433,0.14060871203259695,4.31082276298913,5.54841242293953,0.25238305473499567,0.7769470678074197,Schofield2018_NatMethods_TimeLapseSeq_SuppTable2
MTMR1,RNA,K562,2.11645169102974,0.3275043713483963,2.2068247083197,2.02607867373978,0.08545246167492207,0.9180967868002793,Schofield2018_NatMethods_TimeLapseSeq_SuppTable2
MTMR12,RNA,K562,1.36684333583377,0.5071153089663548,1.43394523844996,1.29974143321758,0.09826420631769367,0.906409393027136,Schofield2018_NatMethods_TimeLapseSeq_SuppTable2
MTMR14,RNA,K562,2.72675277799866,0.2542024294071466,2.57580751139019,2.87769804460714,0.11082760286733885,0.895093047103153,Schofield2018_NatMethods_TimeLapseSeq_SuppTable2
MTMR2,RNA,K562,3.5922088213118,0.19295848739295238,4.11251448743289,3.0719031551907,0.2917373490798441,0.7469647011768319,Schofield2018_NatMethods_TimeLapseSeq_SuppTable2
MTMR3,RNA,K562,0.5574706925096589,1.2433786921416243,0.552683295302552,0.562258089716765,0.01717584427262689,0.9829708196479017,Schofield2018_NatMethods_TimeLapseSeq_SuppTable2
MTMR4,RNA,K562,1.15292203775553,0.6012090651934635,0.940829927900945,1.36501414761011,0.3721576843572785,0.6892455507132772,Schofield2018_NatMethods_TimeLapseSeq_SuppTable2
MTND2P28,RNA,K562,0.484029651441772,1.4320345427088568,0.4719486545603769,0.4961106483231679,0.04992878618548325,0.9512971675886065,Schofield2018_NatMethods_TimeLapseSeq_SuppTable2
MTO1,RNA,K562,2.54463109655088,0.2723959404172462,2.90109550194405,2.1881666911577,0.28202435903399503,0.7542553113785428,Schofield2018_NatMethods_TimeLapseSeq_SuppTable2
MTOR,RNA,K562,2.83502250690926,0.2444944189581105,2.86062395412868,2.80942105968984,0.018061333277604282,0.9821007950503456,Schofield2018_NatMethods_TimeLapseSeq_SuppTable2
MTPAP,RNA,K562,0.4643425047902,1.4927497987140423,0.5448644138910619,0.383820595689339,0.350361737169925,0.70443322394345,Schofield2018_NatMethods_TimeLapseSeq_SuppTable2
MTPN,RNA,K562,4.35704413479838,0.15908656399047938,4.3826466812804,4.33144158831636,0.011752390093705142,0.9883163994983323,Schofield2018_NatMethods_TimeLapseSeq_SuppTable2
MTR,RNA,K562,2.96368628624996,0.23388007825787965,2.90358976014863,3.02378281235129,0.0405608146086546,0.9602507654611615,Schofield2018_NatMethods_TimeLapseSeq_SuppTable2
MTRF1L,RNA,K562,2.16397893114432,0.32031142752088004,2.73481208454489,1.59314577774375,0.540352187658191,0.5825430517683525,Schofield2018_NatMethods_TimeLapseSeq_SuppTable2
MTRNR2L12,RNA,K562,17.7791769535485,0.038986460530255417,20.1031165521138,15.4552373549833,0.26292692211155344,0.7687980773985122,Schofield2018_NatMethods_TimeLapseSeq_SuppTable2
MTRNR2L8,RNA,K562,9.69977686497682,0.07146011606336077,9.673596989626422,9.72595674032722,0.0053980497254632895,0.9946164935647208,Schofield2018_NatMethods_TimeLapseSeq_SuppTable2
MTRR,RNA,K562,1.01465763846015,0.6831340486549426,0.937193015368419,1.09212226155188,0.1529888572184339,0.8581392838167129,Schofield2018_NatMethods_TimeLapseSeq_SuppTable2
MTSS1L,RNA,K562,1.81117287748384,0.38270625028511657,1.83671801109793,1.78562774386976,0.028210258686088962,0.9721839351933889,Schofield2018_NatMethods_TimeLapseSeq_SuppTable2
MTX2,RNA,K562,2.89326743468571,0.23957245439885874,3.47128091082234,2.31525395854908,0.40500428157086027,0.66697395515611,Schofield2018_NatMethods_TimeLapseSeq_SuppTable2
MUL1,RNA,K562,0.3776693546105019,1.8353281040628835,0.357088344259037,0.3982503649619679,0.1090976511277587,0.8966428550370273,Schofield2018_NatMethods_TimeLapseSeq_SuppTable2
MUM1,RNA,K562,2.14795480770522,0.32270100752281333,2.47799788581425,1.81791172959619,0.30976248902521186,0.7336211786148634,Schofield2018_NatMethods_TimeLapseSeq_SuppTable2
MUS81,RNA,K562,1.38943180651301,0.4988709610006002,1.52815850119301,1.25070511183302,0.2003559347699155,0.8184393901919292,Schofield2018_NatMethods_TimeLapseSeq_SuppTable2
MVD,RNA,K562,3.01381263819862,0.22999013667095275,3.28548893388241,2.74213634251483,0.18077817553047734,0.8346204774077541,Schofield2018_NatMethods_TimeLapseSeq_SuppTable2
MXD1,RNA,K562,0.580954251205541,1.1931183550539344,0.570034401709098,0.5918741007019839,0.03759723165089678,0.9631007692903217,Schofield2018_NatMethods_TimeLapseSeq_SuppTable2
MYADM,RNA,K562,0.979082050062122,0.7079561723309764,0.968361783811849,0.989802316312396,0.021899481638188306,0.9783385710993021,Schofield2018_NatMethods_TimeLapseSeq_SuppTable2
MYB,RNA,K562,0.603132325759816,1.1492456148602714,0.616639196320754,0.5896254551988789,0.044796568286812145,0.9561919818216946,Schofield2018_NatMethods_TimeLapseSeq_SuppTable2
MYBBP1A,RNA,K562,3.35117405501899,0.20683711713565933,3.21813857591637,3.48420953412161,0.07943808861882148,0.9236352017295314,Schofield2018_NatMethods_TimeLapseSeq_SuppTable2
MYBL2,RNA,K562,5.58957040291221,0.12400723679923775,5.32680061125547,5.85234019456895,0.0940908171146258,0.9102000967405846,Schofield2018_NatMethods_TimeLapseSeq_SuppTable2
MYC,RNA,K562,0.3973009856149309,1.7446399723552468,0.361956205488197,0.432645765741664,0.17839607501362711,0.8366109971461589,Schofield2018_NatMethods_TimeLapseSeq_SuppTable2
MYCBP2,RNA,K562,1.80341113452581,0.38435338858113566,1.91351925175562,1.69330301729601,0.1222630172594247,0.884915589818307,Schofield2018_NatMethods_TimeLapseSeq_SuppTable2
MYD88,RNA,K562,1.23866267099418,0.5595931780228826,1.01338773703288,1.46393760495547,0.3678308818946707,0.6922342411333202,Schofield2018_NatMethods_TimeLapseSeq_SuppTable2
MYDGF,RNA,K562,2.79332683462766,0.24814395937034675,2.62093225980342,2.96572140945191,0.12359023243549658,0.8837418954627265,Schofield2018_NatMethods_TimeLapseSeq_SuppTable2
MYH10,RNA,K562,5.68810761800617,0.12185901306890382,6.02245115228254,5.35376408372979,0.11769446403057418,0.8889676227096813,Schofield2018_NatMethods_TimeLapseSeq_SuppTable2
MYH9,RNA,K562,4.9213358710933,0.14084533116939224,5.61601937668796,4.22665236549863,0.28421284020436843,0.7526064427490087,Schofield2018_NatMethods_TimeLapseSeq_SuppTable2
MYL12A,RNA,K562,5.51443842917912,0.12569678480626853,5.99656727078942,5.03230958756883,0.1753081427016617,0.8391983880648353,Schofield2018_NatMethods_TimeLapseSeq_SuppTable2
MYL12B,RNA,K562,6.73964641836255,0.10284622330801009,6.58028085270229,6.89901198402282,0.047300783421268366,0.9538004670728695,Schofield2018_NatMethods_TimeLapseSeq_SuppTable2
MYLIP,RNA,K562,0.4045849803435889,1.713230135165419,0.443621250304278,0.3655487103828999,0.1935716176798995,0.824010820338682,Schofield2018_NatMethods_TimeLapseSeq_SuppTable2
MYNN,RNA,K562,0.324601869129093,2.1353764302702865,0.3789775380668499,0.2702262001913359,0.3382175502674393,0.7130401489485354,Schofield2018_NatMethods_TimeLapseSeq_SuppTable2
MYO16,RNA,K562,1.88193816572244,0.36831559781554213,1.93678107746107,1.82709525398382,0.058299943728191916,0.9433669479975314,Schofield2018_NatMethods_TimeLapseSeq_SuppTable2
MYO18A,RNA,K562,2.27060646832059,0.30526962299751487,2.25711594003458,2.28409699660661,0.01188289315295556,0.9881874296003565,Schofield2018_NatMethods_TimeLapseSeq_SuppTable2
MYO18B,RNA,K562,0.9494493649875128,0.7300517606529355,0.905873088295719,0.993025641679308,0.09185726906095998,0.9122353444607885,Schofield2018_NatMethods_TimeLapseSeq_SuppTable2
MYO19,RNA,K562,1.27318799512911,0.5444185644317636,1.18801293347451,1.3583630567837,0.13399823243580247,0.874591610498786,Schofield2018_NatMethods_TimeLapseSeq_SuppTable2
MYO1D,RNA,K562,3.32382458860839,0.2085390375098435,3.0722178245392,3.57543135267758,0.15168610776179497,0.8592579528169287,Schofield2018_NatMethods_TimeLapseSeq_SuppTable2
MYO9A,RNA,K562,0.899224772028964,0.7708274973296877,0.93874825754545,0.859701286512479,0.087962359287248,0.9157953472641797,Schofield2018_NatMethods_TimeLapseSeq_SuppTable2
MYO9B,RNA,K562,2.48331484396704,0.2791217481922905,2.49557344615411,2.47105624177996,0.009872853448684273,0.9901757231741934,Schofield2018_NatMethods_TimeLapseSeq_SuppTable2
MYRF,RNA,K562,1.68390044673142,0.4116319239093957,1.92903287253671,1.43876802092613,0.29323156863019123,0.745849405372821,Schofield2018_NatMethods_TimeLapseSeq_SuppTable2
MYSM1,RNA,K562,0.6428000973116569,1.0783246353864162,0.618636067254491,0.666964127368824,0.07521909921549301,0.9275402407248088,Schofield2018_NatMethods_TimeLapseSeq_SuppTable2
N4BP1,RNA,K562,0.490301870201729,1.4137151471087759,0.4716485808582759,0.508955159545182,0.07612574126983312,0.9266996748392443,Schofield2018_NatMethods_TimeLapseSeq_SuppTable2
N4BP2L2,RNA,K562,0.9784435204585628,0.7084181826203837,0.947979781965384,1.00890725895174,0.06228992731856612,0.9396104285644055,Schofield2018_NatMethods_TimeLapseSeq_SuppTable2
NAA11,RNA,K562,0.660193626186037,1.0499149841301592,0.6694294158217289,0.650957836550344,0.027980858468406516,0.972406979982033,Schofield2018_NatMethods_TimeLapseSeq_SuppTable2
NAA15,RNA,K562,2.66043910688747,0.2605386376878513,2.88241730581115,2.43846090796379,0.16726221953470916,0.845977750358245,Schofield2018_NatMethods_TimeLapseSeq_SuppTable2
NAA16,RNA,K562,0.558948140248263,1.2400921134688385,0.629788243931891,0.488108036564636,0.2548468743875738,0.7750351666097832,Schofield2018_NatMethods_TimeLapseSeq_SuppTable2
NAA25,RNA,K562,1.36477181256462,0.5078850355631344,1.40523874986339,1.32430487526586,0.05931951774302652,0.9424056057339737,Schofield2018_NatMethods_TimeLapseSeq_SuppTable2
NAA35,RNA,K562,2.13094315911174,0.32527717954188695,2.16339096837966,2.09849534984381,0.030456295624819607,0.9700028245082045,Schofield2018_NatMethods_TimeLapseSeq_SuppTable2
NAA40,RNA,K562,1.11295501804597,0.6227989175851087,1.11792064458668,1.10798939150527,0.008923378590948116,0.9911163165923268,Schofield2018_NatMethods_TimeLapseSeq_SuppTable2
NAA50,RNA,K562,2.71349558521839,0.25544437379438695,2.94623646101725,2.48075470941952,0.1719657477346623,0.8420080133564661,Schofield2018_NatMethods_TimeLapseSeq_SuppTable2
NAB1,RNA,K562,0.648152615487482,1.069419707638798,0.691108956992867,0.6051962739820959,0.13274466627756587,0.8756886564101384,Schofield2018_NatMethods_TimeLapseSeq_SuppTable2
NABP1,RNA,K562,0.427034677991772,1.623163682677079,0.402038533583085,0.45203082240046,0.11720242994923508,0.8894051327033488,Schofield2018_NatMethods_TimeLapseSeq_SuppTable2
NACA,RNA,K562,6.29826688941002,0.1100536374102233,6.28591685019987,6.31061692862016,0.003921731249437943,0.996085948695718,Schofield2018_NatMethods_TimeLapseSeq_SuppTable2
NACC1,RNA,K562,0.5646687826582109,1.2275287776613308,0.542217308896177,0.587120256420246,0.07956280497124434,0.9235200164990925,Schofield2018_NatMethods_TimeLapseSeq_SuppTable2
NACC2,RNA,K562,0.603384760995198,1.1487648103951065,0.5787149238839349,0.628054598106461,0.08181710546537657,0.9214404697118982,Schofield2018_NatMethods_TimeLapseSeq_SuppTable2
NADK,RNA,K562,2.46846123912735,0.28080132252957174,2.47391661949696,2.46300585875774,0.0044200728494076065,0.995589681295953,Schofield2018_NatMethods_TimeLapseSeq_SuppTable2
NAE1,RNA,K562,8.19533473478672,0.08457826348663282,9.409509546947888,6.98115992262555,0.2985057508347834,0.7419260151439021,Schofield2018_NatMethods_TimeLapseSeq_SuppTable2
NAF1,RNA,K562,1.31749496507218,0.5261099275031922,1.5206002796026,1.11438965054175,0.3107983212711814,0.7328616635747229,Schofield2018_NatMethods_TimeLapseSeq_SuppTable2
NAMPT,RNA,K562,2.5382321225919906,0.2730826603250603,2.83142967363333,2.24503457155065,0.23206084869153604,0.7928978750405588,Schofield2018_NatMethods_TimeLapseSeq_SuppTable2
NANS,RNA,K562,6.17256462648041,0.1122948437973953,6.21428711981262,6.1308421331482,0.013518895723420358,0.9865720741485572,Schofield2018_NatMethods_TimeLapseSeq_SuppTable2
NAP1L1,RNA,K562,12.71942240708,0.05449517740476324,12.4350737732759,13.003771040884,0.04471838551450369,0.9562667424841524,Schofield2018_NatMethods_TimeLapseSeq_SuppTable2
NAP1L4,RNA,K562,3.30041470839434,0.21001820734739216,3.61289893283153,2.98793048395715,0.18992947664975915,0.827017455928507,Schofield2018_NatMethods_TimeLapseSeq_SuppTable2
NAPA,RNA,K562,2.56418091290149,0.2703191405381834,2.4881601889074,2.64020163689558,0.05931173444014892,0.9424129407907821,Schofield2018_NatMethods_TimeLapseSeq_SuppTable2
NAPG,RNA,K562,1.40515265200838,0.4932895935322275,1.62911175988608,1.18119354413067,0.3215095283485766,0.7250537214299332,Schofield2018_NatMethods_TimeLapseSeq_SuppTable2
NARF,RNA,K562,5.07530910709105,0.13657240690847847,4.52430650983107,5.62631170435103,0.21798980487924674,0.804133639864329,Schofield2018_NatMethods_TimeLapseSeq_SuppTable2
NARS,RNA,K562,4.20322340864393,0.16490847931958316,4.88830186195348,3.51814495533437,0.3289111263107486,0.7197069769190638,Schofield2018_NatMethods_TimeLapseSeq_SuppTable2
NASP,RNA,K562,4.18035359825283,0.16581065794282204,4.34440966248919,4.01629753401647,0.07852941674578919,0.9244748644894772,Schofield2018_NatMethods_TimeLapseSeq_SuppTable2
NAT10,RNA,K562,3.32520005507813,0.20845277549583668,3.4829759835495,3.16742412660676,0.09496841681451232,0.9094016558158516,Schofield2018_NatMethods_TimeLapseSeq_SuppTable2
NBAS,RNA,K562,3.31830272694873,0.20888605940944785,3.52705782137921,3.1095476325182494,0.12598678521665085,0.8816264972095924,Schofield2018_NatMethods_TimeLapseSeq_SuppTable2
NBEAL2,RNA,K562,1.59737769066349,0.4339281715347097,1.79041366277089,1.40434171855609,0.24287802439980946,0.7843671815946125,Schofield2018_NatMethods_TimeLapseSeq_SuppTable2
NBN,RNA,K562,2.09629705883692,0.330653128399904,1.85734346821574,2.3352506494581,0.22897200596224532,0.7953507982737272,Schofield2018_NatMethods_TimeLapseSeq_SuppTable2
NBPF1,RNA,K562,1.13850220617761,0.608823748253512,1.26436332719717,1.01264108515805,0.22200684316668973,0.8009098835560696,Schofield2018_NatMethods_TimeLapseSeq_SuppTable2
NBR2,RNA,K562,0.981533924842814,0.7061876956223883,0.977345640877874,0.9857222088077549,0.008534212173956413,0.9915021008403448,Schofield2018_NatMethods_TimeLapseSeq_SuppTable2
NCAM2,RNA,K562,1.75692188273631,0.3945236196161473,1.93606409923508,1.57777966623755,0.20463851323391716,0.8149418538678112,Schofield2018_NatMethods_TimeLapseSeq_SuppTable2
NCAPD2,RNA,K562,5.61157270444876,0.12352101934105386,5.41448087886863,5.8086645300289,0.070273678692284,0.9321386784995984,Schofield2018_NatMethods_TimeLapseSeq_SuppTable2
NCAPD3,RNA,K562,2.29520743565982,0.30199761894753585,2.28361334797696,2.30680152334268,0.010102952891842066,0.9899479105024523,Schofield2018_NatMethods_TimeLapseSeq_SuppTable2
NCAPG,RNA,K562,4.0391722439696,0.1716062447187786,3.8111681627676495,4.26717632517155,0.11301657978977249,0.8931358519885938,Schofield2018_NatMethods_TimeLapseSeq_SuppTable2
NCAPG2,RNA,K562,2.58376210108019,0.2682705115421277,2.67744133609337,2.490082866067,0.07254562367610493,0.930023314609857,Schofield2018_NatMethods_TimeLapseSeq_SuppTable2
NCAPH,RNA,K562,1.58635295340271,0.43694385859915474,1.50491799743263,1.66778790937279,0.10275973323711397,0.9023437506502785,Schofield2018_NatMethods_TimeLapseSeq_SuppTable2
NCBP1,RNA,K562,5.15282404877888,0.13451792143459812,5.94001275847693,4.36563533908084,0.30794754951020864,0.734953865688367,Schofield2018_NatMethods_TimeLapseSeq_SuppTable2
NCBP2,RNA,K562,2.23848007260356,0.3096508157670355,2.28616114679019,2.19079899841694,0.04260773904673833,0.9582872150079444,Schofield2018_NatMethods_TimeLapseSeq_SuppTable2
NCBP2-AS2,RNA,K562,0.772196501864936,0.8976305627983573,0.8253379098323979,0.719055093897475,0.13785490964006553,0.8712250889378075,Schofield2018_NatMethods_TimeLapseSeq_SuppTable2
NCBP3,RNA,K562,1.36464791425094,0.5079311471636376,1.26431640103678,1.46497942746511,0.14730961800804238,0.863026727429516,Schofield2018_NatMethods_TimeLapseSeq_SuppTable2
NCDN,RNA,K562,2.45262682117684,0.28261420554283656,2.89863351807915,2.00662012427452,0.36778764877964015,0.6922641692228328,Schofield2018_NatMethods_TimeLapseSeq_SuppTable2
NCKAP1,RNA,K562,1.87118327939158,0.3704325429764015,1.85485006985212,1.88751648893104,0.01745807004506132,0.9826934390928579,Schofield2018_NatMethods_TimeLapseSeq_SuppTable2
NCKAP5L,RNA,K562,0.671707163387328,1.031918696630386,0.598987240792037,0.7444270859826189,0.21737461339363934,0.804628488230508,Schofield2018_NatMethods_TimeLapseSeq_SuppTable2
NCL,RNA,K562,4.00049771611854,0.17326523591481197,4.22115801070246,3.77983742153462,0.11042850199291074,0.8954503508163159,Schofield2018_NatMethods_TimeLapseSeq_SuppTable2
NCLN,RNA,K562,2.26757503567882,0.30567772605260013,2.40590901262638,2.12924105873126,0.12216219420102203,0.8850048142123633,Schofield2018_NatMethods_TimeLapseSeq_SuppTable2
NCOA1,RNA,K562,0.899925400808323,0.7702273765551598,0.89164067572521,0.908210125891436,0.018412546490920632,0.9817559288386456,Schofield2018_NatMethods_TimeLapseSeq_SuppTable2
NCOA2,RNA,K562,0.499431643436413,1.3878719734109037,0.5468523378181959,0.452010949054631,0.1904724137240487,0.82656855936292,Schofield2018_NatMethods_TimeLapseSeq_SuppTable2
NCOA3,RNA,K562,0.6721114851819209,1.0312979257783859,0.679547991859155,0.664674978504687,0.022129692244772323,0.9781133731058828,Schofield2018_NatMethods_TimeLapseSeq_SuppTable2
NCOA4,RNA,K562,2.10859493395385,0.32872467319278686,2.10186282018759,2.1153270477201,0.006385424276834764,0.9936349192211097,Schofield2018_NatMethods_TimeLapseSeq_SuppTable2
NCOA5,RNA,K562,1.04444389134612,0.6636519073002477,0.992488534138764,1.09639924855348,0.0995712190625551,0.9052254782627687,Schofield2018_NatMethods_TimeLapseSeq_SuppTable2
NCOA6,RNA,K562,0.544480060630935,1.2730441951478206,0.532631648984068,0.556328472277803,0.04352880212149655,0.9574049783993404,Schofield2018_NatMethods_TimeLapseSeq_SuppTable2
NCOA7,RNA,K562,0.48998262218997,1.4146362527347078,0.529527676114638,0.450437568265302,0.16176594783156867,0.8506402754438586,Schofield2018_NatMethods_TimeLapseSeq_SuppTable2
NCOR1,RNA,K562,3.6405332111959505,0.19039715897338008,3.6674569792493,3.6136094431426,0.014791382122326247,0.9853174730033992,Schofield2018_NatMethods_TimeLapseSeq_SuppTable2
NCOR2,RNA,K562,3.00523444303796,0.23064662464711075,3.11712191174125,2.89334697433466,0.07449615727914227,0.9282110409080574,Schofield2018_NatMethods_TimeLapseSeq_SuppTable2
NCR3LG1,RNA,K562,2.20412343752137,0.3144774783300788,2.16535371263116,2.24289316241158,0.035182897075435544,0.9654288260003213,Schofield2018_NatMethods_TimeLapseSeq_SuppTable2
NCSTN,RNA,K562,2.10009153116722,0.33005570008403284,2.00172427215607,2.19845879017837,0.09374761973345348,0.9105125286399669,Schofield2018_NatMethods_TimeLapseSeq_SuppTable2
NDC1,RNA,K562,3.23510009054902,0.2142583416769381,2.89908609968681,3.57111408141123,0.2084820654437978,0.8118155941243836,Schofield2018_NatMethods_TimeLapseSeq_SuppTable2
NDC80,RNA,K562,2.41355086291274,0.28718979625042423,2.55729086498601,2.26981086083946,0.11925193547272185,0.8875841586568516,Schofield2018_NatMethods_TimeLapseSeq_SuppTable2
NDE1,RNA,K562,0.8766169366862429,0.7907070369643512,0.914369302277664,0.838864571094822,0.08618526409189194,0.9174242497044005,Schofield2018_NatMethods_TimeLapseSeq_SuppTable2
NDEL1,RNA,K562,0.878922458133582,0.7886329153903564,0.8125848538173809,0.945260062449784,0.1512397437747454,0.8596415802350146,Schofield2018_NatMethods_TimeLapseSeq_SuppTable2
NDFIP1,RNA,K562,5.05918874859566,0.13700757473267833,5.66870208854247,4.44967540864884,0.2421290313487032,0.7849548872293862,Schofield2018_NatMethods_TimeLapseSeq_SuppTable2
NDOR1,RNA,K562,1.27933217648906,0.5418039140250395,1.49158835789129,1.06707599508683,0.3349193712575791,0.7153957654881351,Schofield2018_NatMethods_TimeLapseSeq_SuppTable2
NDST1,RNA,K562,1.92676169066086,0.3597472297273062,2.21367855117393,1.63984483014778,0.30005401297760576,0.740778207964367,Schofield2018_NatMethods_TimeLapseSeq_SuppTable2
NDUFA10,RNA,K562,2.60640818218978,0.265939611951953,3.07371137367204,2.13910499070752,0.36249823504307577,0.6959355419738117,Schofield2018_NatMethods_TimeLapseSeq_SuppTable2
NDUFA5,RNA,K562,8.41573689482355,0.08236321895784247,7.42730738422299,9.40416640542411,0.23598943046494214,0.7897890215914393,Schofield2018_NatMethods_TimeLapseSeq_SuppTable2
NDUFA6,RNA,K562,5.58181082206219,0.12417962604900022,6.75282507665677,4.41079656746762,0.42590564650907525,0.6531779688348368,Schofield2018_NatMethods_TimeLapseSeq_SuppTable2
NDUFAB1,RNA,K562,6.20577489609872,0.11169389675988642,6.24123714347766,6.17031264871978,0.011428913867684546,0.9886361480700988,Schofield2018_NatMethods_TimeLapseSeq_SuppTable2
NDUFAF4,RNA,K562,1.15259560761313,0.6013793354595195,1.18592773825914,1.11926347696712,0.05785451062807761,0.9437872484626435,Schofield2018_NatMethods_TimeLapseSeq_SuppTable2
NDUFAF5,RNA,K562,1.10268989331023,0.6285966569251358,1.23720141946914,0.968178367151317,0.2451908542459664,0.7825551700116414,Schofield2018_NatMethods_TimeLapseSeq_SuppTable2
NDUFB10,RNA,K562,7.63725837187388,0.09075863965957125,8.47406677713969,6.80044996660806,0.22002175085882952,0.8025013426792303,Schofield2018_NatMethods_TimeLapseSeq_SuppTable2
NDUFB9,RNA,K562,7.46696098239312,0.0928285526326395,7.10972912189804,7.8241928428882,0.09575643513371346,0.9086853129342828,Schofield2018_NatMethods_TimeLapseSeq_SuppTable2
NDUFS1,RNA,K562,4.79843414903543,0.14445278585291832,4.88193785552562,4.71493044254524,0.03480807898304409,0.9657907540155694,Schofield2018_NatMethods_TimeLapseSeq_SuppTable2
NDUFS2,RNA,K562,5.88460990517179,0.11778982663757559,6.65401492602991,5.11520488431367,0.2630029665745905,0.7687396167843638,Schofield2018_NatMethods_TimeLapseSeq_SuppTable2
NDUFS5,RNA,K562,14.5736883462847,0.0475615481880845,18.3070476077879,10.8403290847816,0.5240127469638446,0.5921396675764407,Schofield2018_NatMethods_TimeLapseSeq_SuppTable2
NDUFS6,RNA,K562,5.69039427663715,0.12181004458790758,5.66462101515854,5.71616753811575,0.009058577127300748,0.9909823281746913,Schofield2018_NatMethods_TimeLapseSeq_SuppTable2
NDUFS7,RNA,K562,3.74356374483209,0.1851570396034581,4.7195575072864,2.76756998237777,0.5337453742468866,0.5864045470587003,Schofield2018_NatMethods_TimeLapseSeq_SuppTable2
NDUFV1,RNA,K562,7.40031568285431,0.09366454219863735,7.93802480172264,6.86260656398597,0.14557714362088256,0.8645231950518356,Schofield2018_NatMethods_TimeLapseSeq_SuppTable2
NDUFV3,RNA,K562,1.21839745542649,0.5689007125489398,1.06708417905316,1.36971073179981,0.24966971045826689,0.779058055309973,Schofield2018_NatMethods_TimeLapseSeq_SuppTable2
NEAT1,RNA,K562,1.3962454106404,0.4964364969636873,1.60217509505025,1.19031572623055,0.2971435523643201,0.7429373542928636,Schofield2018_NatMethods_TimeLapseSeq_SuppTable2
NECAP2,RNA,K562,2.28254127986392,0.30367344795677437,1.96765580980089,2.59742674992695,0.27767835343242375,0.7575404426154572,Schofield2018_NatMethods_TimeLapseSeq_SuppTable2
NECTIN2,RNA,K562,2.46921335729777,0.28071579092642845,2.94292698585517,1.99549972874037,0.38851014994520755,0.6780663395087623,Schofield2018_NatMethods_TimeLapseSeq_SuppTable2
NEDD4L,RNA,K562,1.10227965862636,0.6288306013228369,1.09067641870188,1.11388289855084,0.021053946597361005,0.9791661404631029,Schofield2018_NatMethods_TimeLapseSeq_SuppTable2
NEFH,RNA,K562,1.23670638257762,0.5604783724939182,1.15923617801273,1.31417658714251,0.12544897902726193,0.8821007689182199,Schofield2018_NatMethods_TimeLapseSeq_SuppTable2
NEK1,RNA,K562,1.93207874217295,0.35875721078551065,2.07676843742332,1.78738904692258,0.15005712770756668,0.860658807555946,Schofield2018_NatMethods_TimeLapseSeq_SuppTable2
NEK2,RNA,K562,2.02259977775149,0.3427011058660909,1.96389410961201,2.08130544589097,0.058066022257488636,0.9435876475936005,Schofield2018_NatMethods_TimeLapseSeq_SuppTable2
NEK6,RNA,K562,1.52346001887182,0.4549821931482305,1.65531627360726,1.39160376413638,0.173535223258663,0.8406875388857269,Schofield2018_NatMethods_TimeLapseSeq_SuppTable2
NEK7,RNA,K562,0.613071229725588,1.1306144326332186,0.8019122157780298,0.4242302436731449,0.6367228098629626,0.5290232962239501,Schofield2018_NatMethods_TimeLapseSeq_SuppTable2
NELFA,RNA,K562,0.942045101563991,0.7357898039161571,0.9745734795840008,0.909516723543982,0.06908653303569225,0.9332459199815408,Schofield2018_NatMethods_TimeLapseSeq_SuppTable2
NELFB,RNA,K562,2.77360394997589,0.24990849200585058,2.4748232976728106,3.07238460227897,0.21628500491116054,0.8055056960762944,Schofield2018_NatMethods_TimeLapseSeq_SuppTable2
NELFCD,RNA,K562,5.80186312541927,0.11946975748585162,6.80347693021133,4.80024932062721,0.34876593641009496,0.7055582564425782,Schofield2018_NatMethods_TimeLapseSeq_SuppTable2
NELFE,RNA,K562,4.63310522510343,0.1496074763863088,4.92866512174146,4.3375453284654,0.1277595894246854,0.8800649306303048,Schofield2018_NatMethods_TimeLapseSeq_SuppTable2
NEMF,RNA,K562,3.6775973579888,0.18847826803394616,3.56408478365422,3.7911099323233906,0.06175153612286979,0.9401164427510975,Schofield2018_NatMethods_TimeLapseSeq_SuppTable2
NEMP1,RNA,K562,1.95089368122166,0.3552972605487619,1.98923768300682,1.9125496794365,0.039314228921817844,0.9614485467345448,Schofield2018_NatMethods_TimeLapseSeq_SuppTable2
NEPRO,RNA,K562,1.0338610790442,0.6704451832162565,1.19695372457175,0.870768433516645,0.3181589665825756,0.727487133078759,Schofield2018_NatMethods_TimeLapseSeq_SuppTable2
NET1,RNA,K562,0.4798958699199369,1.4443699644166266,0.4966052016302969,0.463186538209577,0.06966548425712399,0.9327057724908835,Schofield2018_NatMethods_TimeLapseSeq_SuppTable2
NETO2,RNA,K562,0.906055252147233,0.7650164588939545,0.918658962589056,0.8934515417054109,0.02782285839156325,0.9725606324978281,Schofield2018_NatMethods_TimeLapseSeq_SuppTable2
NEU1,RNA,K562,2.2112491135115,0.3134640852197861,2.56152483938015,1.86097338764285,0.3195030440238618,0.7265099908588735,Schofield2018_NatMethods_TimeLapseSeq_SuppTable2
NEU3,RNA,K562,0.50654130644113,1.368392215493491,0.4726717628596809,0.540410850022579,0.13392848349005743,0.8746526144690323,Schofield2018_NatMethods_TimeLapseSeq_SuppTable2
NF1,RNA,K562,1.97133156268373,0.3516136979089956,1.8175147294547,2.12514839591276,0.15637159867698158,0.8552413247706732,Schofield2018_NatMethods_TimeLapseSeq_SuppTable2
NF2,RNA,K562,1.36195241427662,0.5089364160554022,1.36490284526024,1.35900198329301,0.004332655925597007,0.9956767164873885,Schofield2018_NatMethods_TimeLapseSeq_SuppTable2
NFAT5,RNA,K562,0.8036660959946859,0.8624815505026961,0.896474911345004,0.710857280644368,0.23199862834307325,0.7929472109574722,Schofield2018_NatMethods_TimeLapseSeq_SuppTable2
NFATC1,RNA,K562,0.7583042224667559,0.9140753275844153,0.7139492489314458,0.802659196002065,0.11711833052555173,0.889479934307772,Schofield2018_NatMethods_TimeLapseSeq_SuppTable2
NFATC2,RNA,K562,0.4097684608990049,1.691558152228764,0.3904082082303539,0.4291287135676559,0.09456402605564583,0.9097694838096696,Schofield2018_NatMethods_TimeLapseSeq_SuppTable2
NFATC2IP,RNA,K562,1.36279560992333,0.5086215243964143,1.51125462094811,1.21433659889856,0.21874226210326578,0.8035287912878151,Schofield2018_NatMethods_TimeLapseSeq_SuppTable2
NFATC3,RNA,K562,1.03934085523337,0.6669103567609765,1.07659248486882,1.00208922559792,0.0717139004890381,0.9307971583324046,Schofield2018_NatMethods_TimeLapseSeq_SuppTable2
NFE2,RNA,K562,0.39843523974631,1.7396733808015652,0.401520085527442,0.395350393965178,0.015485113342160973,0.9846341645545342,Schofield2018_NatMethods_TimeLapseSeq_SuppTable2
NFE2L1,RNA,K562,0.8853597363558549,0.7828989190461073,0.966045109673217,0.804674363038493,0.18277285289201617,0.8329573381005876,Schofield2018_NatMethods_TimeLapseSeq_SuppTable2
NFE2L2,RNA,K562,0.335614908595855,2.0653050946393683,0.3454648908484039,0.325764926343306,0.05871498323694118,0.9429754946827792,Schofield2018_NatMethods_TimeLapseSeq_SuppTable2
NFIA,RNA,K562,0.5479209140811159,1.2650496864540741,0.476778866823237,0.6190629613389939,0.2611541902835839,0.770162158937751,Schofield2018_NatMethods_TimeLapseSeq_SuppTable2
NFIC,RNA,K562,0.499675452597583,1.3871947820462096,0.515154813041721,0.484196092153444,0.06197748959498252,0.9399040441736694,Schofield2018_NatMethods_TimeLapseSeq_SuppTable2
NFIX,RNA,K562,1.1125817874811,0.6230078438810686,1.07883495891337,1.14632861604882,0.060682610537793995,0.9411218945505452,Schofield2018_NatMethods_TimeLapseSeq_SuppTable2
NFKB1,RNA,K562,0.8204705227168149,0.8448166769779063,0.71939767402936,0.921543371404271,0.24763554404766122,0.7806444019375058,Schofield2018_NatMethods_TimeLapseSeq_SuppTable2
NFRKB,RNA,K562,1.25940841474064,0.5503752177983428,1.29224525782233,1.22657157165895,0.05215827797766561,0.9491786208803333,Schofield2018_NatMethods_TimeLapseSeq_SuppTable2
NFX1,RNA,K562,0.655371024677419,1.0576408697670454,0.639686999931106,0.671055049423733,0.047872180360510844,0.953255624080969,Schofield2018_NatMethods_TimeLapseSeq_SuppTable2
NFYA,RNA,K562,0.3658033947262829,1.8948626244395614,0.3820784477450079,0.3495283417075589,0.08904129757268334,0.9148077934530023,Schofield2018_NatMethods_TimeLapseSeq_SuppTable2
NFYB,RNA,K562,1.02848344946894,0.6739507387482545,0.996804170607262,1.06016272833063,0.06162336059610113,0.9402369503942714,Schofield2018_NatMethods_TimeLapseSeq_SuppTable2
NFYC,RNA,K562,1.43208576496301,0.4840123388684398,1.55441776151671,1.3097537684093,0.17126188912257434,0.8426008765695772,Schofield2018_NatMethods_TimeLapseSeq_SuppTable2
NGDN,RNA,K562,0.4990071520130959,1.3890525972696968,0.4991049173669029,0.498909386659289,0.0003918394943375485,0.999608237264731,Schofield2018_NatMethods_TimeLapseSeq_SuppTable2
NGLY1,RNA,K562,2.50767803703601,0.2764099578665296,2.39415831423673,2.62119775983529,0.0905996390109822,0.9133833207560705,Schofield2018_NatMethods_TimeLapseSeq_SuppTable2
NHLRC2,RNA,K562,0.650318677537651,1.0658577163806195,0.712363659281385,0.5882736957939179,0.19139622979868418,0.825805314644144,Schofield2018_NatMethods_TimeLapseSeq_SuppTable2
NIFK,RNA,K562,1.08187675908983,0.6406895930947641,1.07828210476992,1.08547141340974,0.00664524404985502,0.9933767867573439,Schofield2018_NatMethods_TimeLapseSeq_SuppTable2
NIP7,RNA,K562,0.77188439367187,0.8979935159235826,0.824302039576149,0.719466747767591,0.13602670612000467,0.8728193225598911,Schofield2018_NatMethods_TimeLapseSeq_SuppTable2
NIPA1,RNA,K562,0.564805338462651,1.2272319919047314,0.6180012157343429,0.5116094611909578,0.18892886179323362,0.8278453960370216,Schofield2018_NatMethods_TimeLapseSeq_SuppTable2
NIPA2,RNA,K562,3.42041078514551,0.2026502733444216,3.32404442227562,3.51677714801539,0.056362746251670225,0.9451962073148326,Schofield2018_NatMethods_TimeLapseSeq_SuppTable2
NIPBL,RNA,K562,1.37059117202896,0.5057286189388205,1.31337679814727,1.42780554591064,0.08353715318351786,0.919856910423759,Schofield2018_NatMethods_TimeLapseSeq_SuppTable2
NISCH,RNA,K562,1.24791594303592,0.5554438056730507,1.41907343095125,1.07675845512059,0.27604904785236783,0.7587757135293587,Schofield2018_NatMethods_TimeLapseSeq_SuppTable2
NKIRAS2,RNA,K562,1.56686789789184,0.44237754918110705,1.89508162756417,1.23865416821951,0.42523647084844646,0.6536152059115288,Schofield2018_NatMethods_TimeLapseSeq_SuppTable2
NKRF,RNA,K562,0.392278750706258,1.7669761089837375,0.3827337599519399,0.4018237414605759,0.04867393466415747,0.9524916535811287,Schofield2018_NatMethods_TimeLapseSeq_SuppTable2
NKTR,RNA,K562,0.8124814321993489,0.8531237183890205,0.886394122514926,0.7385687418837719,0.18244750447526634,0.8332283835414704,Schofield2018_NatMethods_TimeLapseSeq_SuppTable2
NLE1,RNA,K562,0.985351904306688,0.7034514040419464,1.0481723119096,0.922531496703774,0.12768175302645887,0.8801334343807184,Schofield2018_NatMethods_TimeLapseSeq_SuppTable2
NLK,RNA,K562,1.63189060464264,0.42475100879187566,1.68520324947267,1.57857795981261,0.06536176302467953,0.936728528328304,Schofield2018_NatMethods_TimeLapseSeq_SuppTable2
NLN,RNA,K562,3.2316310433586,0.21448834079758214,3.2470187577144,3.2162433290028,0.009523259583157294,0.9905219430474547,Schofield2018_NatMethods_TimeLapseSeq_SuppTable2
NLRP1,RNA,K562,0.7308202810548439,0.9484509372940193,0.815292946558974,0.6463476155507129,0.2322100286631974,0.792779599380429,Schofield2018_NatMethods_TimeLapseSeq_SuppTable2
NMD3,RNA,K562,1.42599290907899,0.48608038381314966,1.67978824072562,1.17219757743236,0.35978747990992493,0.6978246120630089,Schofield2018_NatMethods_TimeLapseSeq_SuppTable2
NMRAL1,RNA,K562,2.38233110193945,0.29095333557776915,2.42913144252937,2.33553076134952,0.03929459032248862,0.9614674284227341,Schofield2018_NatMethods_TimeLapseSeq_SuppTable2
NMT1,RNA,K562,2.21505277263802,0.31292580886659455,2.23629410160084,2.1938114436752,0.01917966052372454,0.981003098878976,Schofield2018_NatMethods_TimeLapseSeq_SuppTable2
NMU,RNA,K562,9.87796635550612,0.07017104084117225,9.11430918825541,10.6416235227568,0.1549274421925606,0.8564773193455609,Schofield2018_NatMethods_TimeLapseSeq_SuppTable2
NNT-AS1,RNA,K562,0.71971654051971,0.9630835774031553,0.716583298947007,0.722849782092412,0.008706931661847503,0.9913308638936493,Schofield2018_NatMethods_TimeLapseSeq_SuppTable2
NOA1,RNA,K562,0.992729404247342,0.6982236827018022,1.01905512430232,0.966403684192359,0.0530494887705415,0.9483330794828121,Schofield2018_NatMethods_TimeLapseSeq_SuppTable2
NOB1,RNA,K562,0.7960017810398708,0.8707859669037931,0.848136638991215,0.7438669230885269,0.131179601679564,0.8770602387526756,Schofield2018_NatMethods_TimeLapseSeq_SuppTable2
NOC2L,RNA,K562,6.67530134716273,0.10383758642665032,7.39857629912827,5.95202639519718,0.2175558574928108,0.8044826672799835,Schofield2018_NatMethods_TimeLapseSeq_SuppTable2
NOC3L,RNA,K562,1.59487655795354,0.4346086705602812,1.91188810876455,1.27786500714254,0.4029005702338689,0.6683785527429679,Schofield2018_NatMethods_TimeLapseSeq_SuppTable2
NOCT,RNA,K562,0.322300327027904,2.1506251233183957,0.327041660479144,0.317558993576665,0.02942395724566488,0.9710047127066744,Schofield2018_NatMethods_TimeLapseSeq_SuppTable2
NOL10,RNA,K562,3.86526967823176,0.17932699093767718,4.22362445375788,3.50691490270565,0.18595692884272388,0.8303093565966659,Schofield2018_NatMethods_TimeLapseSeq_SuppTable2
NOL11,RNA,K562,2.14914988523274,0.3225215632109724,2.13544335463613,2.1628564158293506,0.012755477438327422,0.987325528873488,Schofield2018_NatMethods_TimeLapseSeq_SuppTable2
NOL4L,RNA,K562,0.459593222897139,1.5081753734107557,0.479137623215294,0.4400488225789849,0.08510218858269272,0.9184184277285504,Schofield2018_NatMethods_TimeLapseSeq_SuppTable2
NOL6,RNA,K562,2.28976100211362,0.3027159515425928,1.98380682477089,2.59571517945636,0.2688444400918897,0.7642621349490175,Schofield2018_NatMethods_TimeLapseSeq_SuppTable2
NOL7,RNA,K562,5.73697650602753,0.12082098991196724,5.9053540748093,5.56859893724575,0.05871592471649586,0.9429746068910483,Schofield2018_NatMethods_TimeLapseSeq_SuppTable2
NOL8,RNA,K562,1.3699203201321,0.5059762749508715,1.46171697347947,1.27812366678472,0.134218636849497,0.874398867889093,Schofield2018_NatMethods_TimeLapseSeq_SuppTable2
NOL9,RNA,K562,2.62883113313149,0.26367124606222286,2.88245352064881,2.37520874561416,0.19355652185014854,0.8240232595596287,Schofield2018_NatMethods_TimeLapseSeq_SuppTable2
NOLC1,RNA,K562,3.26975803461288,0.21198730096308482,3.22821019204705,3.31130587717871,0.025414772867912456,0.9749054638218868,Schofield2018_NatMethods_TimeLapseSeq_SuppTable2
NOM1,RNA,K562,0.772876224189973,0.8968411226343659,0.7760497488618469,0.769702699518098,0.008212291718115829,0.9918213370301872,Schofield2018_NatMethods_TimeLapseSeq_SuppTable2
NOMO2,RNA,K562,2.4291682422925094,0.2853434226959071,1.96226981121866,2.89606667336636,0.38925162668126534,0.6775637554427353,Schofield2018_NatMethods_TimeLapseSeq_SuppTable2
NONO,RNA,K562,8.34820920019156,0.08302944547005843,8.31186851177926,8.38454988860386,0.008706278697720643,0.9913315111973526,Schofield2018_NatMethods_TimeLapseSeq_SuppTable2
NOP14,RNA,K562,2.27365030160861,0.3048609454451034,2.29291560845502,2.2543849947622,0.016946993048582118,0.9831957994656498,Schofield2018_NatMethods_TimeLapseSeq_SuppTable2
NOP16,RNA,K562,1.40038211643005,0.49497003169889336,1.42837261525308,1.37239161760703,0.03998084078259227,0.9608078473024133,Schofield2018_NatMethods_TimeLapseSeq_SuppTable2
NOP2,RNA,K562,0.758553973855775,0.9137743713036488,0.7811875405160909,0.73592040719546,0.05969327923159195,0.9420534366296662,Schofield2018_NatMethods_TimeLapseSeq_SuppTable2
NOP56,RNA,K562,1.49350317289285,0.4641082745189953,1.51067689232256,1.47632945346315,0.022998915219110214,0.9772635438895187,Schofield2018_NatMethods_TimeLapseSeq_SuppTable2
NOP58,RNA,K562,4.01277304744901,0.17273520639314277,3.76503566382842,4.26051043106961,0.12363163893202346,0.8837053035645778,Schofield2018_NatMethods_TimeLapseSeq_SuppTable2
NORAD,RNA,K562,1.57704095221258,0.439523894155991,1.55276437207801,1.60131753234716,0.03078993980631498,0.9696792426933699,Schofield2018_NatMethods_TimeLapseSeq_SuppTable2
NOS3,RNA,K562,2.05888610381428,0.3366612554603312,2.13046790747314,1.98730430015542,0.06956253309864664,0.9328018005736962,Schofield2018_NatMethods_TimeLapseSeq_SuppTable2
NOTCH1,RNA,K562,0.669191698448787,1.035797637906579,0.651880520055741,0.6865028768418329,0.05174912210605929,0.9495670623474042,Schofield2018_NatMethods_TimeLapseSeq_SuppTable2
NPAT,RNA,K562,0.4912961564927479,1.4108540671438714,0.5535909910384759,0.42900132194702,0.2549661303730343,0.7749427445382748,Schofield2018_NatMethods_TimeLapseSeq_SuppTable2
NPC1,RNA,K562,0.9498237283814788,0.7297640181521722,1.0856860544767,0.813961402286261,0.28805442688581134,0.7497207861609587,Schofield2018_NatMethods_TimeLapseSeq_SuppTable2
NPEPPS,RNA,K562,5.46992555376444,0.12671967355806457,4.35943938924321,6.58041171828567,0.4117538459028035,0.6624873299537148,Schofield2018_NatMethods_TimeLapseSeq_SuppTable2
NPHP4,RNA,K562,0.86950374390699,0.7971756135809008,0.926494529622256,0.8125129581917249,0.13127627874033831,0.8769754512452406,Schofield2018_NatMethods_TimeLapseSeq_SuppTable2
NPIPB5,RNA,K562,0.9151058977594448,0.7574502385538705,0.885567506923095,0.9446442885957947,0.06457975219272434,0.9374613466826579,Schofield2018_NatMethods_TimeLapseSeq_SuppTable2
NPLOC4,RNA,K562,1.70942463967442,0.40548566135794284,1.77380424593162,1.64504503341722,0.07535877186963229,0.9274106977645808,Schofield2018_NatMethods_TimeLapseSeq_SuppTable2
NPM1,RNA,K562,9.586709012676048,0.07230293311744727,10.3115949560266,8.86182306932548,0.15151647848696315,0.8594037204832408,Schofield2018_NatMethods_TimeLapseSeq_SuppTable2
NPRL3,RNA,K562,3.98624595150846,0.17388469978819224,3.78576713187988,4.18672477113703,0.10067020752800618,0.9042311923579687,Schofield2018_NatMethods_TimeLapseSeq_SuppTable2
NPTN,RNA,K562,0.648926669315896,1.0681440805795004,0.677922228592133,0.619931110039659,0.0894242152433961,0.9144575644423013,Schofield2018_NatMethods_TimeLapseSeq_SuppTable2
NQO2,RNA,K562,5.70393517404498,0.12152087276763278,7.341010968346901,4.06685937974305,0.5906055168394508,0.5539917318307527,Schofield2018_NatMethods_TimeLapseSeq_SuppTable2
NR1H2,RNA,K562,0.501727717711639,1.381520605880343,0.448031504684322,0.555423930738957,0.21486810844053925,0.8066478232009988,Schofield2018_NatMethods_TimeLapseSeq_SuppTable2
NR2C1,RNA,K562,0.8106671707966169,0.8550329969311716,0.8850202373995029,0.736314104193732,0.18395371217460307,0.8319743132171518,Schofield2018_NatMethods_TimeLapseSeq_SuppTable2
NR2C2,RNA,K562,0.673583487277141,1.029044199646116,0.6757088720227649,0.671458102531517,0.0063107004235534205,0.9937091702251548,Schofield2018_NatMethods_TimeLapseSeq_SuppTable2
NR2F2,RNA,K562,0.5050134758449148,1.3725320485760752,0.533288481220441,0.476738470469389,0.11209445772213326,0.89395981210463,Schofield2018_NatMethods_TimeLapseSeq_SuppTable2
NR2F2-AS1,RNA,K562,0.65315902842716,1.0612226891038754,0.7029365910829038,0.603381465771417,0.1527170802051149,0.8583725380434131,Schofield2018_NatMethods_TimeLapseSeq_SuppTable2
NR2F6,RNA,K562,0.916264103594534,0.7564927817653297,0.978726989400506,0.853801217788561,0.1365543361987921,0.8723589183042096,Schofield2018_NatMethods_TimeLapseSeq_SuppTable2
NR3C1,RNA,K562,0.381993739745669,1.814551152124749,0.378923554599158,0.38506392489218,0.01607487735281165,0.9840536339654739,Schofield2018_NatMethods_TimeLapseSeq_SuppTable2
NR6A1,RNA,K562,1.5934502920424,0.4349976802046997,1.61653358733126,1.57036699675354,0.02897474784081896,0.9714409951395215,Schofield2018_NatMethods_TimeLapseSeq_SuppTable2
NRAS,RNA,K562,3.69664110581324,0.18750729668344604,3.84244497833509,3.55083723329138,0.07892546104681507,0.9241088039808284,Schofield2018_NatMethods_TimeLapseSeq_SuppTable2
NRBF2,RNA,K562,0.356786334719152,1.9427514820755765,0.330237064022593,0.3833356054157099,0.1491000874648765,0.8614828869456728,Schofield2018_NatMethods_TimeLapseSeq_SuppTable2
NRBP1,RNA,K562,0.477464351909402,1.4517255116282874,0.496140960101145,0.458787743717658,0.07827240898361462,0.9247124922403666,Schofield2018_NatMethods_TimeLapseSeq_SuppTable2
NRDC,RNA,K562,8.10374848566804,0.08553414284584686,8.60846450429099,7.59903246704509,0.12472503167293725,0.8827395946463231,Schofield2018_NatMethods_TimeLapseSeq_SuppTable2
NRDE2,RNA,K562,0.463197380090939,1.4964402009870188,0.502570877465905,0.4238238827159719,0.1704186816814014,0.8433116635269512,Schofield2018_NatMethods_TimeLapseSeq_SuppTable2
NRF1,RNA,K562,0.6365441168987779,1.0889224519691356,0.618423225369455,0.6546650084281,0.0569506135290594,0.9446407206860433,Schofield2018_NatMethods_TimeLapseSeq_SuppTable2
NRIP1,RNA,K562,0.506381557069277,1.3688239053799451,0.4250434727415929,0.5877196413969609,0.32405858135087123,0.7232078746446176,Schofield2018_NatMethods_TimeLapseSeq_SuppTable2
NSA2,RNA,K562,6.13345265009806,0.11301092877090417,6.50439649087424,5.76250880932189,0.12110539441473613,0.88594058148312,Schofield2018_NatMethods_TimeLapseSeq_SuppTable2
NSD1,RNA,K562,1.04304541320033,0.6645417081440324,1.00464179028123,1.08144903611942,0.0736707915766256,0.9289774707148487,Schofield2018_NatMethods_TimeLapseSeq_SuppTable2
NSD2,RNA,K562,2.27235835961863,0.30503427314883386,2.3476695812914894,2.19704713794577,0.06630891982404535,0.9358417195733056,Schofield2018_NatMethods_TimeLapseSeq_SuppTable2
NSD3,RNA,K562,0.7608700146999399,0.910992899139675,0.7054527124701259,0.8162873169297539,0.1459266549977314,0.8642210871577637,Schofield2018_NatMethods_TimeLapseSeq_SuppTable2
NSDHL,RNA,K562,1.75632799881147,0.394657023647637,1.64253894478016,1.87011705284278,0.1297578422422071,0.8783080942892443,Schofield2018_NatMethods_TimeLapseSeq_SuppTable2
NSFL1C,RNA,K562,2.5570420796243094,0.2710738263101971,2.56876780400728,2.54531635524135,0.00917138334798458,0.9908705455084941,Schofield2018_NatMethods_TimeLapseSeq_SuppTable2
NSMAF,RNA,K562,1.55558153406441,0.4455871745590193,1.72923211823792,1.38193094989089,0.22419568748570257,0.799158733703762,Schofield2018_NatMethods_TimeLapseSeq_SuppTable2
NSMCE2,RNA,K562,1.78321976298144,0.38870541643226486,1.54564076273768,2.0207987632252,0.26805430305630656,0.7648662454003254,Schofield2018_NatMethods_TimeLapseSeq_SuppTable2
NSMF,RNA,K562,3.95246060145432,0.17537105374431808,4.17206389572048,3.73285730718816,0.11123687789043077,0.894726782832152,Schofield2018_NatMethods_TimeLapseSeq_SuppTable2
NSRP1,RNA,K562,1.15295515468522,0.6011917963532488,1.13831774701007,1.16759256236038,0.02539247792424516,0.9749271995265809,Schofield2018_NatMethods_TimeLapseSeq_SuppTable2
NSUN2,RNA,K562,3.31189333272454,0.2092903094767625,3.57284439281207,3.050942272637,0.1579115424878497,0.8539253147366159,Schofield2018_NatMethods_TimeLapseSeq_SuppTable2
NSUN4,RNA,K562,0.809889590743699,0.8558539194502396,0.744304368256405,0.8754748132309939,0.16231633457782654,0.8501722231271324,Schofield2018_NatMethods_TimeLapseSeq_SuppTable2
NSUN5,RNA,K562,2.55576288975543,0.2712095019997239,2.88118744708252,2.23033833242835,0.2560492246453623,0.7741038628662575,Schofield2018_NatMethods_TimeLapseSeq_SuppTable2
NSUN6,RNA,K562,1.01372162529514,0.6837648159652695,0.9470663222470688,1.08037692834322,0.1316961421688163,0.8766073186137121,Schofield2018_NatMethods_TimeLapseSeq_SuppTable2
NT5C2,RNA,K562,3.66195586395343,0.1892833246252255,2.91867732114396,4.4052344067629,0.41166293032009954,0.6625475631133765,Schofield2018_NatMethods_TimeLapseSeq_SuppTable2
NT5C3A,RNA,K562,1.25687242679588,0.5514857083204313,1.15810296583685,1.35564188775492,0.15749176790759117,0.8542838461230979,Schofield2018_NatMethods_TimeLapseSeq_SuppTable2
NT5DC2,RNA,K562,6.45368818395093,0.10740326473839686,4.99626257840086,7.91111378950099,0.45957843103359636,0.6315498312047424,Schofield2018_NatMethods_TimeLapseSeq_SuppTable2
NT5DC3,RNA,K562,0.5037693167521589,1.3759217910068853,0.492202398684147,0.5153362348201699,0.04592955943590679,0.9551092382547182,Schofield2018_NatMethods_TimeLapseSeq_SuppTable2
NTMT1,RNA,K562,1.94866136779321,0.3557042757741484,2.24901552567038,1.64830720991605,0.3107437484210594,0.732901659015772,Schofield2018_NatMethods_TimeLapseSeq_SuppTable2
NUB1,RNA,K562,3.96274578640415,0.17491588356186646,4.01151079876747,3.9139807740408306,0.024612971298575467,0.9756874580129248,Schofield2018_NatMethods_TimeLapseSeq_SuppTable2
NUBP1,RNA,K562,1.10149827029162,0.6292766854517489,1.20100730867469,1.00198923190856,0.18117337256364474,0.8342907030384801,Schofield2018_NatMethods_TimeLapseSeq_SuppTable2
NUCB1,RNA,K562,7.72789156140016,0.08969421672816008,7.353100025799181,8.10268309700114,0.09707325685029856,0.907489523873964,Schofield2018_NatMethods_TimeLapseSeq_SuppTable2
NUCKS1,RNA,K562,9.365879472183622,0.0740076981151179,9.121857471024768,9.60990147334248,0.05212051699904132,0.9492144634706684,Schofield2018_NatMethods_TimeLapseSeq_SuppTable2
NUDC,RNA,K562,4.5788485864557,0.1513802362039847,4.72247567909125,4.43522149382016,0.06275561362185958,0.9391729667252905,Schofield2018_NatMethods_TimeLapseSeq_SuppTable2
NUDCD3,RNA,K562,2.2211076459952106,0.31207275424481606,2.15646785708971,2.28574743490072,0.05822144398250576,0.9434410049697266,Schofield2018_NatMethods_TimeLapseSeq_SuppTable2
NUDT19,RNA,K562,0.416491876754784,1.664251379788726,0.4397954125042349,0.393188341005334,0.11202091092806116,0.8940255624006718,Schofield2018_NatMethods_TimeLapseSeq_SuppTable2
NUDT21,RNA,K562,3.35992454444081,0.20629843658447553,3.10039104010379,3.61945804877782,0.1547960588427706,0.8565898535971973,Schofield2018_NatMethods_TimeLapseSeq_SuppTable2
NUDT3,RNA,K562,5.93753031195819,0.11673998180084175,5.28169009534109,6.59337052857529,0.221818538537914,0.8010607127948517,Schofield2018_NatMethods_TimeLapseSeq_SuppTable2
NUDT4,RNA,K562,0.8083050556772439,0.857531665417071,0.754101772834029,0.862508338520459,0.1343174805757799,0.874312443318067,Schofield2018_NatMethods_TimeLapseSeq_SuppTable2
NUFIP2,RNA,K562,0.3858840234592589,1.7962577832225979,0.3916365637771179,0.380131483141399,0.029817075374772063,0.9706230681712688,Schofield2018_NatMethods_TimeLapseSeq_SuppTable2
NUMA1,RNA,K562,2.16531221798606,0.3201141963742467,2.32701739055262,2.00360704541951,0.1496382787956819,0.8610193690661218,Schofield2018_NatMethods_TimeLapseSeq_SuppTable2
NUMB,RNA,K562,1.15430922151633,0.6004865660255313,1.40572097408964,0.902897468943023,0.44269659691358615,0.6423020539533097,Schofield2018_NatMethods_TimeLapseSeq_SuppTable2
NUMBL,RNA,K562,0.7267943380702159,0.9537047060663536,0.694581682388631,0.759006993751801,0.08870122327335266,0.9151189489773828,Schofield2018_NatMethods_TimeLapseSeq_SuppTable2
NUP107,RNA,K562,5.69530879445,0.12170493393359245,7.28380047519707,4.10681711370293,0.5730044656912153,0.5638288868136269,Schofield2018_NatMethods_TimeLapseSeq_SuppTable2
NUP133,RNA,K562,3.50969494241865,0.1974949937051435,3.9506878059947694,3.06870207884253,0.252634995271464,0.7767513480022604,Schofield2018_NatMethods_TimeLapseSeq_SuppTable2
NUP153,RNA,K562,0.549061640111779,1.2624214294388387,0.5768664596171529,0.5212568206064059,0.10136794245992164,0.9036004987226103,Schofield2018_NatMethods_TimeLapseSeq_SuppTable2
NUP155,RNA,K562,3.49572812140628,0.19828406457453632,3.35653309598855,3.63492314682401,0.07967934359435999,0.9234123970189848,Schofield2018_NatMethods_TimeLapseSeq_SuppTable2
NUP160,RNA,K562,1.94628404471089,0.35613875705532416,2.03420752398714,1.85836056543465,0.09041163733129368,0.9135550544971822,Schofield2018_NatMethods_TimeLapseSeq_SuppTable2
NUP188,RNA,K562,3.9035771542720306,0.17756717829987628,3.92333259905623,3.88382170948783,0.010121799911536862,0.989929253110505,Schofield2018_NatMethods_TimeLapseSeq_SuppTable2
NUP205,RNA,K562,3.15913388944275,0.21941051086068777,3.28652047479974,3.03174730408576,0.08069027734582694,0.9224793599591056,Schofield2018_NatMethods_TimeLapseSeq_SuppTable2
NUP210,RNA,K562,3.82937932068669,0.1810077097391462,3.72351048665006,3.93524815472332,0.05530704083627435,0.9461945829720751,Schofield2018_NatMethods_TimeLapseSeq_SuppTable2
NUP214,RNA,K562,1.89017338779118,0.3667108980779502,1.9900327740469,1.79031400153546,0.10576008365047117,0.899640460641613,Schofield2018_NatMethods_TimeLapseSeq_SuppTable2
NUP35,RNA,K562,0.6138034130623,1.1292657645903184,0.6029220510058309,0.6246847751187699,0.035459242970014834,0.9651620705678295,Schofield2018_NatMethods_TimeLapseSeq_SuppTable2
NUP43,RNA,K562,2.99826914352336,0.2311824413953066,3.38992017556424,2.60661811148248,0.2627527356768176,0.7689320032583414,Schofield2018_NatMethods_TimeLapseSeq_SuppTable2
NUP50,RNA,K562,1.24176820905438,0.5581936914682205,1.33702437377087,1.1465120443379,0.1537221995781254,0.8575102046227778,Schofield2018_NatMethods_TimeLapseSeq_SuppTable2
NUP54,RNA,K562,1.22547361188996,0.5656157536439761,1.35368433510322,1.09726288867671,0.21001121636910597,0.8105751542090812,Schofield2018_NatMethods_TimeLapseSeq_SuppTable2
NUP58,RNA,K562,0.8123494737311439,0.8532623002465932,0.913757718792091,0.710941228670198,0.2509756921182624,0.7780412838646125,Schofield2018_NatMethods_TimeLapseSeq_SuppTable2
NUP85,RNA,K562,1.70747334667779,0.4059490485802272,1.74591569401519,1.66903099934038,0.045035952928577046,0.9559631115417757,Schofield2018_NatMethods_TimeLapseSeq_SuppTable2
NUP88,RNA,K562,2.99537091109783,0.23140612669764518,2.81480841963907,3.17593340255659,0.12070737188761868,0.8862932759777586,Schofield2018_NatMethods_TimeLapseSeq_SuppTable2
NUP93,RNA,K562,4.11866994432756,0.16829393710330748,5.07345672268392,3.1638831659712,0.47222226145791135,0.6236148919582126,Schofield2018_NatMethods_TimeLapseSeq_SuppTable2
NUP98,RNA,K562,1.31094682060142,0.5287378325857274,1.29692690725933,1.32496673394352,0.021389804154676246,0.9788373353338957,Schofield2018_NatMethods_TimeLapseSeq_SuppTable2
NUPL2,RNA,K562,1.04627476442053,0.662490584816732,0.901565560978401,1.19098396786266,0.2784023438687693,0.7569921890689686,Schofield2018_NatMethods_TimeLapseSeq_SuppTable2
NUS1,RNA,K562,2.11040293432882,0.32844305193329804,2.09518636681914,2.12561950183851,0.014420782840153759,0.9856826986236025,Schofield2018_NatMethods_TimeLapseSeq_SuppTable2
NUSAP1,RNA,K562,2.4713080577016906,0.2804778539849743,2.13792403967318,2.8046920757302,0.2714584727379578,0.762266937669645,Schofield2018_NatMethods_TimeLapseSeq_SuppTable2
NUTF2,RNA,K562,5.61418985351968,0.1234634379393838,4.46711171031078,6.76126799672857,0.41446839598362695,0.660691413573931,Schofield2018_NatMethods_TimeLapseSeq_SuppTable2
NUTM2A-AS1,RNA,K562,1.71895554957121,0.40323740816500425,1.80237900488694,1.63553209425549,0.09713927033083176,0.9074296193092218,Schofield2018_NatMethods_TimeLapseSeq_SuppTable2
NUTM2B-AS1,RNA,K562,1.00573079210615,0.6891975327795143,0.852634312645478,1.15882727156682,0.3068330516974736,0.7357734267788274,Schofield2018_NatMethods_TimeLapseSeq_SuppTable2
NVL,RNA,K562,2.21075776369217,0.3135337538755605,1.83134883372287,2.59016669366148,0.34666947116692953,0.7070389864113577,Schofield2018_NatMethods_TimeLapseSeq_SuppTable2
NXF1,RNA,K562,0.769678150119536,0.9005675689926953,0.737319967054032,0.8020363331850409,0.08413196411903036,0.919309932164784,Schofield2018_NatMethods_TimeLapseSeq_SuppTable2
OARD1,RNA,K562,1.62382053075605,0.4268619391314238,1.40915590205566,1.83848515945644,0.2659510755306446,0.766476626045916,Schofield2018_NatMethods_TimeLapseSeq_SuppTable2
OBSCN,RNA,K562,2.47316467956324,0.28026729731655187,3.0130453497146,1.93328400941187,0.44373119519826754,0.6416378729895298,Schofield2018_NatMethods_TimeLapseSeq_SuppTable2
OCIAD1,RNA,K562,4.1275395921927,0.16793229115743508,3.48925114630472,4.76582803808069,0.3117841551209612,0.7321395397451066,Schofield2018_NatMethods_TimeLapseSeq_SuppTable2
OCRL,RNA,K562,0.739678559430966,0.9370924325468927,0.7493656826857639,0.729991436176168,0.026194289449527165,0.9741458049691339,Schofield2018_NatMethods_TimeLapseSeq_SuppTable2
ODC1,RNA,K562,8.0137679636803,0.08649454085785876,9.073520541434661,6.95401538592596,0.2660410950114266,0.766407631323489,Schofield2018_NatMethods_TimeLapseSeq_SuppTable2
ODF2,RNA,K562,4.02350508665768,0.17227446359108287,4.22659673018961,3.8204134431257506,0.10103846577230435,0.9038982630723709,Schofield2018_NatMethods_TimeLapseSeq_SuppTable2
OFD1,RNA,K562,2.1686889402218,0.31961576771312095,2.24448035840453,2.09289752203908,0.06992454818355688,0.9324641733674153,Schofield2018_NatMethods_TimeLapseSeq_SuppTable2
OGDH,RNA,K562,4.82548647215744,0.14364296419839392,4.59355551668347,5.05741742763142,0.0962016166314888,0.9082808730769145,Schofield2018_NatMethods_TimeLapseSeq_SuppTable2
OGFOD1,RNA,K562,3.20743861466104,0.21610614070417575,3.05723129710666,3.35764593221542,0.09373041150318173,0.9105281970840378,Schofield2018_NatMethods_TimeLapseSeq_SuppTable2
OGFOD3,RNA,K562,1.97168817662219,0.3515501024849754,2.21211961482369,1.73125673842068,0.24510357444115852,0.7826234742548785,Schofield2018_NatMethods_TimeLapseSeq_SuppTable2
OGFR,RNA,K562,0.874742366551262,0.7924015196528442,0.964364326882318,0.7851204062202068,0.20563206592226593,0.814132568298553,Schofield2018_NatMethods_TimeLapseSeq_SuppTable2
OGT,RNA,K562,1.784147286146,0.3885033404709749,1.93432665248616,1.63396791980583,0.16874791938693687,0.8447218145423971,Schofield2018_NatMethods_TimeLapseSeq_SuppTable2
OIP5-AS1,RNA,K562,1.45000235145266,0.4780317630971616,1.60946617261271,1.2905385302926,0.22084295760691047,0.8018425936828594,Schofield2018_NatMethods_TimeLapseSeq_SuppTable2
OLA1,RNA,K562,6.60502104589739,0.10494246358086676,7.2682734877325,5.94176860406228,0.2015119449990548,0.8174938125389591,Schofield2018_NatMethods_TimeLapseSeq_SuppTable2
ONECUT2,RNA,K562,0.996465544392313,0.6956057682683408,1.03372179912402,0.959209289660602,0.07481167732868786,0.9279182179126336,Schofield2018_NatMethods_TimeLapseSeq_SuppTable2
OPA1,RNA,K562,4.50324323630897,0.15392177241753327,4.53089080147246,4.47559567114547,0.012279111340674264,0.9877959693248356,Schofield2018_NatMethods_TimeLapseSeq_SuppTable2
OPA3,RNA,K562,0.8486152613925039,0.8167979202053838,0.82841810998134,0.868812412803668,0.0476092456950972,0.95350630098392,Schofield2018_NatMethods_TimeLapseSeq_SuppTable2
OPLAH,RNA,K562,1.1543082508182,0.6004870709956606,1.10256265934074,1.20605384229567,0.08971658206834686,0.9141902464669911,Schofield2018_NatMethods_TimeLapseSeq_SuppTable2
ORC1,RNA,K562,0.939409099181122,0.7378544461238006,0.968285663817002,0.9105325345452429,0.06149751984648369,0.9403552779619857,Schofield2018_NatMethods_TimeLapseSeq_SuppTable2
ORC2,RNA,K562,1.90574791023973,0.3637139921999191,1.87195784570392,1.93953797477554,0.0354649278977763,0.9651565837067765,Schofield2018_NatMethods_TimeLapseSeq_SuppTable2
ORC6,RNA,K562,0.585368767265768,1.1841205396003711,0.617731872299857,0.553005662231679,0.1106862591323104,0.8952195718391572,Schofield2018_NatMethods_TimeLapseSeq_SuppTable2
OSBP,RNA,K562,0.933445352183016,0.7425685702316758,0.981815427743271,0.8850752766227609,0.10373063551223025,0.90146808820995,Schofield2018_NatMethods_TimeLapseSeq_SuppTable2
OSBP2,RNA,K562,2.31810710058272,0.29901430369015464,2.3879199444127,2.24829425675274,0.060250850255960914,0.941528321338134,Schofield2018_NatMethods_TimeLapseSeq_SuppTable2
OSBPL2,RNA,K562,1.37534755269409,0.5039796516903519,1.75996384644174,0.990731258946442,0.5746052301619179,0.5629270515695438,Schofield2018_NatMethods_TimeLapseSeq_SuppTable2
OSBPL3,RNA,K562,1.69775618677532,0.40827251048131563,1.55002015623131,1.84549221731932,0.17447809149995816,0.839895254872871,Schofield2018_NatMethods_TimeLapseSeq_SuppTable2
OSBPL6,RNA,K562,1.12853292319514,0.614202001832152,0.92031393063043,1.33675191575985,0.3732831661914119,0.6884702537398616,Schofield2018_NatMethods_TimeLapseSeq_SuppTable2
OSBPL8,RNA,K562,3.74519162189932,0.18507655963633327,3.8420238523055095,3.64835939149312,0.05172168786701825,0.9495931133545212,Schofield2018_NatMethods_TimeLapseSeq_SuppTable2
OSBPL9,RNA,K562,6.65002085936248,0.10423233178044429,6.64285871857437,6.65718300015059,0.002154021380932272,0.9978482968583114,Schofield2018_NatMethods_TimeLapseSeq_SuppTable2
OSGIN2,RNA,K562,0.7728804109793859,0.8968362643343445,0.9574771150708729,0.5882837068878979,0.48709249381711023,0.6144102011715996,Schofield2018_NatMethods_TimeLapseSeq_SuppTable2
OSTC,RNA,K562,7.54597820774364,0.09185650441564244,9.147656268551781,5.944300146935501,0.43106489903928247,0.6498167369243071,Schofield2018_NatMethods_TimeLapseSeq_SuppTable2
OTUD3,RNA,K562,0.4072723915729549,1.7019252836729089,0.3851238893321899,0.429420893813719,0.10887246942292521,0.8968447853384028,Schofield2018_NatMethods_TimeLapseSeq_SuppTable2
OTUD4,RNA,K562,0.5421660734114199,1.2784776004122158,0.564377194061365,0.5199549527614759,0.08198063324049729,0.9212898009215819,Schofield2018_NatMethods_TimeLapseSeq_SuppTable2
OTUD5,RNA,K562,3.16021685853977,0.2193353214627889,2.9194223556129506,3.40101136146658,0.15268707335442502,0.8583982954864464,Schofield2018_NatMethods_TimeLapseSeq_SuppTable2
OTUD6B,RNA,K562,2.10438347000847,0.3293825438370106,2.27857490827982,1.93019203173712,0.16593071104256857,0.8471049271732272,Schofield2018_NatMethods_TimeLapseSeq_SuppTable2
OTUD6B-AS1,RNA,K562,1.1238720994438,0.6167491664780904,1.16103337032694,1.08671082856067,0.0661548993831946,0.935985869428248,Schofield2018_NatMethods_TimeLapseSeq_SuppTable2
OTUD7B,RNA,K562,0.408308329153089,1.6976072518473173,0.4000761192762529,0.4165405390299259,0.04032896228104036,0.9604734276476027,Schofield2018_NatMethods_TimeLapseSeq_SuppTable2
OTULIN,RNA,K562,1.32519971493384,0.5230511090130671,1.21704941732811,1.43335001253956,0.1635849515810982,0.8490943640289115,Schofield2018_NatMethods_TimeLapseSeq_SuppTable2
OXA1L,RNA,K562,2.58326265025037,0.2683223792566216,2.39681683969906,2.76970846080167,0.1446005256269059,0.865367916378217,Schofield2018_NatMethods_TimeLapseSeq_SuppTable2
OXCT1,RNA,K562,4.37591663439256,0.15840045377285028,5.11830819421062,3.63352507457451,0.34262068163566173,0.7099074414245774,Schofield2018_NatMethods_TimeLapseSeq_SuppTable2
OXNAD1,RNA,K562,1.48918582525646,0.4654537860918566,1.74487727809028,1.23349437242264,0.3468331307464893,0.7069232821764206,Schofield2018_NatMethods_TimeLapseSeq_SuppTable2
OXR1,RNA,K562,0.722280728666161,0.9596645086183917,0.7207332395039509,0.72382821782837,0.004285014035743474,0.9957241535378315,Schofield2018_NatMethods_TimeLapseSeq_SuppTable2
OXSR1,RNA,K562,2.98900652585277,0.2318988515296697,3.14244480226168,2.83556824944386,0.10275873860015321,0.9023446481551706,Schofield2018_NatMethods_TimeLapseSeq_SuppTable2
P2RY1,RNA,K562,0.3275734869675809,2.1160051351425286,0.3301667736081739,0.3249802003269879,0.015833642968924106,0.9842910501729007,Schofield2018_NatMethods_TimeLapseSeq_SuppTable2
P3H1,RNA,K562,2.11935531355887,0.32705567401815067,2.02380440626524,2.21490622085249,0.09023095485042056,0.9137201328037728,Schofield2018_NatMethods_TimeLapseSeq_SuppTable2
P4HA1,RNA,K562,1.99517896476978,0.3474110306891323,2.13364540093767,1.8567125286019,0.13902450650106435,0.8702067024754596,Schofield2018_NatMethods_TimeLapseSeq_SuppTable2
P4HB,RNA,K562,5.7557724238442,0.12042643967097677,6.43039835535334,5.08114649233506,0.2354995653572552,0.7901760064530029,Schofield2018_NatMethods_TimeLapseSeq_SuppTable2
PA2G4,RNA,K562,7.20751539699445,0.09617005894277926,7.643192761989511,6.77183803199939,0.12104286998796479,0.8859959761418723,Schofield2018_NatMethods_TimeLapseSeq_SuppTable2
PABPC1,RNA,K562,10.3157665801076,0.06719298805156905,10.5300990928859,10.1014340673292,0.04156033599976993,0.9592914537863841,Schofield2018_NatMethods_TimeLapseSeq_SuppTable2
PABPC4,RNA,K562,3.10474445205007,0.2232541812264963,3.53690500093613,2.67258390316402,0.280206292773149,0.755627844812528,Schofield2018_NatMethods_TimeLapseSeq_SuppTable2
PACRGL,RNA,K562,0.850660628716393,0.8148339739266784,0.7611550872178329,0.9401661702149527,0.21121950538801654,0.8095963366176087,Schofield2018_NatMethods_TimeLapseSeq_SuppTable2
PACS1,RNA,K562,2.34587955194468,0.29547432645693267,2.72208097699443,1.96967812689494,0.3235265108285374,0.7235927746241219,Schofield2018_NatMethods_TimeLapseSeq_SuppTable2
PACSIN2,RNA,K562,2.0310005471950694,0.3412836010887452,1.85392317865883,2.20807791573132,0.17481838488794654,0.8396094926952823,Schofield2018_NatMethods_TimeLapseSeq_SuppTable2
PAF1,RNA,K562,2.0870191967609,0.3321230497715234,2.3938833803594,1.7801550131624,0.2962164460905667,0.7436264555607301,Schofield2018_NatMethods_TimeLapseSeq_SuppTable2
PAFAH1B1,RNA,K562,1.54692014561223,0.448082069734515,1.3891696598624,1.70467063136207,0.2046657123450528,0.8149196884751996,Schofield2018_NatMethods_TimeLapseSeq_SuppTable2
PAFAH1B2,RNA,K562,0.871156107766607,0.7956635720972843,0.863020993823377,0.8792912217098359,0.01867713571418113,0.9814962011620901,Schofield2018_NatMethods_TimeLapseSeq_SuppTable2
PAICS,RNA,K562,8.26609746386674,0.08385422305868902,8.73200212076758,7.80019280696589,0.11284622932890905,0.8932880110524091,Schofield2018_NatMethods_TimeLapseSeq_SuppTable2
PAIP1,RNA,K562,1.3906921797116,0.4984188382390194,1.51073163824454,1.27065272117866,0.17306333999397835,0.8410843388804314,Schofield2018_NatMethods_TimeLapseSeq_SuppTable2
PAIP2,RNA,K562,5.33552644935402,0.12991167547184881,3.9485197866277306,6.72253311208031,0.5321242635904656,0.5873559446709588,Schofield2018_NatMethods_TimeLapseSeq_SuppTable2
PAK1IP1,RNA,K562,1.710536351584,0.4052221280875285,1.59442030777695,1.82665239539105,0.13597477274395184,0.872864652191046,Schofield2018_NatMethods_TimeLapseSeq_SuppTable2
PAK2,RNA,K562,3.73782576466102,0.1854412763465999,3.83274318134094,3.6429083479811,0.05079842283667902,0.9504702443189988,Schofield2018_NatMethods_TimeLapseSeq_SuppTable2
PAK4,RNA,K562,0.907973503726656,0.763400228877842,0.904342358849892,0.911604648603419,0.007998392508511207,0.9920335095212021,Schofield2018_NatMethods_TimeLapseSeq_SuppTable2
PALB2,RNA,K562,0.4144479917800599,1.6724587748220674,0.418555783199138,0.410340200360983,0.019823601616337342,0.9803715940194137,Schofield2018_NatMethods_TimeLapseSeq_SuppTable2
PAN3,RNA,K562,0.847976397731347,0.8174132940661702,0.824811731792206,0.871141063670489,0.05464876332874312,0.946817646635692,Schofield2018_NatMethods_TimeLapseSeq_SuppTable2
PANK2,RNA,K562,0.783613906929498,0.8845519131685191,0.8046549457322099,0.762572868126787,0.05371547801271136,0.9477017101198211,Schofield2018_NatMethods_TimeLapseSeq_SuppTable2
PANK3,RNA,K562,0.617692572571889,1.1221556018941359,0.603035027166261,0.632350117977518,0.047467941686213766,0.9536410447664387,Schofield2018_NatMethods_TimeLapseSeq_SuppTable2
PANK4,RNA,K562,0.703988107199867,0.9846006963341443,0.687246433047413,0.72072978135232,0.0475713470411313,0.9535424382740483,Schofield2018_NatMethods_TimeLapseSeq_SuppTable2
PANX1,RNA,K562,0.576714400226032,1.2018898440688834,0.597262383450946,0.556166417001117,0.07128895948822277,0.9311927762596082,Schofield2018_NatMethods_TimeLapseSeq_SuppTable2
PAPD4,RNA,K562,1.47395257767902,0.4702642344514361,1.57172943888903,1.37617571646901,0.1328681342475898,0.8755805435837314,Schofield2018_NatMethods_TimeLapseSeq_SuppTable2
PAPD5,RNA,K562,0.445531616330879,1.5557755166025564,0.386057218852353,0.505006013809405,0.26858474389008474,0.7644606366966065,Schofield2018_NatMethods_TimeLapseSeq_SuppTable2
PAPD7,RNA,K562,0.5573005805113829,1.2437582245543484,0.6008048981671499,0.5137962628556149,0.15644344204804644,0.855179883557926,Schofield2018_NatMethods_TimeLapseSeq_SuppTable2
PAPOLA,RNA,K562,8.1214941978067,0.08534724813903548,8.22977096026386,8.01321743534954,0.026665826691568806,0.9736865672252711,Schofield2018_NatMethods_TimeLapseSeq_SuppTable2
PAQR4,RNA,K562,1.0398835196124,0.6665623288445852,1.07547028150361,1.00429675772119,0.06847048406792204,0.9338210222946259,Schofield2018_NatMethods_TimeLapseSeq_SuppTable2
PARD3,RNA,K562,1.89761516179313,0.3652727879265908,2.07306306555251,1.72216725803375,0.18544372396138661,0.8307355847733268,Schofield2018_NatMethods_TimeLapseSeq_SuppTable2
PARD6B,RNA,K562,0.2592587640643769,2.6735728030695576,0.257645339422913,0.260872188705841,0.012446603116901912,0.987630535478174,Schofield2018_NatMethods_TimeLapseSeq_SuppTable2
PARG,RNA,K562,1.59777721018129,0.43381966906468655,1.60111295746941,1.59444146289318,0.004175490942471798,0.9958332142993992,Schofield2018_NatMethods_TimeLapseSeq_SuppTable2
PARGP1,RNA,K562,0.6802766372992989,1.018919572648772,0.720349397602532,0.6402038769960648,0.1179496853191921,0.8887407681977556,Schofield2018_NatMethods_TimeLapseSeq_SuppTable2
PARK7,RNA,K562,8.74684877981259,0.07924536001579265,9.87487062575571,7.61882693386948,0.25937079735078755,0.7715368861641589,Schofield2018_NatMethods_TimeLapseSeq_SuppTable2
PARN,RNA,K562,3.21259214419947,0.21575947068521117,2.59583493946904,3.82934934892989,0.38878669179357295,0.6778788517152254,Schofield2018_NatMethods_TimeLapseSeq_SuppTable2
PARP1,RNA,K562,5.62343181907831,0.12326052895463989,6.11289219449351,5.1339714436631,0.17452049520790677,0.8398596409548623,Schofield2018_NatMethods_TimeLapseSeq_SuppTable2
PARP2,RNA,K562,1.95424642680466,0.3546877052211338,1.71587654881373,2.1926163047956,0.24517143328720056,0.7825703681309107,Schofield2018_NatMethods_TimeLapseSeq_SuppTable2
PARP4,RNA,K562,2.69429913577712,0.2572643740094657,2.73166585123677,2.65693242031746,0.027739393144707247,0.9726418108988425,Schofield2018_NatMethods_TimeLapseSeq_SuppTable2
PATL1,RNA,K562,0.953578170174374,0.7268907806826098,0.952176890866678,0.95497944948207,0.0029389941174734363,0.9970653204978265,Schofield2018_NatMethods_TimeLapseSeq_SuppTable2
PAXBP1,RNA,K562,0.554977796070104,1.248963806242778,0.5391797430169029,0.570775849123305,0.05694758382816386,0.9446435826692162,Schofield2018_NatMethods_TimeLapseSeq_SuppTable2
PAXIP1,RNA,K562,0.556140876984714,1.2463517954624237,0.553668312063872,0.558613441905556,0.008891924023312136,0.9911474922178475,Schofield2018_NatMethods_TimeLapseSeq_SuppTable2
PBDC1,RNA,K562,1.23319786805684,0.5620729637265292,1.23763506751172,1.22876066860197,0.00719628004344439,0.9928295511797415,Schofield2018_NatMethods_TimeLapseSeq_SuppTable2
PBK,RNA,K562,1.92865162750583,0.3593947038824926,1.6691763189989,2.18812693601276,0.27071561490975277,0.7628334040074017,Schofield2018_NatMethods_TimeLapseSeq_SuppTable2
PBRM1,RNA,K562,2.7628869628946906,0.2508778643023931,3.02026184772016,2.50551207806922,0.186850396142914,0.8295678336500862,Schofield2018_NatMethods_TimeLapseSeq_SuppTable2
PBX2,RNA,K562,4.44094624713779,0.15608096607939848,3.9496215744057905,4.9322709198698,0.22217974445385597,0.8007714171771512,Schofield2018_NatMethods_TimeLapseSeq_SuppTable2
PCBP1,RNA,K562,1.34949200765078,0.513635632245491,1.36435357365434,1.33463044164723,0.022026313258119386,0.9782144947020601,Schofield2018_NatMethods_TimeLapseSeq_SuppTable2
PCBP2,RNA,K562,5.35903698079709,0.12934174237716273,6.23324744136695,4.48482652022723,0.32919764086890546,0.7195007999303343,Schofield2018_NatMethods_TimeLapseSeq_SuppTable2
PCF11,RNA,K562,0.5732836531288908,1.209082409339353,0.582423659056146,0.564143647201635,0.03188920674767528,0.9686138920178228,Schofield2018_NatMethods_TimeLapseSeq_SuppTable2
PCGF3,RNA,K562,1.11093342222651,0.623932241745643,1.10809077915341,1.11377606529961,0.0051175871032793805,0.9948954854361405,Schofield2018_NatMethods_TimeLapseSeq_SuppTable2
PCGF5,RNA,K562,2.53969405402624,0.27292546496342024,2.98912607864351,2.09026202940898,0.35769163224878564,0.6992886798396802,Schofield2018_NatMethods_TimeLapseSeq_SuppTable2
PCID2,RNA,K562,1.71848263731746,0.40334837577523824,1.77730278481548,1.65966248981943,0.06848266335200989,0.9338096490923671,Schofield2018_NatMethods_TimeLapseSeq_SuppTable2
PCIF1,RNA,K562,0.9811166053029328,0.7064880737044776,1.00219092219943,0.960042288406436,0.04296647069629142,0.957943508707409,Schofield2018_NatMethods_TimeLapseSeq_SuppTable2
PCM1,RNA,K562,4.61967436121855,0.15004243294263517,4.60875871882234,4.63059000361477,0.004725728203838029,0.9952854204808917,Schofield2018_NatMethods_TimeLapseSeq_SuppTable2
PCMT1,RNA,K562,5.84301113304138,0.1186284203088881,6.15067121292133,5.53535105316142,0.10540622778736031,0.8999588600237245,Schofield2018_NatMethods_TimeLapseSeq_SuppTable2
PCNA,RNA,K562,3.42290160060808,0.20250280651854186,3.46913042844536,3.37667277277079,0.0270131276504008,0.9733484636621162,Schofield2018_NatMethods_TimeLapseSeq_SuppTable2
PCNP,RNA,K562,6.01925716425424,0.11515493717002923,6.8148104844417,5.22370384406678,0.2658915572135709,0.7665222468023966,Schofield2018_NatMethods_TimeLapseSeq_SuppTable2
PCNT,RNA,K562,2.00167716597179,0.34628320307757054,2.12960555154842,1.87374878039516,0.1279956559610048,0.8798572012703346,Schofield2018_NatMethods_TimeLapseSeq_SuppTable2
PCNX3,RNA,K562,1.46588864233902,0.47285118428500605,1.47636219274091,1.45541509193713,0.014289937619694736,0.9858116789316509,Schofield2018_NatMethods_TimeLapseSeq_SuppTable2
PCNX4,RNA,K562,1.00341828350031,0.6907858785889176,0.819811507744387,1.18702505925624,0.3701310605773591,0.690643808529249,Schofield2018_NatMethods_TimeLapseSeq_SuppTable2
PCSK6,RNA,K562,1.79890879340105,0.38531535512118353,1.59556586620605,2.00225172059606,0.2270439591827325,0.7968857510738251,Schofield2018_NatMethods_TimeLapseSeq_SuppTable2
PCTP,RNA,K562,2.1191736699598,0.32708370738349823,2.4939087188029694,1.74443862111663,0.35741844946938306,0.6994797395607681,Schofield2018_NatMethods_TimeLapseSeq_SuppTable2
PCYOX1,RNA,K562,2.47490503743709,0.2800702128263232,2.23204292183708,2.71776715303709,0.19689336901867668,0.8212782023444445,Schofield2018_NatMethods_TimeLapseSeq_SuppTable2
PCYT1A,RNA,K562,2.78249428274154,0.24911001070485586,2.97357481759557,2.59141374788751,0.13756129591053423,0.871480930142839,Schofield2018_NatMethods_TimeLapseSeq_SuppTable2
PCYT2,RNA,K562,3.57294608413566,0.19399877978500932,3.49402804066914,3.6518641276021695,0.04418252005518344,0.9567793101227275,Schofield2018_NatMethods_TimeLapseSeq_SuppTable2
PDAP1,RNA,K562,6.40315146577086,0.10825094240941853,6.8305790118551,5.97572391968661,0.13370419620021817,0.8748488099347346,Schofield2018_NatMethods_TimeLapseSeq_SuppTable2
PDCD10,RNA,K562,1.55319345663418,0.44627227702981537,1.36818676731092,1.73820014595744,0.2393638432980372,0.7871284388583983,Schofield2018_NatMethods_TimeLapseSeq_SuppTable2
PDCD11,RNA,K562,3.41710575367981,0.2028462770909298,3.46895151287374,3.36525999448588,0.030347166180125073,0.9701086861540015,Schofield2018_NatMethods_TimeLapseSeq_SuppTable2
PDCD2,RNA,K562,4.12739410525325,0.16793821062004324,4.23935639407098,4.01543181643551,0.05426657146187462,0.9471795817995761,Schofield2018_NatMethods_TimeLapseSeq_SuppTable2
PDCD6,RNA,K562,0.989696074337824,0.7003636758120004,0.941665300960106,1.03772684771554,0.09713797200176803,0.9074307974522346,Schofield2018_NatMethods_TimeLapseSeq_SuppTable2
PDCD6IP,RNA,K562,5.07683673933988,0.136531311946437,5.64325621889461,4.51041725978515,0.22407157465245509,0.7992579257137897,Schofield2018_NatMethods_TimeLapseSeq_SuppTable2
PDCD7,RNA,K562,0.4753663996382689,1.458132466003902,0.4930597786498709,0.4576730206266669,0.07447542117685542,0.9282302885867058,Schofield2018_NatMethods_TimeLapseSeq_SuppTable2
PDDC1,RNA,K562,1.4609832191461,0.47443883781572016,1.67083346343378,1.25113297485842,0.2892730611434469,0.7488077071949343,Schofield2018_NatMethods_TimeLapseSeq_SuppTable2
PDE12,RNA,K562,0.763785737730681,0.9075152183639705,0.864231772968382,0.66333970249298,0.26455375782781443,0.7675483860245073,Schofield2018_NatMethods_TimeLapseSeq_SuppTable2
PDE3A,RNA,K562,4.01762477567068,0.1725266094428231,3.66368289293698,4.37156665840438,0.17665255154899506,0.8380709203858331,Schofield2018_NatMethods_TimeLapseSeq_SuppTable2
PDE3B,RNA,K562,1.70231396792326,0.4071794002874517,1.80658843073713,1.59803950510938,0.12266265319189423,0.884562016406439,Schofield2018_NatMethods_TimeLapseSeq_SuppTable2
PDE4A,RNA,K562,0.6950002907302089,0.9973336555466522,0.656390947127054,0.733609634333364,0.11122048638850887,0.8947414488681312,Schofield2018_NatMethods_TimeLapseSeq_SuppTable2
PDE4DIP,RNA,K562,1.82799894360028,0.37918357829834315,1.99811734336627,1.65788054383429,0.18666540314870142,0.8297213120833153,Schofield2018_NatMethods_TimeLapseSeq_SuppTable2
PDE7A,RNA,K562,0.561964909620371,1.2334349862310672,0.4326171752321569,0.691312644008585,0.4687389579037526,0.6257909196100057,Schofield2018_NatMethods_TimeLapseSeq_SuppTable2
PDE8A,RNA,K562,1.06404403349775,0.6514271578417822,1.11345255272223,1.01463551427326,0.09293614710692202,0.9112516844948833,Schofield2018_NatMethods_TimeLapseSeq_SuppTable2
PDGFA,RNA,K562,0.8234054985982289,0.8418053823298044,0.8881414665966179,0.7586695305998399,0.15756475800738878,0.8542214941354805,Schofield2018_NatMethods_TimeLapseSeq_SuppTable2
PDHA1,RNA,K562,8.58308882453347,0.08075731181747627,8.59393135582184,8.57224629324509,0.00252648837207323,0.9974767005135478,Schofield2018_NatMethods_TimeLapseSeq_SuppTable2
PDHX,RNA,K562,1.67630057890375,0.41349814543000557,1.43898862806679,1.91361252974071,0.2850523072749303,0.7519749195317872,Schofield2018_NatMethods_TimeLapseSeq_SuppTable2
PDIA3,RNA,K562,6.30981422463355,0.10985223270978324,6.99432085054425,5.62530759872286,0.21782288188976112,0.8042678794589666,Schofield2018_NatMethods_TimeLapseSeq_SuppTable2
PDIA4,RNA,K562,5.16242877307022,0.13426765017577455,5.19606711917508,5.12879042696536,0.01303216903117728,0.9870523819907083,Schofield2018_NatMethods_TimeLapseSeq_SuppTable2
PDIA6,RNA,K562,8.43547773662971,0.0821704712170675,8.57685704783442,8.294098425425,0.03352330613291973,0.9670323731837395,Schofield2018_NatMethods_TimeLapseSeq_SuppTable2
PDIK1L,RNA,K562,0.280345639895344,2.472473553784195,0.2535930484960229,0.307098231294664,0.19143685715695521,0.8257717650372843,Schofield2018_NatMethods_TimeLapseSeq_SuppTable2
PDLIM5,RNA,K562,2.81029161091564,0.24664599853895813,2.95162347858426,2.66895974324701,0.10066656347427529,0.9042344874310225,Schofield2018_NatMethods_TimeLapseSeq_SuppTable2
PDLIM7,RNA,K562,2.57376454493495,0.2693125841382915,2.28402385108095,2.86350523878895,0.22610774793641916,0.7976321538168104,Schofield2018_NatMethods_TimeLapseSeq_SuppTable2
PDP2,RNA,K562,0.361359785404884,1.918163582545057,0.323429149675873,0.399290421133895,0.21070894650190253,0.8100097887582851,Schofield2018_NatMethods_TimeLapseSeq_SuppTable2
PDPK1,RNA,K562,0.7720109909078638,0.8978462596041841,0.796836062542157,0.747185919273571,0.06433492237899048,0.9376908932683262,Schofield2018_NatMethods_TimeLapseSeq_SuppTable2
PDPR,RNA,K562,1.87426824248903,0.369822827302161,1.97337851824578,1.77515796673228,0.10585764341568242,0.8995526962107064,Schofield2018_NatMethods_TimeLapseSeq_SuppTable2
PDS5A,RNA,K562,4.71794723010521,0.14691711177627736,4.99700756676499,4.43888689344543,0.11843560128321223,0.8883090197758333,Schofield2018_NatMethods_TimeLapseSeq_SuppTable2
PDS5B,RNA,K562,1.56122068306035,0.44397770800808134,1.50955767363476,1.61288369248593,0.06620701366459111,0.9359370924682646,Schofield2018_NatMethods_TimeLapseSeq_SuppTable2
PDSS1,RNA,K562,1.32139457923741,0.5245573059335293,1.45528245209637,1.18750670637845,0.20334410254844934,0.8159974063232999,Schofield2018_NatMethods_TimeLapseSeq_SuppTable2
PDXDC1,RNA,K562,2.17225469537738,0.3190911185667971,2.41281389922006,1.93169549153469,0.22239554914250392,0.8005986255960763,Schofield2018_NatMethods_TimeLapseSeq_SuppTable2
PDXK,RNA,K562,1.75958939163745,0.393925528225032,1.74100081143549,1.77817797183941,0.02112910186964467,0.9790925537304556,Schofield2018_NatMethods_TimeLapseSeq_SuppTable2
PDZD8,RNA,K562,1.02290197260733,0.6776281590240216,1.08002448240094,0.9657794628137288,0.1118034799675081,0.8942199723720711,Schofield2018_NatMethods_TimeLapseSeq_SuppTable2
PEA15,RNA,K562,1.91724624305649,0.3615326842184467,1.90434999039849,1.9301424957145,0.013453094204545301,0.9866369942254123,Schofield2018_NatMethods_TimeLapseSeq_SuppTable2
PEAK1,RNA,K562,0.61607834673157,1.125095832757704,0.645726302005114,0.586430391458027,0.09632175648886251,0.90817175889698,Schofield2018_NatMethods_TimeLapseSeq_SuppTable2
PEF1,RNA,K562,2.1404036465683,0.32383946909792705,2.4214706685433094,1.85933662459329,0.26415529919447317,0.7678542832450728,Schofield2018_NatMethods_TimeLapseSeq_SuppTable2
PELP1,RNA,K562,4.19592721691618,0.165195234503943,4.78525321566025,3.6066012181721105,0.28277310408516826,0.7536907778190556,Schofield2018_NatMethods_TimeLapseSeq_SuppTable2
PER1,RNA,K562,0.777838668285977,0.8911194683691215,0.7427381025849898,0.8129392339869639,0.09031286765779978,0.9136452904878499,Schofield2018_NatMethods_TimeLapseSeq_SuppTable2
PER2,RNA,K562,0.3123099926567339,2.2194204375708115,0.3093707125887649,0.3152492727247029,0.018823392934850944,0.9813526607527767,Schofield2018_NatMethods_TimeLapseSeq_SuppTable2
PER3,RNA,K562,1.97119597614497,0.3516378832689786,1.95704145656613,1.98535049572382,0.0143615987822851,0.9857410370518134,Schofield2018_NatMethods_TimeLapseSeq_SuppTable2
PES1,RNA,K562,3.8900091374586094,0.17818651732339807,4.18289405025139,3.59712422466583,0.15086866373947472,0.8599606352567415,Schofield2018_NatMethods_TimeLapseSeq_SuppTable2
PEX13,RNA,K562,0.6681642035789849,1.0373904750466134,0.6801752668687538,0.656153140289216,0.03595630309199785,0.9646824462022475,Schofield2018_NatMethods_TimeLapseSeq_SuppTable2
PEX14,RNA,K562,0.965373944168754,0.7180090002913715,1.06054137379301,0.870206514544502,0.19780423020158105,0.8205304725003059,Schofield2018_NatMethods_TimeLapseSeq_SuppTable2
PEX26,RNA,K562,3.09327361047702,0.22408207867943944,2.84559133720629,3.34095588374775,0.16048606141132818,0.8517296953990964,Schofield2018_NatMethods_TimeLapseSeq_SuppTable2
PEX5,RNA,K562,1.81129676328417,0.3826800746351243,1.84022948662818,1.78236403994016,0.03194968936860166,0.9685553094825984,Schofield2018_NatMethods_TimeLapseSeq_SuppTable2
PFAS,RNA,K562,4.90333728006669,0.14136232956638825,5.34357256467304,4.46310199546033,0.18005040992901258,0.8352281065604686,Schofield2018_NatMethods_TimeLapseSeq_SuppTable2
PFDN1,RNA,K562,2.71033185833713,0.2557425499123978,2.73043816528179,2.69022555139246,0.014837058221346096,0.9852724685727575,Schofield2018_NatMethods_TimeLapseSeq_SuppTable2
PFDN2,RNA,K562,2.52871527252943,0.27411041017148685,2.48324965207461,2.57418089298425,0.03596333769484767,0.9646756600682312,Schofield2018_NatMethods_TimeLapseSeq_SuppTable2
PFKFB3,RNA,K562,0.5825776638102889,1.18979360799123,0.5943183950869309,0.5708369325336469,0.040311607803996403,0.9604900963062917,Schofield2018_NatMethods_TimeLapseSeq_SuppTable2
PFKL,RNA,K562,2.74583332874598,0.2524359994116996,2.84827578516948,2.64339087232247,0.07465130921279771,0.9280670383416474,Schofield2018_NatMethods_TimeLapseSeq_SuppTable2
PFKP,RNA,K562,1.88732343819351,0.3672646492555644,1.62548624392874,2.14916063245828,0.2792703643492135,0.7563353894443227,Schofield2018_NatMethods_TimeLapseSeq_SuppTable2
PFN1,RNA,K562,7.25453692973516,0.09554671611345011,7.390030332237769,7.11904352723255,0.03735845911221216,0.9633307587625067,Schofield2018_NatMethods_TimeLapseSeq_SuppTable2
PGAM1,RNA,K562,6.98120109381983,0.09928766858951535,5.61708133901003,8.34532084862964,0.39588881007413346,0.6730815316624277,Schofield2018_NatMethods_TimeLapseSeq_SuppTable2
PGAM5,RNA,K562,2.41327945571292,0.28722209478022465,2.54573669923966,2.28082221218618,0.10988408002500917,0.8959379863861793,Schofield2018_NatMethods_TimeLapseSeq_SuppTable2
PGBD1,RNA,K562,0.7914830070103909,0.8757575013241509,0.65251890833919,0.9304471056815908,0.3548251123426313,0.7012960805130272,Schofield2018_NatMethods_TimeLapseSeq_SuppTable2
PGD,RNA,K562,6.03746622854841,0.11480762861784138,6.86008009710149,5.21485235999533,0.27420834022323803,0.7601736840067947,Schofield2018_NatMethods_TimeLapseSeq_SuppTable2
PGK1,RNA,K562,10.2541811446526,0.067596541428509,9.659333690066621,10.8490285992387,0.11615087629245306,0.8903408818319861,Schofield2018_NatMethods_TimeLapseSeq_SuppTable2
PGM3,RNA,K562,2.21752996073629,0.31257624150872737,2.1648094365364,2.27025048493619,0.047557833687637635,0.9535553239171518,Schofield2018_NatMethods_TimeLapseSeq_SuppTable2
PGPEP1,RNA,K562,1.69551803489364,0.4088114465874298,1.53694337049802,1.85409269928927,0.18759984581093558,0.8289463472280416,Schofield2018_NatMethods_TimeLapseSeq_SuppTable2
PGRMC2,RNA,K562,2.21392962095172,0.31308455968983173,2.58554924038328,1.84231000152017,0.33891773766389144,0.7125410619706735,Schofield2018_NatMethods_TimeLapseSeq_SuppTable2
PGS1,RNA,K562,0.7370530830816548,0.9404304743721621,0.6276268787019919,0.846479287461319,0.2991398851273444,0.7414556835576112,Schofield2018_NatMethods_TimeLapseSeq_SuppTable2
PHACTR1,RNA,K562,0.4206864286077879,1.6476575744405022,0.423345968201425,0.418026889014151,0.012643978243375058,0.9874356210125917,Schofield2018_NatMethods_TimeLapseSeq_SuppTable2
PHACTR2,RNA,K562,1.68300009438996,0.4118521340969928,1.62440769609413,1.7415924926858,0.06965666571822245,0.9327139976292886,Schofield2018_NatMethods_TimeLapseSeq_SuppTable2
PHACTR4,RNA,K562,0.816048932418405,0.849394139277612,0.851466147691577,0.780631717145234,0.08685625755246242,0.9168088705130752,Schofield2018_NatMethods_TimeLapseSeq_SuppTable2
PHAX,RNA,K562,0.4202379866155239,1.649415813506898,0.439052162739044,0.4014238104920039,0.08960047452764244,0.9142963970105644,Schofield2018_NatMethods_TimeLapseSeq_SuppTable2
PHB,RNA,K562,7.943536611948209,0.08725926680030067,8.22100895212849,7.66606427176792,0.06988959417731795,0.9324967672955896,Schofield2018_NatMethods_TimeLapseSeq_SuppTable2
PHB2,RNA,K562,5.99715232743729,0.1155793854674593,5.6827674939668,6.31153716090778,0.1049409050766377,0.9003777287670212,Schofield2018_NatMethods_TimeLapseSeq_SuppTable2
PHC2,RNA,K562,1.15855150674487,0.5982877554641051,1.28670566835598,1.03039734513377,0.22214070671778982,0.8008026780905579,Schofield2018_NatMethods_TimeLapseSeq_SuppTable2
PHC3,RNA,K562,0.5922923609556379,1.1702787782735922,0.507988401841565,0.676596320069711,0.2866162011780366,0.7507998296373027,Schofield2018_NatMethods_TimeLapseSeq_SuppTable2
PHF10,RNA,K562,4.66760696844912,0.14850161661967298,4.38960989563554,4.9456040412627,0.1192587484418409,0.8875781115939874,Schofield2018_NatMethods_TimeLapseSeq_SuppTable2
PHF12,RNA,K562,0.346683418356866,1.9993664070960537,0.345408316503137,0.3479585202105939,0.0073560345605552845,0.9926709548427972,Schofield2018_NatMethods_TimeLapseSeq_SuppTable2
PHF13,RNA,K562,0.320302176139593,2.164041433979706,0.31555011285048,0.3250542394287059,0.02967455329368182,0.9707614132492788,Schofield2018_NatMethods_TimeLapseSeq_SuppTable2
PHF14,RNA,K562,2.6538355434277894,0.2611869383830211,2.67641582507386,2.63125526178172,0.017017502556370644,0.9831264772577358,Schofield2018_NatMethods_TimeLapseSeq_SuppTable2
PHF19,RNA,K562,2.8469128033308,0.2434732738385891,3.07991981070992,2.61390579595168,0.16405798488415785,0.8486928090992006,Schofield2018_NatMethods_TimeLapseSeq_SuppTable2
PHF2,RNA,K562,0.739429462339461,0.9374081178303546,0.747763094733284,0.731095829945638,0.022541664063094522,0.9777105009527237,Schofield2018_NatMethods_TimeLapseSeq_SuppTable2
PHF20,RNA,K562,1.19046177714189,0.5822506810962732,1.26270876561836,1.11821478866541,0.12152575245909485,0.885568247495146,Schofield2018_NatMethods_TimeLapseSeq_SuppTable2
PHF20L1,RNA,K562,1.80490927054376,0.38403436220986487,1.54426885774906,2.06554968333846,0.2908458143591803,0.74763094308781,Schofield2018_NatMethods_TimeLapseSeq_SuppTable2
PHF21A,RNA,K562,0.823026232998167,0.8421933017066894,0.829714033061689,0.816338432934644,0.016252087719638646,0.9838792649104798,Schofield2018_NatMethods_TimeLapseSeq_SuppTable2
PHF23,RNA,K562,0.369262876928514,1.8771103835984368,0.3275124459028089,0.4110133079542179,0.2270995363127948,0.7968414636814873,Schofield2018_NatMethods_TimeLapseSeq_SuppTable2
PHF3,RNA,K562,0.7738755097722099,0.8956830547124731,0.745744666851012,0.802006352693407,0.0727332569198148,0.9298488276888963,Schofield2018_NatMethods_TimeLapseSeq_SuppTable2
PHF5A,RNA,K562,2.43238896148264,0.2849656002950465,2.38198773236315,2.48279019060213,0.04144768382949766,0.959399526137755,Schofield2018_NatMethods_TimeLapseSeq_SuppTable2
PHF6,RNA,K562,5.71590107430567,0.1212664760199938,4.0634480924575,7.36835405615385,0.5951624539897123,0.5514729696062607,Schofield2018_NatMethods_TimeLapseSeq_SuppTable2
PHF8,RNA,K562,1.82913190576659,0.37894871243276845,1.67625832656022,1.98200548497297,0.16754508032184237,0.8457384902661257,Schofield2018_NatMethods_TimeLapseSeq_SuppTable2
PHIP,RNA,K562,0.8274493530514099,0.837691368062354,0.890917071348139,0.76398163475468,0.15370759885745783,0.857522724981148,Schofield2018_NatMethods_TimeLapseSeq_SuppTable2
PHKA2,RNA,K562,1.87901728582207,0.36888813412735233,2.3063173365764,1.45171723506774,0.4629048700628697,0.6294525094377228,Schofield2018_NatMethods_TimeLapseSeq_SuppTable2
PHKB,RNA,K562,5.65328961682308,0.1226095295909262,5.65470678533306,5.6518724483131,0.0005013606716513935,0.9994987649886089,Schofield2018_NatMethods_TimeLapseSeq_SuppTable2
PHLDB1,RNA,K562,1.19177503757617,0.581609077808566,1.1997780027511,1.18377207240123,0.013430530460156385,0.9866592567015161,Schofield2018_NatMethods_TimeLapseSeq_SuppTable2
PHLPP1,RNA,K562,0.4364194996741049,1.5882589597338135,0.360176560706336,0.512662438641873,0.3530232566138725,0.7025608540007395,Schofield2018_NatMethods_TimeLapseSeq_SuppTable2
PHRF1,RNA,K562,0.5224678143929679,1.3266791971966392,0.5431485138439879,0.501787114941947,0.07920683277012748,0.923848822471562,Schofield2018_NatMethods_TimeLapseSeq_SuppTable2
PHTF2,RNA,K562,0.779956547032799,0.888699740000768,0.8714338854368499,0.688479208628748,0.23565487948712724,0.7900532904841235,Schofield2018_NatMethods_TimeLapseSeq_SuppTable2
PI4KA,RNA,K562,2.86707702846552,0.24176092015599687,2.91871487369753,2.8154391832335106,0.03602514287438189,0.9646160399583033,Schofield2018_NatMethods_TimeLapseSeq_SuppTable2
PI4KAP1,RNA,K562,0.642479499353903,1.0788627205334882,0.644327528704968,0.640631470002838,0.005752819972067378,0.9942636958107958,Schofield2018_NatMethods_TimeLapseSeq_SuppTable2
PI4KAP2,RNA,K562,0.747828262923223,0.9268801607610655,0.743039386789042,0.752617139057403,0.012807597233734827,0.9872740710099209,Schofield2018_NatMethods_TimeLapseSeq_SuppTable2
PI4KB,RNA,K562,1.19862655689633,0.5782845178691433,1.16303715242503,1.23421596136763,0.059401101021236774,0.9423287243314152,Schofield2018_NatMethods_TimeLapseSeq_SuppTable2
PIAS1,RNA,K562,0.540692840719853,1.2819610846652265,0.601314519637619,0.4800711618020879,0.2251837781635663,0.798369482398998,Schofield2018_NatMethods_TimeLapseSeq_SuppTable2
PIAS4,RNA,K562,0.6663162932691729,1.0402674939241408,0.76463103359657,0.568001552941776,0.2972692556841985,0.7428439704704185,Schofield2018_NatMethods_TimeLapseSeq_SuppTable2
PIBF1,RNA,K562,1.17090391727054,0.5919761394049483,1.15518015227513,1.18662768226596,0.026859095826573014,0.9734984018485238,Schofield2018_NatMethods_TimeLapseSeq_SuppTable2
PICALM,RNA,K562,3.9303875883871706,0.17635593563544133,3.28769462302015,4.5730805537542,0.330000462929068,0.7189234006213093,Schofield2018_NatMethods_TimeLapseSeq_SuppTable2
PIEZO1,RNA,K562,2.00157062079171,0.3463016360051162,2.05376884049612,1.9493724010873,0.05216908885601808,0.9491683594811957,Schofield2018_NatMethods_TimeLapseSeq_SuppTable2
PIGC,RNA,K562,0.709508039981112,0.976940558106146,0.684257762497656,0.7347583174645669,0.07120693297283158,0.931269161890983,Schofield2018_NatMethods_TimeLapseSeq_SuppTable2
PIGG,RNA,K562,1.65153766711477,0.4196980755339785,1.89605330458187,1.40702202964768,0.29829908248215187,0.7420793636168187,Schofield2018_NatMethods_TimeLapseSeq_SuppTable2
PIGT,RNA,K562,4.374074954827,0.15846714738964965,4.82492726353641,3.9232226461175905,0.20688224010086306,0.8131153967370031,Schofield2018_NatMethods_TimeLapseSeq_SuppTable2
PIGW,RNA,K562,1.1719660173924,0.5914396580390473,1.17679108868828,1.16714094609652,0.00823419533790054,0.9917996127906471,Schofield2018_NatMethods_TimeLapseSeq_SuppTable2
PIK3C2A,RNA,K562,1.02082408100175,0.6790074739221958,1.07118568823687,0.9704624737666308,0.0987486988375321,0.9059703508212235,Schofield2018_NatMethods_TimeLapseSeq_SuppTable2
PIK3C3,RNA,K562,1.91542558341086,0.36187633002459735,2.00795347243338,1.82289769438833,0.09668865571042695,0.907838612504907,Schofield2018_NatMethods_TimeLapseSeq_SuppTable2
PIK3CB,RNA,K562,1.01638150276655,0.6819753986797539,1.03309826763635,0.999664737896743,0.03289763232841971,0.9676376093282004,Schofield2018_NatMethods_TimeLapseSeq_SuppTable2
PIK3CD,RNA,K562,1.58200749624048,0.4381440557059032,1.56282779770737,1.60118719477359,0.024248479677568692,0.976043152736027,Schofield2018_NatMethods_TimeLapseSeq_SuppTable2
PIK3R1,RNA,K562,0.3931820932079829,1.762916451521328,0.393495909233821,0.392868277182145,0.0015962888335771005,0.998404984557786,Schofield2018_NatMethods_TimeLapseSeq_SuppTable2
PIK3R4,RNA,K562,0.8794650483202399,0.7881463645244824,0.844310864474868,0.914619232165612,0.07998708933637659,0.9231282645082045,Schofield2018_NatMethods_TimeLapseSeq_SuppTable2
PIKFYVE,RNA,K562,1.05779198089971,0.6552774014890769,1.05802068100324,1.05756328079618,0.00043241036276160715,0.9995676831131255,Schofield2018_NatMethods_TimeLapseSeq_SuppTable2
PIM1,RNA,K562,0.35361302485618,1.960185660134717,0.3569634358342709,0.3502626138780879,0.01895015740591746,0.9812282679862648,Schofield2018_NatMethods_TimeLapseSeq_SuppTable2
PIM2,RNA,K562,0.64372825451138,1.0767698570044537,0.7034368867557979,0.584019622266963,0.1860435772826339,0.8302374147031455,Schofield2018_NatMethods_TimeLapseSeq_SuppTable2
PIM3,RNA,K562,0.341335807040728,2.030689913751824,0.298501224767282,0.384170389314174,0.25231214044727285,0.7770021664089476,Schofield2018_NatMethods_TimeLapseSeq_SuppTable2
PIP4K2A,RNA,K562,1.21603117172841,0.5700077404880487,1.22482499110742,1.2072373523494,0.014463400085690234,0.9856406924371145,Schofield2018_NatMethods_TimeLapseSeq_SuppTable2
PIP4K2B,RNA,K562,2.60744886267632,0.2658334705933561,2.79431876635014,2.42057895900251,0.1435815931171335,0.8662501172563793,Schofield2018_NatMethods_TimeLapseSeq_SuppTable2
PIP4K2C,RNA,K562,1.40228916034211,0.4942968969330416,1.51900441413921,1.28557390654501,0.16684989103858153,0.846326643016057,Schofield2018_NatMethods_TimeLapseSeq_SuppTable2
PIP5K1A,RNA,K562,0.282292610821965,2.4554209142834993,0.249065287449932,0.3155199341939969,0.2365068021598299,0.7893805127912922,Schofield2018_NatMethods_TimeLapseSeq_SuppTable2
PIP5K1C,RNA,K562,0.840375009832376,0.8248069878924681,0.836685622028489,0.844064397636262,0.008780393190094918,0.9912580418882295,Schofield2018_NatMethods_TimeLapseSeq_SuppTable2
PISD,RNA,K562,0.783138654526883,0.8850887088170815,0.813833997594101,0.752443311459664,0.07843075086866894,0.9245660831128665,Schofield2018_NatMethods_TimeLapseSeq_SuppTable2
PITHD1,RNA,K562,3.26993855784338,0.21197559779749992,3.39270169982019,3.14717541586657,0.07512120839411733,0.9276310428451069,Schofield2018_NatMethods_TimeLapseSeq_SuppTable2
PITPNA,RNA,K562,4.45153992749475,0.15570952790488315,5.50001574505847,3.40306410993102,0.4800747203917123,0.6187371577960532,Schofield2018_NatMethods_TimeLapseSeq_SuppTable2
PITPNB,RNA,K562,2.22736031897378,0.3111966998133924,2.27121585011252,2.18350478783505,0.03938401821625471,0.961381450260166,Schofield2018_NatMethods_TimeLapseSeq_SuppTable2
PITX1,RNA,K562,1.20515444135852,0.5751521603974588,1.21436895232732,1.19593993038972,0.015292132226578384,0.9848241986899606,Schofield2018_NatMethods_TimeLapseSeq_SuppTable2
PJA2,RNA,K562,1.32967061678035,0.5212923951334085,1.51880752476025,1.14053370880045,0.28642918530927447,0.750940254250115,Schofield2018_NatMethods_TimeLapseSeq_SuppTable2
PKD1,RNA,K562,0.924969377110743,0.7493731119240691,0.930608748752873,0.9193300054686128,0.012193790750991322,0.9878802522549084,Schofield2018_NatMethods_TimeLapseSeq_SuppTable2
PKM,RNA,K562,6.32052154883325,0.1096661367585873,6.24880793076945,6.39223516689705,0.022693284123455275,0.9775622716651047,Schofield2018_NatMethods_TimeLapseSeq_SuppTable2
PKMYT1,RNA,K562,1.21918339467117,0.5685339741252761,1.49331187210738,0.945054917234972,0.45750862599960607,0.6328583699674863,Schofield2018_NatMethods_TimeLapseSeq_SuppTable2
PKN1,RNA,K562,4.73436873670288,0.14640751895524481,4.21010599045208,5.25863148295368,0.2223829952982588,0.800608676249612,Schofield2018_NatMethods_TimeLapseSeq_SuppTable2
PKN2,RNA,K562,0.5816122701700959,1.1917684961447432,0.557428929318566,0.605795611021626,0.08320763947231143,0.9201600658322805,Schofield2018_NatMethods_TimeLapseSeq_SuppTable2
PKP3,RNA,K562,3.38788935375081,0.20459557800863423,3.54589728656446,3.22988142093716,0.09334581645611292,0.9108784490671245,Schofield2018_NatMethods_TimeLapseSeq_SuppTable2
PKP4,RNA,K562,3.9864478378736,0.17387589371536213,4.21718777485445,3.75570790089276,0.11589171218263054,0.8905716561369816,Schofield2018_NatMethods_TimeLapseSeq_SuppTable2
PLA2G12A,RNA,K562,5.43803188393259,0.12746287542151852,5.24131427231899,5.6347494955462,0.07238040919764427,0.9301769806203118,Schofield2018_NatMethods_TimeLapseSeq_SuppTable2
PLAGL1,RNA,K562,2.36468472121229,0.2931245651236725,2.0999923526367894,2.62937708978778,0.22481326702610357,0.7986653419902894,Schofield2018_NatMethods_TimeLapseSeq_SuppTable2
PLAGL2,RNA,K562,0.357838097106344,1.937041321662161,0.39267273074709,0.323003463465598,0.19531347278405084,0.8225767622087206,Schofield2018_NatMethods_TimeLapseSeq_SuppTable2
PLCB3,RNA,K562,1.85735094657918,0.3731912818288679,2.29781957461046,1.4168823185479,0.4835017547089771,0.6166203535750183,Schofield2018_NatMethods_TimeLapseSeq_SuppTable2
PLCD1,RNA,K562,1.73108827786593,0.4004112265230349,1.66208296416324,1.80009359156862,0.07976704540983082,0.9233314156264975,Schofield2018_NatMethods_TimeLapseSeq_SuppTable2
PLCG1,RNA,K562,2.35126083950579,0.2947980797849878,2.5919322240763494,2.11058945493522,0.2054363590273976,0.8142919152476455,Schofield2018_NatMethods_TimeLapseSeq_SuppTable2
PLCL1,RNA,K562,0.787378616665051,0.8803225867318777,0.98368598596156,0.591071247368541,0.5093701621017409,0.6008739128175794,Schofield2018_NatMethods_TimeLapseSeq_SuppTable2
PLCXD1,RNA,K562,1.16020742593273,0.5974338424895883,1.27518717350544,1.04522767836002,0.19885823487088272,0.8196660851651525,Schofield2018_NatMethods_TimeLapseSeq_SuppTable2
PLD3,RNA,K562,4.85497376397949,0.14277053064686213,5.1508263404426,4.55912118751638,0.12202727334194396,0.8851242278777011,Schofield2018_NatMethods_TimeLapseSeq_SuppTable2
PLEC,RNA,K562,2.33728360794914,0.29656100706073507,2.59708416794054,2.07748304795774,0.2232322539496655,0.7999290410388054,Schofield2018_NatMethods_TimeLapseSeq_SuppTable2
PLEKHA2,RNA,K562,1.3250167134985,0.5231233489348208,1.40101060543062,1.24902282156638,0.1148323343796199,0.8915156078939712,Schofield2018_NatMethods_TimeLapseSeq_SuppTable2
PLEKHA5,RNA,K562,0.689486813737339,1.0053088278842714,0.6748542239148169,0.704119403559862,0.04245124612751279,0.9584371919065328,Schofield2018_NatMethods_TimeLapseSeq_SuppTable2
PLEKHB2,RNA,K562,1.58125396677314,0.4383528485145549,1.70261605073431,1.45989188281196,0.1538035415040703,0.8574404559280014,Schofield2018_NatMethods_TimeLapseSeq_SuppTable2
PLEKHF2,RNA,K562,0.3530206508096069,1.9634748816260537,0.405769581533484,0.30027172008573,0.30109766697895396,0.7400054951160788,Schofield2018_NatMethods_TimeLapseSeq_SuppTable2
PLEKHM2,RNA,K562,2.07979723085854,0.33327632630504767,2.16149761476485,1.99809684695223,0.07860617061603611,0.924403910188725,Schofield2018_NatMethods_TimeLapseSeq_SuppTable2
PLIN3,RNA,K562,2.86466575132416,0.241964417747357,3.1603259380121,2.56900556463621,0.20715628302395797,0.8128925987463683,Schofield2018_NatMethods_TimeLapseSeq_SuppTable2
PLK1,RNA,K562,1.48824963838161,0.46574658087181187,1.51394639515239,1.46255288161083,0.03453629044382529,0.9660532805480296,Schofield2018_NatMethods_TimeLapseSeq_SuppTable2
PLK4,RNA,K562,0.841134464939225,0.8240622747636761,0.758088453773057,0.924180476105392,0.19810730056330664,0.8202818317129282,Schofield2018_NatMethods_TimeLapseSeq_SuppTable2
PLOD1,RNA,K562,3.72764013050072,0.18594798754536357,3.97771093289018,3.47756932811126,0.13437293053878863,0.8742639640695257,Schofield2018_NatMethods_TimeLapseSeq_SuppTable2
PLXNA1,RNA,K562,2.05616241286206,0.3371072130411742,1.94110293838269,2.17122188734142,0.11203375433980488,0.8940140801360004,Schofield2018_NatMethods_TimeLapseSeq_SuppTable2
PLXNA3,RNA,K562,0.9517535250112628,0.7282843323871512,0.9488794197510108,0.9546276302715148,0.006039618286197576,0.9939785835458491,Schofield2018_NatMethods_TimeLapseSeq_SuppTable2
PLXNB2,RNA,K562,2.56353604330986,0.2703871405938969,2.53219519506154,2.59487689155818,0.024452482292739594,0.9758440576889948,Schofield2018_NatMethods_TimeLapseSeq_SuppTable2
PML,RNA,K562,0.835803080130147,0.829318767827479,0.8445182111081139,0.8270879491521789,0.020855263791838663,0.9793607032664644,Schofield2018_NatMethods_TimeLapseSeq_SuppTable2
PMM2,RNA,K562,0.498573233265803,1.3902615188938745,0.5685638439887029,0.428582622542903,0.2826300718952284,0.7537985875714932,Schofield2018_NatMethods_TimeLapseSeq_SuppTable2
PMPCA,RNA,K562,3.73339189286562,0.185661511154113,3.11546761484679,4.35131617088446,0.3340991092567931,0.7159828181856829,Schofield2018_NatMethods_TimeLapseSeq_SuppTable2
PNISR,RNA,K562,1.35601145927248,0.5111661673801997,1.352815691762,1.35920722678296,0.004713490295852161,0.9952976007668177,Schofield2018_NatMethods_TimeLapseSeq_SuppTable2
PNKD,RNA,K562,1.44653962142904,0.47917607668097156,1.47914297146989,1.41393627138818,0.045085349998061,0.9559158909318203,Schofield2018_NatMethods_TimeLapseSeq_SuppTable2
PNMA1,RNA,K562,1.10877470490699,0.625147000100521,1.24180042290593,0.975748986908058,0.24111219169934814,0.7857534664263629,Schofield2018_NatMethods_TimeLapseSeq_SuppTable2
PNMAL1,RNA,K562,1.51639930816518,0.45710069691250566,1.70362346923972,1.32917514709064,0.2481988755551181,0.7802047641922978,Schofield2018_NatMethods_TimeLapseSeq_SuppTable2
PNN,RNA,K562,0.915907428427574,0.7567873772461234,0.956516111269854,0.8752987455852939,0.08873238110965337,0.915090436295174,Schofield2018_NatMethods_TimeLapseSeq_SuppTable2
PNO1,RNA,K562,2.2239326079916,0.31167634220081697,2.28539814741179,2.16246706857141,0.05529052180968643,0.9462102133146473,Schofield2018_NatMethods_TimeLapseSeq_SuppTable2
PNP,RNA,K562,2.24279401898269,0.3090552117997667,2.36650765126041,2.11908038670498,0.11043308879547824,0.8954462435717673,Schofield2018_NatMethods_TimeLapseSeq_SuppTable2
PNPT1,RNA,K562,3.18954260339323,0.2173186775503588,3.05560658345307,3.32347862333339,0.08403388526845837,0.9194001014480276,Schofield2018_NatMethods_TimeLapseSeq_SuppTable2
PNRC2,RNA,K562,0.873786112532769,0.7932687080031278,0.858353855041152,0.8892183700243849,0.035326407993688386,0.9652902863642072,Schofield2018_NatMethods_TimeLapseSeq_SuppTable2
POFUT1,RNA,K562,1.2020856632811,0.5766204537104253,1.2775649305482,1.126606396014,0.12574594333113667,0.8818388553688429,Schofield2018_NatMethods_TimeLapseSeq_SuppTable2
POGK,RNA,K562,0.838552205440792,0.8265999135922452,0.8329871325522828,0.844117278329302,0.013273245377598136,0.9868144556890861,Schofield2018_NatMethods_TimeLapseSeq_SuppTable2
POGZ,RNA,K562,0.664737809501597,1.0427377089918337,0.7233877022287019,0.606087916774491,0.17692026668090688,0.8378465861490053,Schofield2018_NatMethods_TimeLapseSeq_SuppTable2
POLA1,RNA,K562,3.26891149052264,0.21204219893060597,3.97540251254406,2.56242046850121,0.43917369669669387,0.644568810432579,Schofield2018_NatMethods_TimeLapseSeq_SuppTable2
POLA2,RNA,K562,1.65132053276481,0.41975326219641157,1.72198605400223,1.58065501152739,0.08563898186292612,0.9179255591841994,Schofield2018_NatMethods_TimeLapseSeq_SuppTable2
POLD1,RNA,K562,2.57577640354533,0.26910223247867676,2.24396811391165,2.90758469317902,0.259076956124053,0.7717636288207991,Schofield2018_NatMethods_TimeLapseSeq_SuppTable2
POLD2,RNA,K562,7.27518174306508,0.09527558280185562,8.11023750263204,6.44012598349811,0.23057905027669912,0.7940736607785007,Schofield2018_NatMethods_TimeLapseSeq_SuppTable2
POLD3,RNA,K562,0.74293521740123,0.9329846860464602,0.849448790328251,0.636421644474209,0.2887263504752332,0.749217200283819,Schofield2018_NatMethods_TimeLapseSeq_SuppTable2
POLDIP3,RNA,K562,1.28262726962244,0.5404120097680313,1.26725856128708,1.29799597795779,0.02396556548419661,0.9763193282624257,Schofield2018_NatMethods_TimeLapseSeq_SuppTable2
POLE,RNA,K562,1.79467234657005,0.3862249183728035,1.93748132822662,1.65186336491349,0.15948488236652497,0.8525828563341271,Schofield2018_NatMethods_TimeLapseSeq_SuppTable2
POLE3,RNA,K562,3.15195906151276,0.21990995664368632,3.31734423234862,2.98657389067691,0.1050376583513574,0.9002906184874486,Schofield2018_NatMethods_TimeLapseSeq_SuppTable2
POLG,RNA,K562,1.41194128335228,0.49091785099891067,1.31672801917744,1.50715454752713,0.13507358148680457,0.8736516247374013,Schofield2018_NatMethods_TimeLapseSeq_SuppTable2
POLG2,RNA,K562,0.5941570113519359,1.1666060777146576,0.703251159385181,0.4850628633186899,0.37143559835063406,0.6897434250129887,Schofield2018_NatMethods_TimeLapseSeq_SuppTable2
POLH,RNA,K562,0.9466797354735867,0.7321876180366225,0.8815799123390688,1.0117795586081,0.137750345977468,0.8713161921870154,Schofield2018_NatMethods_TimeLapseSeq_SuppTable2
POLK,RNA,K562,0.5069534976869619,1.3672796099100117,0.5195948807116239,0.494312114662301,0.04988230364719321,0.951341387323339,Schofield2018_NatMethods_TimeLapseSeq_SuppTable2
POLQ,RNA,K562,1.03731059011296,0.6682156599639686,1.06507564212677,1.00954553809916,0.053545554798639323,0.9478627603230828,Schofield2018_NatMethods_TimeLapseSeq_SuppTable2
POLR1A,RNA,K562,2.27831485887974,0.3042367817856262,2.29179652991653,2.26483318784296,0.011834912407501714,0.9882348447073739,Schofield2018_NatMethods_TimeLapseSeq_SuppTable2
POLR1B,RNA,K562,0.832572484638864,0.8325367380602354,0.763625663042576,0.901519306235152,0.16600375884113652,0.847043050283154,Schofield2018_NatMethods_TimeLapseSeq_SuppTable2
POLR1C,RNA,K562,0.468907401901802,1.478217613432136,0.497300078453426,0.4405147253501769,0.12124974994415434,0.8858127002918476,Schofield2018_NatMethods_TimeLapseSeq_SuppTable2
POLR1D,RNA,K562,1.65981979146037,0.4176038773161568,1.57249171063408,1.74714787228667,0.10532323300091555,0.9000335550167259,Schofield2018_NatMethods_TimeLapseSeq_SuppTable2
POLR1E,RNA,K562,1.85288922123348,0.37408992001071323,1.82665922766521,1.87911921480176,0.02831442445765694,0.9720826721778351,Schofield2018_NatMethods_TimeLapseSeq_SuppTable2
POLR2A,RNA,K562,2.64663877757682,0.26189716044082495,2.72558322266341,2.56769433249024,0.059674082541198756,0.9420715211114036,Schofield2018_NatMethods_TimeLapseSeq_SuppTable2
POLR2B,RNA,K562,3.28842459995628,0.21078396645286038,3.14461181079505,3.43223738911751,0.08752189661249979,0.9161988097809244,Schofield2018_NatMethods_TimeLapseSeq_SuppTable2
POLR2C,RNA,K562,3.64443563689648,0.19019328357523524,3.65461339729536,3.6342578764976,0.005585384334984248,0.9944301849238488,Schofield2018_NatMethods_TimeLapseSeq_SuppTable2
POLR2D,RNA,K562,1.16943212363479,0.5927211734234975,1.17597949790639,1.1628847493632,0.01119764465543106,0.9888648156141304,Schofield2018_NatMethods_TimeLapseSeq_SuppTable2
POLR2E,RNA,K562,5.43313636034357,0.12757772575325413,5.97476770984386,4.89150501084329,0.20004519073534519,0.8186937548691949,Schofield2018_NatMethods_TimeLapseSeq_SuppTable2
POLR3A,RNA,K562,1.60960146208903,0.4306327975499851,1.74383275466049,1.47537016951757,0.16717650264047984,0.846050268051544,Schofield2018_NatMethods_TimeLapseSeq_SuppTable2
POLR3B,RNA,K562,1.37224083268701,0.5051206494144916,1.12355204907728,1.62092961629675,0.3665046826961076,0.6931528906506123,Schofield2018_NatMethods_TimeLapseSeq_SuppTable2
POLR3C,RNA,K562,1.24094683920238,0.5585631540876211,1.2045883352465,1.27730534315826,0.058614780151306695,0.9430699884712296,Schofield2018_NatMethods_TimeLapseSeq_SuppTable2
POLR3D,RNA,K562,0.758967751668435,0.9132761952483532,0.7396428441410439,0.778292659195826,0.05093519544095277,0.9503402549180957,Schofield2018_NatMethods_TimeLapseSeq_SuppTable2
POLR3E,RNA,K562,1.38455355150037,0.5006286537698864,1.29262424192755,1.47648286107318,0.13298836626446978,0.8754752770973633,Schofield2018_NatMethods_TimeLapseSeq_SuppTable2
POLR3G,RNA,K562,2.73655294879903,0.2532920771235731,2.9317191912634306,2.54138670633463,0.1428791262219271,0.8668588430665538,Schofield2018_NatMethods_TimeLapseSeq_SuppTable2
POLR3H,RNA,K562,2.25714898168007,0.30708968977493595,2.67634869571715,1.837949267643,0.37580301698678287,0.6867375953604977,Schofield2018_NatMethods_TimeLapseSeq_SuppTable2
POLR3K,RNA,K562,4.00118993118692,0.1732352606301618,3.53660185801276,4.46577800436108,0.23327710524166156,0.7919340940277534,Schofield2018_NatMethods_TimeLapseSeq_SuppTable2
POLRMT,RNA,K562,1.67781029733102,0.41312607370605037,1.58191222233951,1.77370837232253,0.11443809791751365,0.8918671451429875,Schofield2018_NatMethods_TimeLapseSeq_SuppTable2
POM121,RNA,K562,1.31341583896026,0.527743887349997,1.32496321783893,1.30186846008158,0.017584189371922472,0.9825695102728825,Schofield2018_NatMethods_TimeLapseSeq_SuppTable2
POM121C,RNA,K562,0.941381451538643,0.7363085170490977,0.984250420341108,0.898512482736177,0.09113975790243405,0.9128901183753448,Schofield2018_NatMethods_TimeLapseSeq_SuppTable2
POMP,RNA,K562,9.61057491120308,0.07212338356074216,9.95889276840286,9.262257054003301,0.07251813629514586,0.9300488788663521,Schofield2018_NatMethods_TimeLapseSeq_SuppTable2
POP1,RNA,K562,0.958360200188184,0.7232637378136515,0.9526405748778988,0.964079825498468,0.011936416431071748,0.9881345399851565,Schofield2018_NatMethods_TimeLapseSeq_SuppTable2
POP4,RNA,K562,2.20944920657055,0.31371944577799565,2.50087300601741,1.9180254071237,0.2653436502750915,0.7669423447366953,Schofield2018_NatMethods_TimeLapseSeq_SuppTable2
POP7,RNA,K562,0.622362938281621,1.113734668188571,0.620303825257351,0.624422051305892,0.006617105264412816,0.9934047395668869,Schofield2018_NatMethods_TimeLapseSeq_SuppTable2
POR,RNA,K562,3.13205015162031,0.22130781660739307,3.3293359624578,2.93476434078283,0.12614571612625267,0.8814863906423889,Schofield2018_NatMethods_TimeLapseSeq_SuppTable2
POT1,RNA,K562,1.45326683042282,0.4769579584764058,1.31990159534522,1.58663206550041,0.18405638704123595,0.8318888947507401,Schofield2018_NatMethods_TimeLapseSeq_SuppTable2
POU2F1,RNA,K562,0.689788726123924,1.0048688160719779,0.714199234059758,0.66537821818809,0.07080633458036552,0.9316423015547743,Schofield2018_NatMethods_TimeLapseSeq_SuppTable2
PP7080,RNA,K562,0.5010114244133799,1.3834957583482888,0.4987156900309689,0.503307158795791,0.009164463476277045,0.9908774022292716,Schofield2018_NatMethods_TimeLapseSeq_SuppTable2
PPA1,RNA,K562,7.98683718182023,0.08678619142727716,8.2486986100885,7.72497575355197,0.06559675959185353,0.9365084262024077,Schofield2018_NatMethods_TimeLapseSeq_SuppTable2
PPA2,RNA,K562,2.66877229976525,0.25972511053899794,2.60854032638847,2.72900427314203,0.04514600458283337,0.95585791200874,Schofield2018_NatMethods_TimeLapseSeq_SuppTable2
PPARD,RNA,K562,0.764056840352049,0.9071932138459343,0.773935114765628,0.7541785659384699,0.02585887420208843,0.974472603128828,Schofield2018_NatMethods_TimeLapseSeq_SuppTable2
PPARGC1B,RNA,K562,0.4205694983093499,1.6481156701718318,0.4210439685323439,0.420095028086357,0.002256323514637036,0.9977462200698548,Schofield2018_NatMethods_TimeLapseSeq_SuppTable2
PPAT,RNA,K562,0.91699086867065,0.7558932201416486,0.974086325785524,0.8598954115557769,0.12468916250316892,0.8827712583505767,Schofield2018_NatMethods_TimeLapseSeq_SuppTable2
PPFIA1,RNA,K562,1.05098676055438,0.6595203732103346,1.00706169529091,1.09491182581785,0.0836369573733002,0.9197651094312366,Schofield2018_NatMethods_TimeLapseSeq_SuppTable2
PPFIA3,RNA,K562,1.92324008290697,0.3604059559284226,1.42406018332778,2.42241998248617,0.531254957602205,0.587866758705583,Schofield2018_NatMethods_TimeLapseSeq_SuppTable2
PPHLN1,RNA,K562,3.40113852775485,0.20379857359632558,3.57006758027266,3.2322094752370494,0.09941857421940548,0.9053636668105294,Schofield2018_NatMethods_TimeLapseSeq_SuppTable2
PPIA,RNA,K562,9.64278132368074,0.07188249502845352,9.20885672367504,10.0767059236864,0.09006070762489597,0.9138757043637261,Schofield2018_NatMethods_TimeLapseSeq_SuppTable2
PPIB,RNA,K562,7.08883741763625,0.09778009280273112,7.589916063677939,6.58775877159456,0.14160733723098137,0.8679620059463804,Schofield2018_NatMethods_TimeLapseSeq_SuppTable2
PPID,RNA,K562,7.931320906184849,0.08739366226115358,6.58594893188119,9.2766928804885,0.3425666827636049,0.7099457766606995,Schofield2018_NatMethods_TimeLapseSeq_SuppTable2
PPIE,RNA,K562,2.72180058642842,0.25466493909074417,3.23782344074397,2.20577773211287,0.3838211668258696,0.6812532469670546,Schofield2018_NatMethods_TimeLapseSeq_SuppTable2
PPIF,RNA,K562,2.19347990905502,0.31600343258150115,2.17373231645069,2.21322750165934,0.01800620655122095,0.9821549365444632,Schofield2018_NatMethods_TimeLapseSeq_SuppTable2
PPIG,RNA,K562,1.80457505115128,0.38410548794727734,1.83158921953907,1.77756088276348,0.02994188195230033,0.9705019355872891,Schofield2018_NatMethods_TimeLapseSeq_SuppTable2
PPIL1,RNA,K562,2.27894067335275,0.30415323604725325,2.49330065037405,2.06458069633145,0.18868024192258792,0.828051240439743,Schofield2018_NatMethods_TimeLapseSeq_SuppTable2
PPIL2,RNA,K562,3.06331315964392,0.22627369271005804,2.99246628733609,3.13416003195174,0.04626331312520011,0.9547905202123923,Schofield2018_NatMethods_TimeLapseSeq_SuppTable2
PPIL4,RNA,K562,1.20896063672937,0.5733413971484902,1.13682775955965,1.2810935138991,0.11947230441385263,0.8873885842257005,Schofield2018_NatMethods_TimeLapseSeq_SuppTable2
PPIP5K2,RNA,K562,6.55184424759778,0.1057942091364712,7.09620979086135,6.00747870433421,0.16655566545941164,0.8465756905990534,Schofield2018_NatMethods_TimeLapseSeq_SuppTable2
PPM1A,RNA,K562,0.8126041844621938,0.8529948452316809,0.804351348415534,0.820857020508853,0.020312767195597024,0.9798921472547228,Schofield2018_NatMethods_TimeLapseSeq_SuppTable2
PPM1B,RNA,K562,0.754878281237922,0.9182237690336724,0.8208606715925089,0.688895890883335,0.17526323148613557,0.8392360783308623,Schofield2018_NatMethods_TimeLapseSeq_SuppTable2
PPM1D,RNA,K562,0.3887221617579699,1.7831429456587544,0.365508175643287,0.4119361478726539,0.11957970912637937,0.8872932796280854,Schofield2018_NatMethods_TimeLapseSeq_SuppTable2
PPM1F,RNA,K562,2.3196404741137906,0.29881664348211523,2.57350233332079,2.0657786149067894,0.21976053821249625,0.8027109935591761,Schofield2018_NatMethods_TimeLapseSeq_SuppTable2
PPM1G,RNA,K562,3.51422878238003,0.19724019791634276,3.54501494415956,3.4834426206005,0.017521311949406978,0.9826312936535003,Schofield2018_NatMethods_TimeLapseSeq_SuppTable2
PPME1,RNA,K562,3.20985039396865,0.21594376543603955,3.20634032347921,3.21336046445808,0.0021870626089970056,0.9978153272698418,Schofield2018_NatMethods_TimeLapseSeq_SuppTable2
PPP1CA,RNA,K562,6.81730087150849,0.1016747234168308,7.48181110973207,6.15279063328492,0.19556914923836172,0.8223664755825755,Schofield2018_NatMethods_TimeLapseSeq_SuppTable2
PPP1CB,RNA,K562,3.28573601967889,0.21095644215133433,3.00294069678263,3.56853134257515,0.17256208169854978,0.8415060450654822,Schofield2018_NatMethods_TimeLapseSeq_SuppTable2
PPP1CC,RNA,K562,3.0213999532728,0.22941258730381714,3.60768808949731,2.4351118170483,0.3930744725282366,0.6749784783605295,Schofield2018_NatMethods_TimeLapseSeq_SuppTable2
PPP1R10,RNA,K562,0.347681344206797,1.9936277632074184,0.318812781442532,0.376549906971062,0.16644655502470315,0.8466680658801301,Schofield2018_NatMethods_TimeLapseSeq_SuppTable2
PPP1R12A,RNA,K562,0.543863610463534,1.2744871457187164,0.518519855522353,0.569207365404715,0.09326648495879443,0.9109507132847405,Schofield2018_NatMethods_TimeLapseSeq_SuppTable2
PPP1R12B,RNA,K562,0.978522433747074,0.7083610519849443,0.927543283597409,1.02950158389674,0.10429060463322948,0.9009634352252172,Schofield2018_NatMethods_TimeLapseSeq_SuppTable2
PPP1R12C,RNA,K562,1.53170164170677,0.4525340717057493,1.6977457538334,1.36565752958014,0.2176653246477208,0.8043946076711274,Schofield2018_NatMethods_TimeLapseSeq_SuppTable2
PPP1R14B,RNA,K562,7.255036525425,0.0955401365838528,7.13946751528314,7.37060553556686,0.031861669167853844,0.9686405656674526,Schofield2018_NatMethods_TimeLapseSeq_SuppTable2
PPP1R14C,RNA,K562,1.7997512615673,0.3851349880184683,1.99739060429837,1.60211191883623,0.22051892269871512,0.8021024607748213,Schofield2018_NatMethods_TimeLapseSeq_SuppTable2
PPP1R15A,RNA,K562,0.307380269270674,2.255015203820943,0.309451324046536,0.305309214494813,0.013475725828546392,0.9866146652806045,Schofield2018_NatMethods_TimeLapseSeq_SuppTable2
PPP1R15B,RNA,K562,0.289876181413519,2.3911836328875378,0.283393522448937,0.296358840378102,0.0447345482297126,0.9562512867420336,Schofield2018_NatMethods_TimeLapseSeq_SuppTable2
PPP1R18,RNA,K562,0.627295361576569,1.1049773727289682,0.611119395162725,0.643471327990414,0.051585120182777194,0.94972280594269,Schofield2018_NatMethods_TimeLapseSeq_SuppTable2
PPP1R2,RNA,K562,2.30800127932212,0.30032356860890846,2.11988330902034,2.49611924962391,0.1633761814034909,0.8492716481152663,Schofield2018_NatMethods_TimeLapseSeq_SuppTable2
PPP1R26,RNA,K562,0.847782351375828,0.8176003893393956,0.844256383363546,0.85130831938811,0.008318145186987157,0.9917163548576235,Schofield2018_NatMethods_TimeLapseSeq_SuppTable2
PPP1R8,RNA,K562,0.696535163909701,0.9951359478669551,0.6993081148090449,0.693762213010358,0.007962169586087019,0.9920694445248911,Schofield2018_NatMethods_TimeLapseSeq_SuppTable2
PPP1R9B,RNA,K562,0.868420725244555,0.7981697815477041,0.850753730086436,0.886087720402674,0.04069325509094509,0.9601235978079226,Schofield2018_NatMethods_TimeLapseSeq_SuppTable2
PPP2CB,RNA,K562,2.26984981659379,0.30537138426193516,2.17056708630095,2.36913254688663,0.08753541067147985,0.9161864282998338,Schofield2018_NatMethods_TimeLapseSeq_SuppTable2
PPP2R1A,RNA,K562,2.8177717141072,0.24599124800980063,2.88373629874324,2.75180712947116,0.046828945452802764,0.954250612537084,Schofield2018_NatMethods_TimeLapseSeq_SuppTable2
PPP2R1B,RNA,K562,3.5559706959015,0.19492488544937814,3.8165905067177,3.29535088508529,0.1468448341140112,0.8634279415842596,Schofield2018_NatMethods_TimeLapseSeq_SuppTable2
PPP2R2A,RNA,K562,0.8307828195712,0.8343301814037344,0.871284948341968,0.790280690800431,0.09758088697886999,0.9070289717552381,Schofield2018_NatMethods_TimeLapseSeq_SuppTable2
PPP2R2D,RNA,K562,1.15504940935128,0.6001017575077099,1.09759899799431,1.21249982070825,0.09955913087699746,0.9052364208624594,Schofield2018_NatMethods_TimeLapseSeq_SuppTable2
PPP2R5A,RNA,K562,3.03145937646151,0.22865131756079335,2.94779474376461,3.1151240091584,0.05521161545628104,0.9462848782578653,Schofield2018_NatMethods_TimeLapseSeq_SuppTable2
PPP2R5C,RNA,K562,4.79937134620195,0.14442457783736137,5.33643329603046,4.26230939637344,0.22474638250459517,0.7987187621260039,Schofield2018_NatMethods_TimeLapseSeq_SuppTable2
PPP2R5D,RNA,K562,3.29180115473894,0.21056775545572592,3.46723040335467,3.11637190612321,0.10668664602642666,0.8988072736983409,Schofield2018_NatMethods_TimeLapseSeq_SuppTable2
PPP2R5E,RNA,K562,2.74591458436438,0.2524285294622134,3.26357536686268,2.22825380186608,0.3816051024631004,0.682764622043379,Schofield2018_NatMethods_TimeLapseSeq_SuppTable2
PPP4C,RNA,K562,4.17052769897181,0.16620131326086907,4.6142857535635,3.7267696443801306,0.21361527834830035,0.807659049182647,Schofield2018_NatMethods_TimeLapseSeq_SuppTable2
PPP4R1,RNA,K562,1.74843035610104,0.3964396855392329,1.97334131677636,1.52351939542573,0.2587051556866407,0.7720506242247759,Schofield2018_NatMethods_TimeLapseSeq_SuppTable2
PPP4R2,RNA,K562,0.587384970850072,1.1800560364300992,0.5269330366914539,0.6478369050086888,0.20656549950537198,0.8133729841840156,Schofield2018_NatMethods_TimeLapseSeq_SuppTable2
PPP4R3A,RNA,K562,0.9071626642396547,0.7640825707271715,0.905726048379472,0.908599280099839,0.0031672755455704666,0.996837734980319,Schofield2018_NatMethods_TimeLapseSeq_SuppTable2
PPP4R3B,RNA,K562,2.31183319952739,0.299825774931187,2.35899687081567,2.26466952823912,0.04080762929418643,0.9600137907160791,Schofield2018_NatMethods_TimeLapseSeq_SuppTable2
PPP5C,RNA,K562,3.29453832853199,0.21039281120423453,3.29603004179571,3.29304661526827,0.0009055674676730988,0.9990948424348054,Schofield2018_NatMethods_TimeLapseSeq_SuppTable2
PPP6C,RNA,K562,2.97246144502193,0.23318962865633786,2.70724301833236,3.23767987171151,0.17892620366716952,0.836167603222999,Schofield2018_NatMethods_TimeLapseSeq_SuppTable2
PPP6R1,RNA,K562,4.12013825798366,0.16823396137661703,4.06086884812124,4.17940766784608,0.028772577519681115,0.9716374115315889,Schofield2018_NatMethods_TimeLapseSeq_SuppTable2
PPP6R2,RNA,K562,1.84899806973565,0.37487717910870727,1.6454650796191,2.05253105985219,0.22105062749147894,0.8016760924132352,Schofield2018_NatMethods_TimeLapseSeq_SuppTable2
PPP6R3,RNA,K562,1.80567843506902,0.3838707751601688,1.99391361798725,1.61744325215079,0.20925268653253942,0.8111902328966051,Schofield2018_NatMethods_TimeLapseSeq_SuppTable2
PPRC1,RNA,K562,0.322069278749816,2.152167953586108,0.326242488106319,0.317896069393312,0.02591642985656212,0.9744165183344022,Schofield2018_NatMethods_TimeLapseSeq_SuppTable2
PPT1,RNA,K562,5.70903606308959,0.12141229673452633,5.68400225153302,5.73406987464617,0.008769947055757297,0.9912683967569824,Schofield2018_NatMethods_TimeLapseSeq_SuppTable2
PPTC7,RNA,K562,0.318764889662847,2.174477814332303,0.2840388691361789,0.353490910189515,0.21874667930456118,0.8035252419472364,Schofield2018_NatMethods_TimeLapseSeq_SuppTable2
PQBP1,RNA,K562,6.19577695966552,0.11187413379666994,6.54680874665085,5.84474517268019,0.11343472018273848,0.892762473880146,Schofield2018_NatMethods_TimeLapseSeq_SuppTable2
PQLC2,RNA,K562,0.767556656250652,0.9030566993527477,0.836722181680676,0.6983911308206279,0.1807127887012918,0.8346750523785679,Schofield2018_NatMethods_TimeLapseSeq_SuppTable2
PRAME,RNA,K562,1.50056894728141,0.4619229138492598,1.59684688987413,1.4042910046887,0.12849843862174717,0.8794149355166995,Schofield2018_NatMethods_TimeLapseSeq_SuppTable2
PRC1,RNA,K562,0.8796740211024409,0.787959134784118,0.964439802610341,0.794908239594541,0.1933207312459127,0.8242175794104019,Schofield2018_NatMethods_TimeLapseSeq_SuppTable2
PRCC,RNA,K562,1.25131648837922,0.5539343459445267,1.33499901250073,1.16763396425771,0.1339511036276298,0.8746328299303303,Schofield2018_NatMethods_TimeLapseSeq_SuppTable2
PRDM10,RNA,K562,0.531553548237746,1.3040025466068828,0.5956280747493539,0.4674790217261379,0.242261962209781,0.7848505494353296,Schofield2018_NatMethods_TimeLapseSeq_SuppTable2
PRDM15,RNA,K562,0.472449365131103,1.4671353836354493,0.460471264612107,0.4844274656500979,0.050717257082329235,0.9505473930842425,Schofield2018_NatMethods_TimeLapseSeq_SuppTable2
PRDM2,RNA,K562,1.28068928860944,0.541229778936121,1.32555903807464,1.23581953914425,0.07009994153759949,0.9323006396903032,Schofield2018_NatMethods_TimeLapseSeq_SuppTable2
PRDM4,RNA,K562,0.524039348299398,1.3227006384336073,0.481161296134476,0.56691740046432,0.16401106602975704,0.8487326297277036,Schofield2018_NatMethods_TimeLapseSeq_SuppTable2
PRDX1,RNA,K562,9.58024313299618,0.0723517316771027,12.4439254344804,6.71656083151198,0.6166563444258768,0.5397461489845734,Schofield2018_NatMethods_TimeLapseSeq_SuppTable2
PRDX6,RNA,K562,9.04378354272702,0.07664349520144939,8.88023337811453,9.207333707339508,0.03617247063015805,0.9644739357101575,Schofield2018_NatMethods_TimeLapseSeq_SuppTable2
PREB,RNA,K562,2.51926705632501,0.27513842917911063,2.49581228150722,2.5427218311428,0.018620854405500823,0.9815514426072721,Schofield2018_NatMethods_TimeLapseSeq_SuppTable2
PRELID1,RNA,K562,7.735793097963459,0.08960260076532096,9.0533741560992,6.41821203982773,0.34399794270948336,0.7089303865237716,Schofield2018_NatMethods_TimeLapseSeq_SuppTable2
PRELID2,RNA,K562,1.88684364689637,0.3673580382243588,1.88178465518816,1.89190263860459,0.005362398563626288,0.9946519534303876,Schofield2018_NatMethods_TimeLapseSeq_SuppTable2
PRELID3B,RNA,K562,2.09868102799225,0.3302775273206048,2.20049115633578,1.99687089964872,0.09709918312935253,0.9074659963523213,Schofield2018_NatMethods_TimeLapseSeq_SuppTable2
PREP,RNA,K562,2.35886154993608,0.2938481830689589,2.91444122760367,1.80328187226848,0.48006984563590965,0.6187401739959552,Schofield2018_NatMethods_TimeLapseSeq_SuppTable2
PRIM1,RNA,K562,3.10722404133464,0.22307602262958132,4.00411453021229,2.210333552457,0.5941790321383685,0.5520155669323007,Schofield2018_NatMethods_TimeLapseSeq_SuppTable2
PRIM2,RNA,K562,2.25432235478972,0.3074747402860232,2.28043339098139,2.22821131859804,0.02316634433159753,0.9770999352185086,Schofield2018_NatMethods_TimeLapseSeq_SuppTable2
PRKAA1,RNA,K562,0.5642766297661899,1.2283818680336867,0.534804214714454,0.593749044817926,0.10455602050604018,0.9007243369603273,Schofield2018_NatMethods_TimeLapseSeq_SuppTable2
PRKAB1,RNA,K562,1.37773833290076,0.5031050991377718,1.48454924516677,1.27092742063475,0.15536430113505023,0.8561032412851874,Schofield2018_NatMethods_TimeLapseSeq_SuppTable2
PRKAR1B,RNA,K562,1.86621097189416,0.37141951847835153,1.93914289829358,1.79327904549474,0.07820025742892117,0.9247792140913398,Schofield2018_NatMethods_TimeLapseSeq_SuppTable2
PRKAR2A,RNA,K562,7.46466297276815,0.09285713006583374,7.65017504384251,7.27915090169379,0.049714308101151496,0.951501221864544,Schofield2018_NatMethods_TimeLapseSeq_SuppTable2
PRKAR2B,RNA,K562,8.54673721057894,0.08110079478072461,7.28201039033771,9.81146403082016,0.2981445244535895,0.7421940668042171,Schofield2018_NatMethods_TimeLapseSeq_SuppTable2
PRKCA,RNA,K562,2.00162261128838,0.3462926411057021,2.24549081842415,1.75775440415261,0.24488703700259598,0.7827929598866827,Schofield2018_NatMethods_TimeLapseSeq_SuppTable2
PRKCB,RNA,K562,6.08358238358121,0.11393733771579366,6.85123554149649,5.31592922566593,0.2537211797246198,0.7759081108025649,Schofield2018_NatMethods_TimeLapseSeq_SuppTable2
PRKCQ,RNA,K562,1.24522606990957,0.5566436467317798,1.26720530214197,1.22324683767717,0.03530526020646929,0.9653107003336423,Schofield2018_NatMethods_TimeLapseSeq_SuppTable2
PRKCSH,RNA,K562,5.82945009319149,0.11890438540155049,7.11581052842336,4.54308965795963,0.4487118213233449,0.6384500598790165,Schofield2018_NatMethods_TimeLapseSeq_SuppTable2
PRKD2,RNA,K562,1.20938656674028,0.5731394738641918,1.22381402115521,1.19495911232535,0.023860259874121884,0.9764221455784412,Schofield2018_NatMethods_TimeLapseSeq_SuppTable2
PRKD3,RNA,K562,1.54266663834099,0.449317541024526,1.28404092178468,1.80129235489729,0.3384923069156208,0.7128442633388605,Schofield2018_NatMethods_TimeLapseSeq_SuppTable2
PRKDC,RNA,K562,4.69059681424569,0.14777377122987975,5.22777324989925,4.15342037859212,0.23005324017656853,0.7944913025200864,Schofield2018_NatMethods_TimeLapseSeq_SuppTable2
PRKX,RNA,K562,0.927568559083851,0.7472732595039216,0.979128556048722,0.876008562118979,0.11128708254763922,0.8946818645082887,Schofield2018_NatMethods_TimeLapseSeq_SuppTable2
PRMT1,RNA,K562,4.75567454672741,0.14575160132371348,5.26621631546348,4.24513277799134,0.21553904003361893,0.8061067992072645,Schofield2018_NatMethods_TimeLapseSeq_SuppTable2
PRMT2,RNA,K562,3.06213980037057,0.2263603968950284,2.82252634310723,3.3017532576339,0.156821267328509,0.8548568360101829,Schofield2018_NatMethods_TimeLapseSeq_SuppTable2
PRMT3,RNA,K562,3.19287836752799,0.21709163355840516,3.4061068719140306,2.97964986314196,0.13376416126776794,0.8747963511396143,Schofield2018_NatMethods_TimeLapseSeq_SuppTable2
PRMT5,RNA,K562,4.44406801816644,0.15597132575975473,4.93947401785501,3.94866201847787,0.2238820593806788,0.7994094116507966,Schofield2018_NatMethods_TimeLapseSeq_SuppTable2
PRMT7,RNA,K562,2.85448528514168,0.2428273791313454,3.3345118183547,2.37445875192866,0.33955676975979654,0.7120858708187919,Schofield2018_NatMethods_TimeLapseSeq_SuppTable2
PRNP,RNA,K562,0.878588024253636,0.7889331079248166,0.947665937956006,0.8095101105512649,0.15757279111854097,0.8542146321068312,Schofield2018_NatMethods_TimeLapseSeq_SuppTable2
PROSER1,RNA,K562,1.33043754961791,0.5209918953046772,1.32711382127038,1.33376127796544,0.0049964543816411605,0.9950160071334502,Schofield2018_NatMethods_TimeLapseSeq_SuppTable2
PROSER2-AS1,RNA,K562,2.64397573865358,0.26216094589163064,2.74378243969949,2.54416903760766,0.07553333202559086,0.9272488229374001,Schofield2018_NatMethods_TimeLapseSeq_SuppTable2
PROSER3,RNA,K562,1.19650012443524,0.5793122511266914,1.20373595797859,1.1892642908919,0.012095145847018578,0.9879777064141276,Schofield2018_NatMethods_TimeLapseSeq_SuppTable2
PRPF19,RNA,K562,3.83205647528134,0.18088125397709753,3.47856744740314,4.18554550315953,0.1850164866885162,0.8310905818076243,Schofield2018_NatMethods_TimeLapseSeq_SuppTable2
PRPF3,RNA,K562,0.942857367835436,0.7351559251758697,0.9629798439311928,0.922734891739679,0.04269051238662224,0.9582078976573164,Schofield2018_NatMethods_TimeLapseSeq_SuppTable2
PRPF31,RNA,K562,4.98742912840163,0.13897885317562095,5.44435589130071,4.53050236550255,0.18374662497079278,0.8321466222922044,Schofield2018_NatMethods_TimeLapseSeq_SuppTable2
PRPF38A,RNA,K562,2.14165467589396,0.32365030103212833,2.27327944412141,2.01002990766651,0.12307387657800231,0.8841983386003641,Schofield2018_NatMethods_TimeLapseSeq_SuppTable2
PRPF38B,RNA,K562,1.01004214435429,0.6862557017391264,1.04503117474728,0.975053113961308,0.0693100508761419,0.9330373461797493,Schofield2018_NatMethods_TimeLapseSeq_SuppTable2
PRPF39,RNA,K562,1.39399524343887,0.4972378376629241,1.39978399449842,1.38820649237932,0.008305314328126277,0.9917290795118368,Schofield2018_NatMethods_TimeLapseSeq_SuppTable2
PRPF4,RNA,K562,0.8332523893011549,0.8318574173442033,0.847952266772734,0.818552511829576,0.035286794095827134,0.9653285260324238,Schofield2018_NatMethods_TimeLapseSeq_SuppTable2
PRPF40A,RNA,K562,3.64726897451359,0.19004553418010126,3.84359434110592,3.45094360792127,0.10776025194108105,0.8978428267038003,Schofield2018_NatMethods_TimeLapseSeq_SuppTable2
PRPF4B,RNA,K562,0.709780088404656,0.9765661109455805,0.738212645750349,0.681347531058963,0.08015942038229247,0.9229691945556067,Schofield2018_NatMethods_TimeLapseSeq_SuppTable2
PRPF6,RNA,K562,3.63926888647048,0.19046330518110996,3.71463760421524,3.56390016872572,0.04142562587853984,0.9594206887588527,Schofield2018_NatMethods_TimeLapseSeq_SuppTable2
PRPF8,RNA,K562,4.25713916668849,0.16281994866029365,4.70341869888883,3.81085963448816,0.21043483750486647,0.810231850162195,Schofield2018_NatMethods_TimeLapseSeq_SuppTable2
PRPS2,RNA,K562,3.71623942446294,0.18651844011910423,3.8195838960577,3.61289495286819,0.055632111975640525,0.9458870524082897,Schofield2018_NatMethods_TimeLapseSeq_SuppTable2
PRPSAP1,RNA,K562,2.2232212611529,0.31177606685917475,2.15431657319071,2.29212594911509,0.0620062111163035,0.9398770490872967,Schofield2018_NatMethods_TimeLapseSeq_SuppTable2
PRR12,RNA,K562,0.473943692620651,1.4625095583131789,0.506600222746407,0.441287162494895,0.13802635160367385,0.8710757372007585,Schofield2018_NatMethods_TimeLapseSeq_SuppTable2
PRR14,RNA,K562,1.6866993201166,0.41094887055034124,1.88176297104265,1.49163566919054,0.23233580557122296,0.7926798922842297,Schofield2018_NatMethods_TimeLapseSeq_SuppTable2
PRR14L,RNA,K562,0.48475115599835,1.4299030997304205,0.5026671000460419,0.466835211950658,0.07395179186467538,0.9287164644511212,Schofield2018_NatMethods_TimeLapseSeq_SuppTable2
PRR3,RNA,K562,0.542651813980696,1.2773332046478758,0.464355554451515,0.620948073509877,0.29059692097264583,0.7478170466441245,Schofield2018_NatMethods_TimeLapseSeq_SuppTable2
PRRC1,RNA,K562,0.843558892537961,0.8216938813536993,0.6445583430258899,1.04255944205003,0.48086862804060776,0.6182461325739536,Schofield2018_NatMethods_TimeLapseSeq_SuppTable2
PRRC2A,RNA,K562,2.87707670076834,0.24092064711894415,2.97945626739006,2.77469713414663,0.07119922286794815,0.931276342101576,Schofield2018_NatMethods_TimeLapseSeq_SuppTable2
PRRC2B,RNA,K562,1.64747119019755,0.4207340223514496,1.67423717591985,1.62070520447525,0.032496278253517516,0.9680260525721579,Schofield2018_NatMethods_TimeLapseSeq_SuppTable2
PRRC2C,RNA,K562,3.07278168591178,0.2255764487721064,3.28171791263508,2.86384545918848,0.13620175127507572,0.8726665531373884,Schofield2018_NatMethods_TimeLapseSeq_SuppTable2
PSAP,RNA,K562,7.38958894259055,0.09380050581229629,6.91839347094073,7.86078441424036,0.12770281441263565,0.8801148977457742,Schofield2018_NatMethods_TimeLapseSeq_SuppTable2
PSD4,RNA,K562,1.92511959143464,0.3600540889220276,1.96166092704477,1.88857825582451,0.03796722575196974,0.9627444936009616,Schofield2018_NatMethods_TimeLapseSeq_SuppTable2
PSEN1,RNA,K562,1.41444766706465,0.4900479506593606,1.64476955540215,1.18412577872715,0.3285955236500231,0.7199341542029142,Schofield2018_NatMethods_TimeLapseSeq_SuppTable2
PSIP1,RNA,K562,6.98131964375026,0.09928598258360177,6.32441944573478,7.638219841765741,0.1887463278587915,0.8279965197064494,Schofield2018_NatMethods_TimeLapseSeq_SuppTable2
PSMA1,RNA,K562,1.88236048827988,0.3682329632797117,1.92096459686588,1.84375637969387,0.04102245281000195,0.9598075793286468,Schofield2018_NatMethods_TimeLapseSeq_SuppTable2
PSMA4,RNA,K562,8.01173263391068,0.08651651424638304,8.67056709058443,7.35289817723692,0.16483965169211573,0.848029673309558,Schofield2018_NatMethods_TimeLapseSeq_SuppTable2
PSMA5,RNA,K562,6.01600593820245,0.11521717027544257,6.16014634204637,5.87186553435852,0.047928142501036046,0.9532022793484344,Schofield2018_NatMethods_TimeLapseSeq_SuppTable2
PSMA7,RNA,K562,6.6698759045136,0.10392205049735373,7.14178667977902,6.19796512924818,0.1417419470910001,0.8678451775655608,Schofield2018_NatMethods_TimeLapseSeq_SuppTable2
PSMB1,RNA,K562,6.84843758244688,0.10121245498922844,7.79919850956268,5.89767665533109,0.2794624871064962,0.7561900941615842,Schofield2018_NatMethods_TimeLapseSeq_SuppTable2
PSMB2,RNA,K562,5.53710038317485,0.12518233959892744,5.79155196646791,5.28264879988178,0.09197265966596836,0.9121300871454505,Schofield2018_NatMethods_TimeLapseSeq_SuppTable2
PSMB5,RNA,K562,3.7023002557640106,0.18722068246107357,3.9949417415812,3.4096587699468106,0.15841677745460161,0.8534939907777643,Schofield2018_NatMethods_TimeLapseSeq_SuppTable2
PSMB7,RNA,K562,6.51182401210947,0.10644439703391248,7.58194576716389,5.44170225705506,0.33167793740811347,0.7177184358957224,Schofield2018_NatMethods_TimeLapseSeq_SuppTable2
PSMC2,RNA,K562,7.6751322369156,0.09031078021380122,8.91509188514905,6.43517258868215,0.3259668970685648,0.7218290816948278,Schofield2018_NatMethods_TimeLapseSeq_SuppTable2
PSMC3,RNA,K562,3.56908967996325,0.19420839561730555,3.6976567843956105,3.44052257553089,0.07207594617590556,0.9304602282316071,Schofield2018_NatMethods_TimeLapseSeq_SuppTable2
PSMC3IP,RNA,K562,1.09228188768942,0.6345863539184082,1.15041184887883,1.03415192650001,0.10653831157793178,0.8989406076683542,Schofield2018_NatMethods_TimeLapseSeq_SuppTable2
PSMC4,RNA,K562,4.47373936265235,0.1549368714562304,4.73562551778581,4.21185320751889,0.11721108039391605,0.8893974389867264,Schofield2018_NatMethods_TimeLapseSeq_SuppTable2
PSMC5,RNA,K562,6.45725952225591,0.10734386285248562,8.21646281797864,4.69805622653319,0.5589909479917645,0.5717857343981719,Schofield2018_NatMethods_TimeLapseSeq_SuppTable2
PSMC6,RNA,K562,5.84729726764291,0.11854146434380926,5.43217670649077,6.26241782879506,0.14222642479713143,0.867424827757934,Schofield2018_NatMethods_TimeLapseSeq_SuppTable2
PSMD1,RNA,K562,5.07636777688707,0.13654392491337516,4.94924556617435,5.20348998759979,0.05009439783644611,0.9511396347391236,Schofield2018_NatMethods_TimeLapseSeq_SuppTable2
PSMD11,RNA,K562,2.60643752003738,0.26593661855742645,2.64344953620902,2.56942550386574,0.028402372180582874,0.9719971834796446,Schofield2018_NatMethods_TimeLapseSeq_SuppTable2
PSMD12,RNA,K562,1.8231855873808,0.38018465336582924,1.92228072685045,1.72409044791115,0.10881272478720981,0.8968983686040365,Schofield2018_NatMethods_TimeLapseSeq_SuppTable2
PSMD13,RNA,K562,6.38434738816618,0.10856977830572637,7.30198679246149,5.46670798387087,0.2894698703168678,0.7486603494701817,Schofield2018_NatMethods_TimeLapseSeq_SuppTable2
PSMD14,RNA,K562,3.21214075353308,0.21578979059293796,3.09226966941251,3.33201183765365,0.07467093488875322,0.9280488245774172,Schofield2018_NatMethods_TimeLapseSeq_SuppTable2
PSMD2,RNA,K562,8.01231889079901,0.0865101838814634,8.45353121512295,7.571106566475071,0.11024501471968695,0.8956146696342393,Schofield2018_NatMethods_TimeLapseSeq_SuppTable2
PSMD3,RNA,K562,4.01379149493653,0.17269137707685187,4.07808337398522,3.9494996158878495,0.03203822539910291,0.9684695612361366,Schofield2018_NatMethods_TimeLapseSeq_SuppTable2
PSMD4,RNA,K562,8.65561449224668,0.08008064374641871,9.79507081528124,7.51615816921212,0.26482415544462357,0.7673408708272123,Schofield2018_NatMethods_TimeLapseSeq_SuppTable2
PSMD5,RNA,K562,1.3823668513307,0.5014205743523906,1.286455865472,1.4782778371894,0.13898674045904968,0.8702395673589312,Schofield2018_NatMethods_TimeLapseSeq_SuppTable2
PSMD5-AS1,RNA,K562,1.49715006105599,0.4629777592708679,1.50247208301799,1.49182803909398,0.007109567060299707,0.9929156461245993,Schofield2018_NatMethods_TimeLapseSeq_SuppTable2
PSMD6,RNA,K562,4.50862385497425,0.15373808125404245,4.56463237727185,4.45261533267666,0.024846341336612555,0.975459788360407,Schofield2018_NatMethods_TimeLapseSeq_SuppTable2
PSMD7,RNA,K562,4.03224950905611,0.17190086551022998,4.78620497807423,3.27829404003799,0.37841463990396823,0.6849464356532927,Schofield2018_NatMethods_TimeLapseSeq_SuppTable2
PSMD8,RNA,K562,6.42566775954318,0.10787161840580801,6.58051489471244,6.27082062437392,0.0482057665907754,0.9529376841639908,Schofield2018_NatMethods_TimeLapseSeq_SuppTable2
PSME3,RNA,K562,4.19369027759003,0.1652833506241365,4.26505002566078,4.12233052951929,0.034035244281486,0.9665374391196317,Schofield2018_NatMethods_TimeLapseSeq_SuppTable2
PSME4,RNA,K562,4.08630297747265,0.16962696706073713,3.9413927934708495,4.23121316147446,0.07095458961799198,0.9315041911283392,Schofield2018_NatMethods_TimeLapseSeq_SuppTable2
PSMF1,RNA,K562,3.9209123396871,0.1767821161274063,4.13353540793541,3.7082892714388,0.10856241431007962,0.8971228997626975,Schofield2018_NatMethods_TimeLapseSeq_SuppTable2
PSMG1,RNA,K562,6.30314617156871,0.10996844459779308,7.77110989759458,4.83518244554283,0.47449413560641285,0.6221997255552236,Schofield2018_NatMethods_TimeLapseSeq_SuppTable2
PSMG2,RNA,K562,1.37958180342253,0.5024328233674538,1.50606806814931,1.25309553869575,0.1838854053619178,0.8320311446716894,Schofield2018_NatMethods_TimeLapseSeq_SuppTable2
PSMG3,RNA,K562,2.04293172668241,0.3392904283128305,1.9335126043615,2.15235084900333,0.10722231195511574,0.898325942193316,Schofield2018_NatMethods_TimeLapseSeq_SuppTable2
PSMG4,RNA,K562,1.98323325489845,0.3495036092441065,2.01906769421114,1.94739881558577,0.036141325993167925,0.9645039743685407,Schofield2018_NatMethods_TimeLapseSeq_SuppTable2
PSPC1,RNA,K562,2.13241229757537,0.3250530778443168,1.97082803395331,2.29399656119743,0.15184174342081502,0.859124232045304,Schofield2018_NatMethods_TimeLapseSeq_SuppTable2
PSTK,RNA,K562,2.08851844208735,0.33188463486450515,2.5083717112126,1.6686651729621,0.40760981280847575,0.6652383956903389,Schofield2018_NatMethods_TimeLapseSeq_SuppTable2
PSTPIP2,RNA,K562,2.35803178160807,0.2939515853714451,2.08276488882565,2.63329867439048,0.2345410246091219,0.7909337854764007,Schofield2018_NatMethods_TimeLapseSeq_SuppTable2
PTAR1,RNA,K562,0.6823159606864059,1.0158741997807632,0.5877961177895789,0.776835803583232,0.27884885771866463,0.7566542570235706,Schofield2018_NatMethods_TimeLapseSeq_SuppTable2
PTBP1,RNA,K562,2.95990222327021,0.23417908034615095,3.16161000822624,2.75819443831418,0.13650511748633626,0.8724018557436221,Schofield2018_NatMethods_TimeLapseSeq_SuppTable2
PTBP2,RNA,K562,0.738501235789003,0.9385863516117179,0.7431642767651279,0.733838194812878,0.01262855827988144,0.9874508473512145,Schofield2018_NatMethods_TimeLapseSeq_SuppTable2
PTBP3,RNA,K562,5.39676252084246,0.12843759158995602,5.69294401896731,5.10058102271761,0.10987305734653346,0.8959478620769656,Schofield2018_NatMethods_TimeLapseSeq_SuppTable2
PTCD3,RNA,K562,1.74157406906266,0.39800040255135805,1.9274152643305,1.55573287379482,0.21423312797287103,0.8071601914677238,Schofield2018_NatMethods_TimeLapseSeq_SuppTable2
PTDSS1,RNA,K562,4.5957588056444,0.15082322851857208,4.03693443633326,5.15458317495554,0.24440065475254696,0.7831737890946108,Schofield2018_NatMethods_TimeLapseSeq_SuppTable2
PTDSS2,RNA,K562,1.79450938538761,0.3862599918418521,1.99925083219963,1.58976793857559,0.22918447148675883,0.7951818315996318,Schofield2018_NatMethods_TimeLapseSeq_SuppTable2
PTEN,RNA,K562,1.77931419079254,0.3895586199147911,1.85087651843265,1.70775186315244,0.08048151500521326,0.9226719590124736,Schofield2018_NatMethods_TimeLapseSeq_SuppTable2
PTGER3,RNA,K562,0.920592362739678,0.7529360535830896,1.05784206052714,0.783342664952217,0.30041608900533123,0.7405100384852012,Schofield2018_NatMethods_TimeLapseSeq_SuppTable2
PTGES2,RNA,K562,2.26521429261641,0.30599629484031443,1.80237594227424,2.72805264295857,0.41448227462680265,0.6606822441371826,Schofield2018_NatMethods_TimeLapseSeq_SuppTable2
PTGES3,RNA,K562,6.51721742165696,0.10635630756411334,6.88155385024625,6.15288099306767,0.11192405048601886,0.8941121623058279,Schofield2018_NatMethods_TimeLapseSeq_SuppTable2
PTGFRN,RNA,K562,1.10662271354664,0.6263626908022358,1.17206055911762,1.04118486797567,0.11840400064354478,0.8883370913526182,Schofield2018_NatMethods_TimeLapseSeq_SuppTable2
PTH2R,RNA,K562,1.88620714527195,0.36748200339364556,2.173381955272,1.59903233527191,0.30688580324670967,0.735734614614388,Schofield2018_NatMethods_TimeLapseSeq_SuppTable2
PTK2,RNA,K562,2.69283190420056,0.25740454852703654,3.1922478277962494,2.19341598060487,0.37526517977471596,0.6871070477379204,Schofield2018_NatMethods_TimeLapseSeq_SuppTable2
PTK2B,RNA,K562,1.13618819303601,0.6100637067067083,1.06014632159961,1.21223006447242,0.1340547539627864,0.8745421786424684,Schofield2018_NatMethods_TimeLapseSeq_SuppTable2
PTMA,RNA,K562,10.852066164086,0.0638723695634899,11.593221007531,10.110911320641,0.13680536189561174,0.8721399612819348,Schofield2018_NatMethods_TimeLapseSeq_SuppTable2
PTMS,RNA,K562,11.5061550839556,0.06024142517655466,8.42333984800908,14.5889703199021,0.5492593795315175,0.5773772694922863,Schofield2018_NatMethods_TimeLapseSeq_SuppTable2
PTOV1,RNA,K562,4.34207217560975,0.15963511257447208,4.84596200126771,3.83818234995179,0.23314687293725397,0.7920372361458297,Schofield2018_NatMethods_TimeLapseSeq_SuppTable2
PTP4A1,RNA,K562,1.52294827571761,0.4551350768845618,1.53826014010634,1.50763641132887,0.020108864623187315,0.9800919701557416,Schofield2018_NatMethods_TimeLapseSeq_SuppTable2
PTP4A2,RNA,K562,3.5497107537121706,0.19526863698262592,3.5526587374527,3.54676276997164,0.001660971624347058,0.9983404070256162,Schofield2018_NatMethods_TimeLapseSeq_SuppTable2
PTP4A3,RNA,K562,1.66535398509928,0.4162161238762841,1.72029237299588,1.61041559720268,0.06600198008581248,0.936129010674011,Schofield2018_NatMethods_TimeLapseSeq_SuppTable2
PTPA,RNA,K562,4.23233041843606,0.16377435408648422,5.33886877877533,3.1257920580967906,0.5353260816862295,0.5854783452485993,Schofield2018_NatMethods_TimeLapseSeq_SuppTable2
PTPN1,RNA,K562,1.53942283198747,0.45026432384730736,1.49641895305893,1.58242671091601,0.05588467256426606,0.9456481887825989,Schofield2018_NatMethods_TimeLapseSeq_SuppTable2
PTPN11,RNA,K562,6.83084927924493,0.1014730602629494,6.40662553344195,7.25507302504792,0.1243682572892295,0.8830545897089209,Schofield2018_NatMethods_TimeLapseSeq_SuppTable2
PTPN12,RNA,K562,1.55264369152749,0.44643029456296407,1.61269125565782,1.49259612739716,0.07738739963743527,0.9255312336820026,Schofield2018_NatMethods_TimeLapseSeq_SuppTable2
PTPN18,RNA,K562,3.1109333842811706,0.22281003639044739,3.10333844048247,3.11852832807987,0.004882752505403239,0.9951291487524333,Schofield2018_NatMethods_TimeLapseSeq_SuppTable2
PTPN2,RNA,K562,2.4404588040315094,0.2840233071809705,2.83793287936211,2.04298472870091,0.3286640869061552,0.7198847948652392,Schofield2018_NatMethods_TimeLapseSeq_SuppTable2
PTPN23,RNA,K562,2.37208699927873,0.29220984760285246,2.50194656739529,2.2422274311621706,0.10959929515807207,0.896193172301235,Schofield2018_NatMethods_TimeLapseSeq_SuppTable2
PTPN4,RNA,K562,1.08500353145091,0.6388432484021883,1.15810057611903,1.01190648678278,0.1349450664463418,0.8737639093262796,Schofield2018_NatMethods_TimeLapseSeq_SuppTable2
PTPN7,RNA,K562,1.09989659284915,0.6301930427518015,1.13538355892253,1.06440962677577,0.06455022682010536,0.9374890259868535,Schofield2018_NatMethods_TimeLapseSeq_SuppTable2
PTPRA,RNA,K562,2.66181808240872,0.26040366362403916,2.70260603482525,2.62103012999218,0.030649085704977607,0.9698158356112955,Schofield2018_NatMethods_TimeLapseSeq_SuppTable2
PTPRC,RNA,K562,4.8327273549109,0.1434277437264459,4.91020501260937,4.75524969721243,0.03206648785390924,0.9684421902957177,Schofield2018_NatMethods_TimeLapseSeq_SuppTable2
PTRF,RNA,K562,3.57248547534158,0.1940237924952433,3.93657939784926,3.2083915528339,0.20454243541564318,0.8150201554646139,Schofield2018_NatMethods_TimeLapseSeq_SuppTable2
PTRH2,RNA,K562,0.6993296148140369,0.991159484564749,0.804337971157488,0.594321258470585,0.30259953064981626,0.738894941905233,Schofield2018_NatMethods_TimeLapseSeq_SuppTable2
PTTG1IP,RNA,K562,4.32257206357374,0.16035526310852924,4.23422098399866,4.41092314314881,0.04088463298867195,0.9599398689535978,Schofield2018_NatMethods_TimeLapseSeq_SuppTable2
PUF60,RNA,K562,1.84781252011503,0.3751176989085427,1.87246431985852,1.82316072037155,0.026683727028515205,0.973669138063632,Schofield2018_NatMethods_TimeLapseSeq_SuppTable2
PUM1,RNA,K562,0.5751190714294498,1.205223778855287,0.5723679133263189,0.577870229532582,0.009567337357198872,0.9904782840072696,Schofield2018_NatMethods_TimeLapseSeq_SuppTable2
PUM2,RNA,K562,0.6371765246994349,1.0878416791750334,0.640885558154023,0.633467491244846,0.011642222224649666,0.9884252862078159,Schofield2018_NatMethods_TimeLapseSeq_SuppTable2
PUM3,RNA,K562,1.12421848229254,0.6165591399515677,1.13318994535635,1.11524701922873,0.015960693862134397,0.9841660030596393,Schofield2018_NatMethods_TimeLapseSeq_SuppTable2
PURA,RNA,K562,0.568508460762783,1.219238108839983,0.58618657024296,0.550830351282606,0.06221124882403891,0.9396843586066811,Schofield2018_NatMethods_TimeLapseSeq_SuppTable2
PURB,RNA,K562,0.4981722106779329,1.391380662555791,0.4165363625236669,0.5798080588321979,0.33072335294727373,0.7184038858697833,Schofield2018_NatMethods_TimeLapseSeq_SuppTable2
PUS1,RNA,K562,0.726623017037313,0.9539295677504684,0.8127597623972769,0.640486271677348,0.238207883326135,0.788038853926775,Schofield2018_NatMethods_TimeLapseSeq_SuppTable2
PUS3,RNA,K562,0.384828725736758,1.8011835764934356,0.370409743540767,0.399247707932749,0.07497223826459054,0.9277692424552639,Schofield2018_NatMethods_TimeLapseSeq_SuppTable2
PUS7,RNA,K562,1.71846474900538,0.4033525744191889,1.97527307794549,1.46165642006527,0.30113632919535155,0.739976885416552,Schofield2018_NatMethods_TimeLapseSeq_SuppTable2
PUS7L,RNA,K562,2.55293599359793,0.27150981548231923,3.1752624224905106,1.93060956470534,0.49755449199622626,0.6080157504560113,Schofield2018_NatMethods_TimeLapseSeq_SuppTable2
PVT1,RNA,K562,1.98151073969505,0.3498074306004615,1.99376742582374,1.96925405356636,0.012371209707151883,0.9877049991188156,Schofield2018_NatMethods_TimeLapseSeq_SuppTable2
PWP1,RNA,K562,3.70463281278878,0.18710280224456488,3.8121691173033,3.59709650827427,0.0580713546970652,0.9435826159828998,Schofield2018_NatMethods_TimeLapseSeq_SuppTable2
PWWP2A,RNA,K562,0.441462952447328,1.5701140417726136,0.466855517599627,0.4160703872950289,0.11516537946781787,0.8912187424372454,Schofield2018_NatMethods_TimeLapseSeq_SuppTable2
PWWP2B,RNA,K562,0.5244453287353609,1.3216767174404802,0.678728716982548,0.370161940488174,0.6062809276806911,0.5453753925925193,Schofield2018_NatMethods_TimeLapseSeq_SuppTable2
PXN,RNA,K562,2.38410600123982,0.2907367290713937,2.04763068828199,2.72058131419766,0.2841622129994871,0.752644546074105,Schofield2018_NatMethods_TimeLapseSeq_SuppTable2
PYCR1,RNA,K562,5.87733330551489,0.11793565968252015,7.03854105306533,4.71612555796446,0.4004133057660112,0.6700430561402433,Schofield2018_NatMethods_TimeLapseSeq_SuppTable2
PYGO2,RNA,K562,0.555254055313752,1.2483424009722455,0.559378227001448,0.5511298836260559,0.014855353119844044,0.9852544432778382,Schofield2018_NatMethods_TimeLapseSeq_SuppTable2
PYM1,RNA,K562,0.736389546190572,0.941277865968733,0.877133683020904,0.595645409360239,0.3870138736604121,0.6790816735127518,Schofield2018_NatMethods_TimeLapseSeq_SuppTable2
PYURF,RNA,K562,5.01893564500114,0.1381064093241203,4.45664505140221,5.58122623860008,0.22501225593467825,0.7985064322567319,Schofield2018_NatMethods_TimeLapseSeq_SuppTable2
QARS,RNA,K562,5.45401415333891,0.1270893622701007,5.03954523086522,5.8684830758126,0.15228033460949095,0.8587475103465987,Schofield2018_NatMethods_TimeLapseSeq_SuppTable2
QKI,RNA,K562,2.06616101564838,0.33547587787703437,2.14756625344022,1.98475577785655,0.07883935308326505,0.9241883805340761,Schofield2018_NatMethods_TimeLapseSeq_SuppTable2
QPRT,RNA,K562,5.26786793760289,0.1315802121029172,5.96998396118949,4.56575191401628,0.26816102753125004,0.7647846198076849,Schofield2018_NatMethods_TimeLapseSeq_SuppTable2
QRICH1,RNA,K562,0.894526085230807,0.7748764312234655,0.830114789913733,0.958937380547882,0.14426178380944868,0.8656611023333483,Schofield2018_NatMethods_TimeLapseSeq_SuppTable2
QSER1,RNA,K562,1.4957885335847,0.4633991804301362,1.61330406687794,1.37827300029146,0.15745302514232734,0.854316944082766,Schofield2018_NatMethods_TimeLapseSeq_SuppTable2
QSOX2,RNA,K562,0.856575269978003,0.8092075557793601,0.769279881886604,0.943870658069402,0.20453428307199875,0.815026799816082,Schofield2018_NatMethods_TimeLapseSeq_SuppTable2
QTRT2,RNA,K562,0.570394445604783,1.2152067501726964,0.561945382231608,0.578843508977959,0.02962750240789731,0.9708070895082034,Schofield2018_NatMethods_TimeLapseSeq_SuppTable2
R3HCC1L,RNA,K562,0.712311961623945,0.9730949610612921,0.613500875254657,0.8111230479932329,0.2792380755880531,0.7563598109713379,Schofield2018_NatMethods_TimeLapseSeq_SuppTable2
R3HDM1,RNA,K562,5.42926285943901,0.12766874592466612,5.80469046205709,5.05383525682092,0.1385188792429951,0.8706468139611911,Schofield2018_NatMethods_TimeLapseSeq_SuppTable2
R3HDM4,RNA,K562,2.70034025217605,0.25668883023218186,2.49455428153088,2.90612622282122,0.1527109308819313,0.8583778164697908,Schofield2018_NatMethods_TimeLapseSeq_SuppTable2
RAB10,RNA,K562,3.48090373292025,0.19912851194492537,3.6326280039910106,3.32917946184949,0.08723048860396966,0.916465836356452,Schofield2018_NatMethods_TimeLapseSeq_SuppTable2
RAB11A,RNA,K562,3.7986883580125506,0.18247013580303162,4.28441760642406,3.31295910960105,0.25714284749251726,0.7732577479453907,Schofield2018_NatMethods_TimeLapseSeq_SuppTable2
RAB11B,RNA,K562,3.68179197984929,0.188263536982423,3.23349892198983,4.13008503770875,0.2447331884887821,0.7829134006847666,Schofield2018_NatMethods_TimeLapseSeq_SuppTable2
RAB11FIP1,RNA,K562,0.436999108703849,1.5861523896829866,0.4419035210835859,0.432094696324111,0.022446811483848594,0.9778032437138704,Schofield2018_NatMethods_TimeLapseSeq_SuppTable2
RAB12,RNA,K562,0.3798648354891009,1.8247205737469034,0.403952155398206,0.3557775155799969,0.12699086446641147,0.8807417186059577,Schofield2018_NatMethods_TimeLapseSeq_SuppTable2
RAB14,RNA,K562,0.6134813311064449,1.1298586369528458,0.6134368616382059,0.6135258005746839,0.0001449741534487693,0.999855036354796,Schofield2018_NatMethods_TimeLapseSeq_SuppTable2
RAB18,RNA,K562,0.952234061906378,0.7279168098358724,0.8538943278808059,1.05057379593195,0.20728431791817004,0.8127885267910452,Schofield2018_NatMethods_TimeLapseSeq_SuppTable2
RAB1A,RNA,K562,3.2705668657957694,0.21193487520741883,3.07399679812558,3.46713693346596,0.12035055864631632,0.8866095735805354,Schofield2018_NatMethods_TimeLapseSeq_SuppTable2
RAB1B,RNA,K562,5.48647673895644,0.12633739529747573,5.29258682611805,5.68036665179483,0.07070865262796736,0.9317333106386271,Schofield2018_NatMethods_TimeLapseSeq_SuppTable2
RAB21,RNA,K562,0.8566808177717439,0.8091078569528903,0.915312383722229,0.7980492518212599,0.13709509536637451,0.8718873097465323,Schofield2018_NatMethods_TimeLapseSeq_SuppTable2
RAB22A,RNA,K562,0.5632395324074418,1.230643697180207,0.537535812904462,0.5889432519104209,0.09133444606644078,0.9127124067739925,Schofield2018_NatMethods_TimeLapseSeq_SuppTable2
RAB23,RNA,K562,0.530600446722686,1.3063448868941736,0.474045978065155,0.587154915380218,0.2139843782396812,0.807360997324159,Schofield2018_NatMethods_TimeLapseSeq_SuppTable2
RAB27A,RNA,K562,3.20018695166892,0.21659583987693723,3.12084183872456,3.27953206461329,0.04959796346051169,0.9516119303723161,Schofield2018_NatMethods_TimeLapseSeq_SuppTable2
RAB2A,RNA,K562,2.49887097688172,0.27738414146732243,2.50971796495479,2.48802398880864,0.008681565635910932,0.991356010336986,Schofield2018_NatMethods_TimeLapseSeq_SuppTable2
RAB31,RNA,K562,4.23826995031219,0.16354483991962057,5.13624729821636,3.34029260240802,0.43026430652987874,0.6503371836414472,Schofield2018_NatMethods_TimeLapseSeq_SuppTable2
RAB35,RNA,K562,0.946176682447593,0.7325768996620116,0.967990725220928,0.924362639674257,0.046118044020819315,0.9549292318511486,Schofield2018_NatMethods_TimeLapseSeq_SuppTable2
RAB3GAP1,RNA,K562,2.88904225986166,0.23992282501022888,2.6326802227398294,3.14540429698349,0.17794001082769642,0.8369926324780017,Schofield2018_NatMethods_TimeLapseSeq_SuppTable2
RAB3GAP2,RNA,K562,1.63040303946666,0.4251385478198622,1.72348599878874,1.53732008014458,0.11430829042661893,0.891982923693609,Schofield2018_NatMethods_TimeLapseSeq_SuppTable2
RAB3IL1,RNA,K562,0.799327692613092,0.8671627255825071,0.768289736350654,0.8303656488755299,0.07769922171899155,0.9252426775975882,Schofield2018_NatMethods_TimeLapseSeq_SuppTable2
RAB40C,RNA,K562,0.733218306374246,0.9453489834256159,0.712135163233237,0.754301449515256,0.05752435913003595,0.9440988926786277,Schofield2018_NatMethods_TimeLapseSeq_SuppTable2
RAB4A,RNA,K562,2.87453067572718,0.2411340349967208,3.29025764239723,2.45880370905713,0.29129093793796396,0.7472982289817537,Schofield2018_NatMethods_TimeLapseSeq_SuppTable2
RAB5A,RNA,K562,1.05870042374009,0.6547151252771315,1.14515620654307,0.972244640937109,0.16368887061257292,0.8490061315495673,Schofield2018_NatMethods_TimeLapseSeq_SuppTable2
RAB5B,RNA,K562,1.19774505597555,0.5787101162320262,1.07302444427155,1.32246566767955,0.2090166796166219,0.8113817019948204,Schofield2018_NatMethods_TimeLapseSeq_SuppTable2
RAB6A,RNA,K562,2.4589993978005,0.2818818016710148,2.77377181656173,2.14422697903928,0.2574289559064926,0.7730365440431897,Schofield2018_NatMethods_TimeLapseSeq_SuppTable2
RAB7A,RNA,K562,4.09595598943265,0.16922720418584292,4.71693562553743,3.47497635332786,0.3055716826816588,0.7367020941550234,Schofield2018_NatMethods_TimeLapseSeq_SuppTable2
RAB8A,RNA,K562,2.04330907696112,0.33922776949183714,2.1184302689557306,1.96818788496652,0.07356211117521784,0.9290784378457395,Schofield2018_NatMethods_TimeLapseSeq_SuppTable2
RAB8B,RNA,K562,0.520486137594165,1.3317303391861093,0.5694900497042729,0.4714822254840579,0.18885990719307058,0.8279024817534408,Schofield2018_NatMethods_TimeLapseSeq_SuppTable2
RAB9A,RNA,K562,0.4303106147417319,1.610806605307576,0.453585913436021,0.4070353160474429,0.10828474360260268,0.8973720391007157,Schofield2018_NatMethods_TimeLapseSeq_SuppTable2
RABEP1,RNA,K562,3.67154199121482,0.1887891197263961,4.06062157482105,3.28246240760859,0.2127421843787869,0.8083645193539729,Schofield2018_NatMethods_TimeLapseSeq_SuppTable2
RABGAP1,RNA,K562,0.870902175350695,0.795895566893984,1.08453743714627,0.657266913555118,0.5008186527595119,0.6060343249049811,Schofield2018_NatMethods_TimeLapseSeq_SuppTable2
RABGAP1L,RNA,K562,1.26323499880212,0.5487080244113183,1.07450391189528,1.45196608570896,0.30105948142058736,0.7400337531786257,Schofield2018_NatMethods_TimeLapseSeq_SuppTable2
RABGEF1,RNA,K562,0.821108979581861,0.8441597860894439,0.773871096451334,0.868346862712389,0.11518592858925518,0.8912004288632445,Schofield2018_NatMethods_TimeLapseSeq_SuppTable2
RABGGTB,RNA,K562,0.936918556699327,0.7398158309531572,1.01055490941088,0.863282203987775,0.15751323312876947,0.8542655089281985,Schofield2018_NatMethods_TimeLapseSeq_SuppTable2
RABL6,RNA,K562,6.87327430568852,0.10084672162527789,8.13314757257787,5.61340103879918,0.3707912223159474,0.6901880223747083,Schofield2018_NatMethods_TimeLapseSeq_SuppTable2
RAC1,RNA,K562,4.32057944568145,0.1604292177181852,4.49699699768521,4.14416189367768,0.08170926896095052,0.9215398399889639,Schofield2018_NatMethods_TimeLapseSeq_SuppTable2
RAC2,RNA,K562,3.17431898223176,0.2183609096753774,2.7173734916498,3.63126447281372,0.28991514151985703,0.7483270667818411,Schofield2018_NatMethods_TimeLapseSeq_SuppTable2
RACGAP1,RNA,K562,0.801588747097519,0.8647167055048728,0.814441064876321,0.788736429318718,0.0320698595916667,0.9684389249681236,Schofield2018_NatMethods_TimeLapseSeq_SuppTable2
RACK1,RNA,K562,8.76300157146882,0.07909928748806132,8.92241951084991,8.60358363208772,0.03638833755336335,0.9642657601590603,Schofield2018_NatMethods_TimeLapseSeq_SuppTable2
RAD1,RNA,K562,0.9495857226270888,0.7299469274267413,0.991943514866198,0.90722793038798,0.08927244504034941,0.9145963623849638,Schofield2018_NatMethods_TimeLapseSeq_SuppTable2
RAD17,RNA,K562,1.78007854484513,0.3893913459983028,1.90080084064435,1.65935624904591,0.13584556706994844,0.8729774385429075,Schofield2018_NatMethods_TimeLapseSeq_SuppTable2
RAD18,RNA,K562,1.62839300719505,0.4256633242081465,1.79120489243361,1.4655811219565,0.20063668357707518,0.8182096465610346,Schofield2018_NatMethods_TimeLapseSeq_SuppTable2
RAD21,RNA,K562,1.75866755208168,0.3941320118970118,1.83694906237469,1.68038604178868,0.08908252334947926,0.9147700805684751,Schofield2018_NatMethods_TimeLapseSeq_SuppTable2
RAD23A,RNA,K562,5.09401873410842,0.136070795326838,4.72038636448997,5.46765110372688,0.14695845676879368,0.8633298421825862,Schofield2018_NatMethods_TimeLapseSeq_SuppTable2
RAD23B,RNA,K562,4.1468853198568,0.16714886646151117,4.4159280790773,3.8778425606363,0.1299390644874437,0.8781489397459952,Schofield2018_NatMethods_TimeLapseSeq_SuppTable2
RAD51,RNA,K562,2.47493782174415,0.28006650287136,1.94984384584446,3.00003179764384,0.43087359751151805,0.6499410597500417,Schofield2018_NatMethods_TimeLapseSeq_SuppTable2
RAD54L,RNA,K562,1.3159494649352,0.5267278106261302,1.3359910199154,1.29590790995501,0.030461815199728855,0.9699974705197284,Schofield2018_NatMethods_TimeLapseSeq_SuppTable2
RAD54L2,RNA,K562,0.938660922866959,0.7384425660789848,0.8466891139300339,1.03063273180388,0.19659461183040472,0.8215236017665614,Schofield2018_NatMethods_TimeLapseSeq_SuppTable2
RAE1,RNA,K562,1.34869029768215,0.5139409557191769,1.58719328147615,1.11018731388816,0.35743847226063197,0.6994657341641741,Schofield2018_NatMethods_TimeLapseSeq_SuppTable2
RAF1,RNA,K562,0.969074115707094,0.7152674592429744,1.1024832365547,0.8356649948594829,0.2770925933452074,0.7579843095582717,Schofield2018_NatMethods_TimeLapseSeq_SuppTable2
RAI1,RNA,K562,0.5561391359834879,1.2463556971838883,0.6119144854213179,0.500363786545657,0.20125713608497503,0.817702143790802,Schofield2018_NatMethods_TimeLapseSeq_SuppTable2
RAI14,RNA,K562,5.47253545989449,0.12665923969605655,3.91418638670603,7.03088453308294,0.5857050321790225,0.5567132226803497,Schofield2018_NatMethods_TimeLapseSeq_SuppTable2
RALA,RNA,K562,3.94600996713528,0.17565773688685218,4.83875242068819,3.05326751358237,0.4604445900824022,0.6310030454395764,Schofield2018_NatMethods_TimeLapseSeq_SuppTable2
RALB,RNA,K562,3.3674230669536094,0.20583905460593385,3.6346910209518506,3.10015511295537,0.15907195958248876,0.8529349799157077,Schofield2018_NatMethods_TimeLapseSeq_SuppTable2
RALBP1,RNA,K562,2.93541285697696,0.23613277393415252,3.16733294937016,2.70349276458375,0.15834533934876394,0.8535549649497232,Schofield2018_NatMethods_TimeLapseSeq_SuppTable2
RALGAPB,RNA,K562,2.34973170242747,0.2949899258046636,2.46451690312704,2.23494650172791,0.09777851459134683,0.9068497354967031,Schofield2018_NatMethods_TimeLapseSeq_SuppTable2
RALGDS,RNA,K562,0.465360358556889,1.489484799928892,0.5112200390248909,0.419500678088886,0.19773495993785647,0.8205873128311797,Schofield2018_NatMethods_TimeLapseSeq_SuppTable2
RALY,RNA,K562,4.05345323224944,0.17100164744599441,3.83002722254787,4.27687924195102,0.11035168367621913,0.8955191404470645,Schofield2018_NatMethods_TimeLapseSeq_SuppTable2
RAN,RNA,K562,5.22541697033006,0.13264916168329494,5.31500633570799,5.13582760495213,0.03429320402578083,0.9662881435244814,Schofield2018_NatMethods_TimeLapseSeq_SuppTable2
RANBP1,RNA,K562,6.09290334926396,0.11376303558855558,6.22857983135385,5.95722686717407,0.044543268316011894,0.9564342159004169,Schofield2018_NatMethods_TimeLapseSeq_SuppTable2
RANBP10,RNA,K562,0.96971871887065,0.7147919980004054,0.9670202064423908,0.972417231298909,0.0055655714206796795,0.9944498876790685,Schofield2018_NatMethods_TimeLapseSeq_SuppTable2
RANBP2,RNA,K562,3.32238446315284,0.20862943113518237,3.54046263348894,3.10430629281675,0.1314671317708234,0.8768080937935557,Schofield2018_NatMethods_TimeLapseSeq_SuppTable2
RANBP3,RNA,K562,1.3071849895425,0.5302594400219811,1.34880851510437,1.26556146398062,0.06370575258850977,0.9382810456847477,Schofield2018_NatMethods_TimeLapseSeq_SuppTable2
RANBP6,RNA,K562,0.28884138751214,2.3997502107651116,0.2636013506327489,0.314081424391532,0.1752143392294929,0.8392771114796813,Schofield2018_NatMethods_TimeLapseSeq_SuppTable2
RANBP9,RNA,K562,1.5148675079394,0.4575629069388381,1.65494557509224,1.37478944078656,0.18546753772873806,0.8307158020649318,Schofield2018_NatMethods_TimeLapseSeq_SuppTable2
RANGAP1,RNA,K562,3.4203279758677,0.20265517969343316,3.37694829126171,3.4637076604737,0.025367164258804854,0.9749518788198988,Schofield2018_NatMethods_TimeLapseSeq_SuppTable2
RAP1A,RNA,K562,2.19111149922057,0.31634500608778426,2.24941885453362,2.13280414390752,0.05323428259777755,0.9481578495747612,Schofield2018_NatMethods_TimeLapseSeq_SuppTable2
RAP1B,RNA,K562,2.50762834315117,0.2764154355062494,2.15478256343182,2.8604741228705106,0.28329756849411214,0.7532955974688129,Schofield2018_NatMethods_TimeLapseSeq_SuppTable2
RAP1GAP,RNA,K562,1.80934883202037,0.3830920651082841,1.91646219690975,1.70223546713099,0.11853851267969262,0.8882176073578725,Schofield2018_NatMethods_TimeLapseSeq_SuppTable2
RAP2B,RNA,K562,0.542913464410608,1.2767176097067927,0.5658559600991319,0.519970968722084,0.0845665777220434,0.9189104743740627,Schofield2018_NatMethods_TimeLapseSeq_SuppTable2
RAP2C,RNA,K562,1.43283856031518,0.48375804487525403,1.55952823348323,1.30614888714713,0.17730033432494696,0.837528208277337,Schofield2018_NatMethods_TimeLapseSeq_SuppTable2
RAPGEF1,RNA,K562,2.87501814753612,0.24109314967419243,3.13472541608705,2.61531087898518,0.18115861024586294,0.834303019193868,Schofield2018_NatMethods_TimeLapseSeq_SuppTable2
RAPGEF2,RNA,K562,0.4414259368316609,1.5702457031297619,0.389251244973881,0.4936006286894409,0.23750173717191214,0.7885955210538975,Schofield2018_NatMethods_TimeLapseSeq_SuppTable2
RARA,RNA,K562,0.4348170986482259,1.5941120593344298,0.375079821906361,0.494554375390092,0.27651824362530397,0.758419782679119,Schofield2018_NatMethods_TimeLapseSeq_SuppTable2
RARS,RNA,K562,6.64080143488799,0.10437703752418198,6.82834988770033,6.45325298207564,0.05649870471384044,0.9450677086274768,Schofield2018_NatMethods_TimeLapseSeq_SuppTable2
RARS2,RNA,K562,2.60587884109629,0.26599363317610697,2.46258947563481,2.74916820655778,0.11008496689530595,0.895758022284932,Schofield2018_NatMethods_TimeLapseSeq_SuppTable2
RASA1,RNA,K562,0.9437476659163349,0.7344624051461168,0.93024386725846,0.95725146457421,0.028619345705670658,0.9717863087023187,Schofield2018_NatMethods_TimeLapseSeq_SuppTable2
RASA3,RNA,K562,1.58230406621487,0.438061934719075,1.75417357081433,1.4104345616154,0.21809998955526375,0.8040450415409245,Schofield2018_NatMethods_TimeLapseSeq_SuppTable2
RASSF1,RNA,K562,0.556078252472128,1.246492157315013,0.549170075105144,0.5629864298391128,0.024847340289849418,0.9754588139221807,Schofield2018_NatMethods_TimeLapseSeq_SuppTable2
RASSF3,RNA,K562,0.531353561121092,1.3044933379151318,0.552554495264664,0.51015262697752,0.07984211296125748,0.9232621059994556,Schofield2018_NatMethods_TimeLapseSeq_SuppTable2
RASSF5,RNA,K562,0.657669420016043,1.0539446710826799,0.643438571439309,0.6719002685927778,0.043283357276340625,0.9576399973569311,Schofield2018_NatMethods_TimeLapseSeq_SuppTable2
RAVER1,RNA,K562,1.26658589300536,0.5472563561522409,1.32268723681621,1.21048454919451,0.08864471933381483,0.9151706582640211,Schofield2018_NatMethods_TimeLapseSeq_SuppTable2
RB1,RNA,K562,2.04111736182244,0.3395920261738694,2.2598542386473106,1.82238048499756,0.21515670978486104,0.8064150571447427,Schofield2018_NatMethods_TimeLapseSeq_SuppTable2
RB1CC1,RNA,K562,3.02745549837076,0.22895371407869275,2.29734984060482,3.7575611561367106,0.49201390288694047,0.6113938656335302,Schofield2018_NatMethods_TimeLapseSeq_SuppTable2
RBBP4,RNA,K562,5.64554600337403,0.12277770478633769,5.45317468979436,5.83791731695371,0.06817615845561324,0.9340959101900893,Schofield2018_NatMethods_TimeLapseSeq_SuppTable2
RBBP5,RNA,K562,0.765635300027191,0.9053229135795183,0.7440487752749219,0.787221824779459,0.056403479071660316,0.9451577075919712,Schofield2018_NatMethods_TimeLapseSeq_SuppTable2
RBBP6,RNA,K562,0.865269837049487,0.8010763242638058,0.906198144329315,0.824341529769659,0.09467306256829995,0.9096702911257463,Schofield2018_NatMethods_TimeLapseSeq_SuppTable2
RBBP7,RNA,K562,7.323993537661659,0.09464060515559211,5.83895085708125,8.80903621824208,0.411226904682102,0.6628365138276686,Schofield2018_NatMethods_TimeLapseSeq_SuppTable2
RBBP8,RNA,K562,1.01014455160251,0.6861861299556832,0.976033403446432,1.04425569975858,0.06756285092411882,0.9346689739611475,Schofield2018_NatMethods_TimeLapseSeq_SuppTable2
RBCK1,RNA,K562,1.61482386914698,0.4292401133048,1.30024824621376,1.9293994920802,0.39465360563837787,0.6739134386377832,Schofield2018_NatMethods_TimeLapseSeq_SuppTable2
RBFOX2,RNA,K562,2.76681044300285,0.25052210653349455,2.85835152096001,2.67526936504568,0.06619499489004524,0.9359483413527668,Schofield2018_NatMethods_TimeLapseSeq_SuppTable2
RBL1,RNA,K562,0.789255284700578,0.8782293815402281,0.752032457151883,0.826478112249274,0.09439395032874016,0.9099242266745747,Schofield2018_NatMethods_TimeLapseSeq_SuppTable2
RBM10,RNA,K562,2.5165734517646694,0.2754329225216523,2.70316932946367,2.32997757406567,0.14856626767603,0.8619428863259394,Schofield2018_NatMethods_TimeLapseSeq_SuppTable2
RBM12B,RNA,K562,0.397853678325205,1.7422163431485678,0.451025515478644,0.3446818411717659,0.2689021212013668,0.7642180527325101,Schofield2018_NatMethods_TimeLapseSeq_SuppTable2
RBM15,RNA,K562,0.4273026521635229,1.6221457485704704,0.4295006663672559,0.4251046379597909,0.010287947333793734,0.9897647925796089,Schofield2018_NatMethods_TimeLapseSeq_SuppTable2
RBM15B,RNA,K562,0.79388999925514,0.8731022952931567,0.832729074856204,0.755050923654077,0.09792315347317283,0.9067185792503517,Schofield2018_NatMethods_TimeLapseSeq_SuppTable2
RBM17,RNA,K562,2.3089328888354,0.3002023938900888,2.42643609812027,2.19142967955053,0.101869401969863,0.9031474932507818,Schofield2018_NatMethods_TimeLapseSeq_SuppTable2
RBM18,RNA,K562,0.9824079029917429,0.7055594508646489,0.970709177616388,0.994106628367098,0.023817557591691598,0.9764638419229311,Schofield2018_NatMethods_TimeLapseSeq_SuppTable2
RBM19,RNA,K562,2.62142166989547,0.26441651433650687,2.54465072901884,2.69819261077209,0.05858874296410485,0.9430945436807368,Schofield2018_NatMethods_TimeLapseSeq_SuppTable2
RBM20,RNA,K562,0.535241091597214,1.2950186214057733,0.52979293358904,0.540689249605389,0.020358474960582334,0.9798473595983248,Schofield2018_NatMethods_TimeLapseSeq_SuppTable2
RBM22,RNA,K562,1.08854913236917,0.6367624206831591,1.30250907911835,0.874589185619981,0.39829347017717287,0.6714649438082827,Schofield2018_NatMethods_TimeLapseSeq_SuppTable2
RBM23,RNA,K562,1.03503539363278,0.6696845197990078,1.04915497028389,1.02091581698167,0.027284965698978175,0.9730839064751524,Schofield2018_NatMethods_TimeLapseSeq_SuppTable2
RBM25,RNA,K562,1.38445525193386,0.5006641995772206,1.36068511018517,1.40822539368256,0.03434199527090133,0.9662409982729608,Schofield2018_NatMethods_TimeLapseSeq_SuppTable2
RBM26,RNA,K562,0.6182686424520208,1.1211100369104279,0.609325740020481,0.627211544883561,0.02893087429260756,0.9714836166378277,Schofield2018_NatMethods_TimeLapseSeq_SuppTable2
RBM28,RNA,K562,1.85651382857722,0.37335955697736645,1.93142821026546,1.78159944688899,0.08074820806323899,0.922425921615861,Schofield2018_NatMethods_TimeLapseSeq_SuppTable2
RBM3,RNA,K562,3.56248304868744,0.19456855543925414,4.0490015072621,3.07596459011278,0.27485176939506006,0.7596847234054799,Schofield2018_NatMethods_TimeLapseSeq_SuppTable2
RBM33,RNA,K562,0.7845697943871859,0.8834742116236463,0.768465379353305,0.800674209421067,0.04105862219392675,0.9597728643076303,Schofield2018_NatMethods_TimeLapseSeq_SuppTable2
RBM38,RNA,K562,0.8019785292461798,0.8642964309923227,0.828938577007298,0.775018481485062,0.0672591833695848,0.9349528457019063,Schofield2018_NatMethods_TimeLapseSeq_SuppTable2
RBM39,RNA,K562,1.34020155581856,0.5171962213822302,1.4060992429923,1.27430386864482,0.09841933211098788,0.9062687964563525,Schofield2018_NatMethods_TimeLapseSeq_SuppTable2
RBM41,RNA,K562,1.27087472864278,0.5454095238011272,1.11388829547657,1.427861161809,0.24832077044969303,0.7801096670108679,Schofield2018_NatMethods_TimeLapseSeq_SuppTable2
RBM42,RNA,K562,3.54266597268295,0.19565693912570806,3.9324416097487,3.15289033561721,0.22094090872212194,0.8017640561530661,Schofield2018_NatMethods_TimeLapseSeq_SuppTable2
RBM5,RNA,K562,0.685550066742589,1.0110817782477277,0.821856887779954,0.5492432457052249,0.4030248635570107,0.6682954829141502,Schofield2018_NatMethods_TimeLapseSeq_SuppTable2
RBM6,RNA,K562,2.63690395648846,0.26286402235256334,2.649665491717,2.62414242125991,0.009679256486042061,0.9903674367436657,Schofield2018_NatMethods_TimeLapseSeq_SuppTable2
RBM8A,RNA,K562,3.5091062677989,0.19752812473095163,3.21863859977477,3.79957393582302,0.16593046324208005,0.847105137086268,Schofield2018_NatMethods_TimeLapseSeq_SuppTable2
RBMX,RNA,K562,2.9345960306611,0.23619850000403445,3.19539245672346,2.67379960459875,0.1782093812541854,0.8367672017791679,Schofield2018_NatMethods_TimeLapseSeq_SuppTable2
RBMX2,RNA,K562,2.58543986769448,0.2680964230578091,2.71221650614387,2.45866322924509,0.09814840003901973,0.906514367004103,Schofield2018_NatMethods_TimeLapseSeq_SuppTable2
RBPJ,RNA,K562,1.22354247658285,0.566508473408941,1.17995948822154,1.26712546494416,0.07127081577619578,0.9312096717064549,Schofield2018_NatMethods_TimeLapseSeq_SuppTable2
RBSN,RNA,K562,0.528553498633957,1.3114040155847604,0.563183664378545,0.493923332889368,0.13122549085003296,0.8770199921093176,Schofield2018_NatMethods_TimeLapseSeq_SuppTable2
RC3H1,RNA,K562,0.3747555178123709,1.8495983317502047,0.3847781590084279,0.3647328766163149,0.05350171708058791,0.94790431337431,Schofield2018_NatMethods_TimeLapseSeq_SuppTable2
RC3H2,RNA,K562,0.956154384456523,0.7249322827232856,1.08942835050099,0.822880418412058,0.2805974980707792,0.7553322970103026,Schofield2018_NatMethods_TimeLapseSeq_SuppTable2
RCAN1,RNA,K562,1.54258685927825,0.4493407786996559,1.58400057546394,1.50117314309256,0.05370675886414028,0.9477099733078566,Schofield2018_NatMethods_TimeLapseSeq_SuppTable2
RCC1,RNA,K562,2.30159990117208,0.30115885050523467,2.40410747481737,2.19909232752679,0.08913402550297489,0.9147229691525525,Schofield2018_NatMethods_TimeLapseSeq_SuppTable2
RCC1L,RNA,K562,3.50833958206457,0.19757129101854087,3.28237261882717,3.73430654530198,0.12899561714239713,0.8789778179717531,Schofield2018_NatMethods_TimeLapseSeq_SuppTable2
RCC2,RNA,K562,4.28559076198954,0.16173900380496412,4.25141823147097,4.3197632925081,0.01594797856096601,0.9841785171063276,Schofield2018_NatMethods_TimeLapseSeq_SuppTable2
RCHY1,RNA,K562,1.22973681902688,0.5636548974019084,1.34617447402168,1.11329916403208,0.18993902004911772,0.8270095634083093,Schofield2018_NatMethods_TimeLapseSeq_SuppTable2
RCL1,RNA,K562,0.9263922848613348,0.7482220997379071,0.901573451700857,0.951211118021814,0.05359451719491007,0.9478163518271464,Schofield2018_NatMethods_TimeLapseSeq_SuppTable2
RCOR1,RNA,K562,0.711057034849994,0.9748123520164215,0.618894591026099,0.8032194786738889,0.2606930309305908,0.77051740832766,Schofield2018_NatMethods_TimeLapseSeq_SuppTable2
RCOR3,RNA,K562,0.7278331489497109,0.9523435165878077,0.741191818124531,0.7144744797748909,0.03671217653022068,0.9639535438785007,Schofield2018_NatMethods_TimeLapseSeq_SuppTable2
RCSD1,RNA,K562,2.28728631176054,0.3030434698953036,2.64527285701784,1.92929976650323,0.31561709774263585,0.7293386621288794,Schofield2018_NatMethods_TimeLapseSeq_SuppTable2
RDH10,RNA,K562,3.47808212372734,0.19929005581303627,3.03990443968793,3.91625980776674,0.2533109870473276,0.7762264479131801,Schofield2018_NatMethods_TimeLapseSeq_SuppTable2
RDX,RNA,K562,2.1807689749088106,0.31784530527307664,2.32899707003401,2.03254087978361,0.13615105757311946,0.8727107929568709,Schofield2018_NatMethods_TimeLapseSeq_SuppTable2
RECQL4,RNA,K562,1.77787770610428,0.38987337440592734,1.67875912895601,1.87699628325255,0.11161787066026371,0.8943859633259236,Schofield2018_NatMethods_TimeLapseSeq_SuppTable2
REEP4,RNA,K562,0.9472972578701608,0.7317103209169744,1.01247918487191,0.8821153308684119,0.13783443253802377,0.8712429292855137,Schofield2018_NatMethods_TimeLapseSeq_SuppTable2
REEP5,RNA,K562,2.9442769672534,0.23542186698779055,2.7911079940419894,3.09744594046482,0.10413923425558491,0.9010998247230556,Schofield2018_NatMethods_TimeLapseSeq_SuppTable2
RELA,RNA,K562,0.940405542772005,0.7370726234947279,0.978576795822286,0.902234289721724,0.08122503593042908,0.9219861880779503,Schofield2018_NatMethods_TimeLapseSeq_SuppTable2
RELN,RNA,K562,4.14242162323529,0.16732897894120868,4.19097522331939,4.09386802315119,0.023443206978900778,0.9768294501890926,Schofield2018_NatMethods_TimeLapseSeq_SuppTable2
RELT,RNA,K562,0.370302451300547,1.8718406484362404,0.37793883032933,0.362666072271764,0.04124985820910243,0.9595893387184968,Schofield2018_NatMethods_TimeLapseSeq_SuppTable2
REPS1,RNA,K562,2.32371898859,0.2982921704231273,2.15331968852127,2.49411828865872,0.1469245829206094,0.8633590869819074,Schofield2018_NatMethods_TimeLapseSeq_SuppTable2
RER1,RNA,K562,3.6082805386979895,0.19209902698143871,3.83400237896436,3.3825586984316094,0.1252768306381045,0.8822526342159718,Schofield2018_NatMethods_TimeLapseSeq_SuppTable2
RERE,RNA,K562,0.7900160212871709,0.8773837009414095,0.782491124751947,0.797540917822394,0.01905056077714653,0.9811297543058494,Schofield2018_NatMethods_TimeLapseSeq_SuppTable2
REST,RNA,K562,0.333788021093527,2.076608915709789,0.363304136133552,0.304271906053501,0.17731859460905383,0.8375129149139373,Schofield2018_NatMethods_TimeLapseSeq_SuppTable2
REV1,RNA,K562,0.4634963927291089,1.4954748115268635,0.4858073789244349,0.441185406533782,0.09634699560254846,0.908148837735967,Schofield2018_NatMethods_TimeLapseSeq_SuppTable2
REV3L,RNA,K562,0.555697604762678,1.2473459928911659,0.491258463245035,0.620136746280321,0.2329696212215442,0.7921776385477582,Schofield2018_NatMethods_TimeLapseSeq_SuppTable2
REXO1,RNA,K562,0.6677755770744999,1.0379942069708472,0.7102831072330819,0.6252680469159189,0.12748320027922244,0.8803082046420331,Schofield2018_NatMethods_TimeLapseSeq_SuppTable2
REXO4,RNA,K562,2.33125547930211,0.29732785047113214,2.73865585548124,1.92385510312299,0.35313619716084493,0.7024815108742196,Schofield2018_NatMethods_TimeLapseSeq_SuppTable2
RFC1,RNA,K562,1.8607520183134,0.37250916497095576,2.0313372429548906,1.69016679367192,0.18386709800593337,0.8320463771014773,Schofield2018_NatMethods_TimeLapseSeq_SuppTable2
RFC2,RNA,K562,3.48927182741458,0.19865095493965612,3.61747494277836,3.3610687120508,0.07351726036686065,0.9291201086991829,Schofield2018_NatMethods_TimeLapseSeq_SuppTable2
RFC3,RNA,K562,1.1175746688841,0.6202244913550643,1.02037238854877,1.21477694921944,0.1743928315694026,0.8399668673367688,Schofield2018_NatMethods_TimeLapseSeq_SuppTable2
RFC4,RNA,K562,2.79410957572448,0.24807444438903953,3.22253212439103,2.36568702705792,0.3090989471042167,0.7341081285589884,Schofield2018_NatMethods_TimeLapseSeq_SuppTable2
RFC5,RNA,K562,2.95999285423399,0.23417191010054764,3.22722465699735,2.69276105147064,0.18105544815914393,0.8343890920739366,Schofield2018_NatMethods_TimeLapseSeq_SuppTable2
RFESD,RNA,K562,1.40378254948403,0.49377104795519533,1.42645435476502,1.38111074420303,0.03230383057295115,0.9682123648678128,Schofield2018_NatMethods_TimeLapseSeq_SuppTable2
RFWD2,RNA,K562,3.34641253263926,0.2071314202296725,3.46674833491859,3.22607673035993,0.07195031094668364,0.9305771341592606,Schofield2018_NatMethods_TimeLapseSeq_SuppTable2
RFWD3,RNA,K562,0.7393650090263079,0.9374898353287935,0.73928102228249,0.739448995770126,0.0002271861479888792,0.9997728396568298,Schofield2018_NatMethods_TimeLapseSeq_SuppTable2
RFX1,RNA,K562,0.450185417108984,1.5396926559976585,0.441621886114937,0.45874894810303,0.03804905171926676,0.9626657193244474,Schofield2018_NatMethods_TimeLapseSeq_SuppTable2
RFX7,RNA,K562,0.465352538219169,1.4895098310036312,0.4909889930922249,0.439716083346112,0.11029245669910831,0.8955721809093957,Schofield2018_NatMethods_TimeLapseSeq_SuppTable2
RGS14,RNA,K562,0.6569808936296269,1.055049221797776,0.698011989234319,0.6159497980249349,0.12507081566860845,0.8824344101891405,Schofield2018_NatMethods_TimeLapseSeq_SuppTable2
RHAG,RNA,K562,5.73855164953724,0.12078782642234144,6.61389728542714,4.86320601364734,0.3074751905536842,0.7353011097349184,Schofield2018_NatMethods_TimeLapseSeq_SuppTable2
RHEB,RNA,K562,1.7371990168086,0.3990027474418692,1.76926575661831,1.7051322769989,0.03692194420829196,0.9637513587885226,Schofield2018_NatMethods_TimeLapseSeq_SuppTable2
RHOA,RNA,K562,7.615186643882901,0.09102169296359058,7.31785690155635,7.912516386209449,0.07812834629968719,0.9248457184000886,Schofield2018_NatMethods_TimeLapseSeq_SuppTable2
RHOBTB3,RNA,K562,1.47236348607996,0.4707717809583757,1.56659712230067,1.37812984985924,0.12817843022266903,0.8796964007155514,Schofield2018_NatMethods_TimeLapseSeq_SuppTable2
RHOG,RNA,K562,0.838707396198692,0.8264469631501102,0.848728588711224,0.8286862036861599,0.02389789212874692,0.9763854013030266,Schofield2018_NatMethods_TimeLapseSeq_SuppTable2
RHOT1,RNA,K562,2.02966863814924,0.34150755819530904,1.73091537940355,2.32842189689494,0.2965403510210536,0.7433856302896854,Schofield2018_NatMethods_TimeLapseSeq_SuppTable2
RHOT2,RNA,K562,2.2841290921745494,0.30346234936312266,2.39000463316664,2.17825355118247,0.09277187208555299,0.9114013926811473,Schofield2018_NatMethods_TimeLapseSeq_SuppTable2
RHOXF2,RNA,K562,6.40004729186591,0.10830344666997935,7.06439784586773,5.73569673786408,0.208358549980442,0.811915872096464,Schofield2018_NatMethods_TimeLapseSeq_SuppTable2
RIC1,RNA,K562,0.845686623879876,0.8196265152922675,0.860518440323754,0.830854807435997,0.03507998590327595,0.9655281845249051,Schofield2018_NatMethods_TimeLapseSeq_SuppTable2
RIC8A,RNA,K562,2.00829300818997,0.3451424556741665,2.03086911975734,1.9857168966226,0.02248383331396989,0.9777670443183777,Schofield2018_NatMethods_TimeLapseSeq_SuppTable2
RIC8B,RNA,K562,0.4507044484339359,1.5379195456544212,0.412610134859605,0.488798762008267,0.16944771140053666,0.8441308917485078,Schofield2018_NatMethods_TimeLapseSeq_SuppTable2
RICTOR,RNA,K562,0.57408405047535,1.2073966869241695,0.541397037265621,0.606771063685078,0.11399865478785734,0.8922591561594523,Schofield2018_NatMethods_TimeLapseSeq_SuppTable2
RIF1,RNA,K562,0.863396355172198,0.8028145780412776,0.831238573953325,0.895554136391072,0.07452582723268546,0.9281835013381463,Schofield2018_NatMethods_TimeLapseSeq_SuppTable2
RILPL1,RNA,K562,0.926200322266003,0.7483771748903308,0.849786432063457,1.00261421246855,0.1653810188226361,0.8475707021658774,Schofield2018_NatMethods_TimeLapseSeq_SuppTable2
RIOK1,RNA,K562,1.59777125633293,0.43382128562682887,1.56493109750795,1.63061141515792,0.04111324993821076,0.9597204355130746,Schofield2018_NatMethods_TimeLapseSeq_SuppTable2
RIOK2,RNA,K562,0.5485080558659409,1.26369553399842,0.5808103977534939,0.5162057139783879,0.11791900928413052,0.8887680316588868,Schofield2018_NatMethods_TimeLapseSeq_SuppTable2
RIOK3,RNA,K562,3.54928067420227,0.1952922984079685,4.25604933468009,2.8425120137244506,0.4036531706694835,0.6678757199928255,Schofield2018_NatMethods_TimeLapseSeq_SuppTable2
RIOX2,RNA,K562,2.94752738827512,0.23516225271296695,2.69964120988051,3.19541356666972,0.1685976423389661,0.844848766381778,Schofield2018_NatMethods_TimeLapseSeq_SuppTable2
RIPK1,RNA,K562,0.5541448052244399,1.250841249480281,0.5623405100837489,0.545949100365131,0.029581807620384214,0.9708514513454193,Schofield2018_NatMethods_TimeLapseSeq_SuppTable2
RLF,RNA,K562,0.387143953166916,1.7904120027960164,0.357202197969466,0.4170857083643659,0.1549897340118215,0.8564239694768306,Schofield2018_NatMethods_TimeLapseSeq_SuppTable2
RLIM,RNA,K562,0.4762390885865159,1.4554604969894753,0.512770043596616,0.439708133576416,0.15371631254790483,0.8575152528261263,Schofield2018_NatMethods_TimeLapseSeq_SuppTable2
RMDN3,RNA,K562,1.21618602948867,0.5699351610307267,1.22460884009493,1.20776321888241,0.013851409355781009,0.9862440800188783,Schofield2018_NatMethods_TimeLapseSeq_SuppTable2
RMI1,RNA,K562,0.430451253126069,1.610280317518181,0.4691395747463649,0.391762931505773,0.18024343463198766,0.8350669024619705,Schofield2018_NatMethods_TimeLapseSeq_SuppTable2
RMND1,RNA,K562,1.41710360993379,0.4891295002715649,1.54102356167487,1.29318365819272,0.1753397160129435,0.8391718922111848,Schofield2018_NatMethods_TimeLapseSeq_SuppTable2
RMND5A,RNA,K562,1.92355761223467,0.36034646227969735,1.97440781784564,1.87270740662371,0.05288331949952087,0.9484906763928337,Schofield2018_NatMethods_TimeLapseSeq_SuppTable2
RMND5B,RNA,K562,1.80161373406319,0.384736843117135,1.76205331363285,1.84117415449353,0.043923711036671975,0.9570269652832246,Schofield2018_NatMethods_TimeLapseSeq_SuppTable2
RMRP,RNA,K562,5.57763555188195,0.12427258362659972,5.24066155656754,5.91460954719637,0.12097774301658523,0.8860536802554796,Schofield2018_NatMethods_TimeLapseSeq_SuppTable2
RN7SKP203,RNA,K562,2.80520266445634,0.2470934415336726,2.4262090944875494,3.18419623442512,0.27186990170102554,0.7619533834809592,Schofield2018_NatMethods_TimeLapseSeq_SuppTable2
RN7SL1,RNA,K562,3.25439352773518,0.21298812655958207,3.34089864503412,3.16788841043624,0.05317457684579222,0.9482144617421902,Schofield2018_NatMethods_TimeLapseSeq_SuppTable2
RN7SL4P,RNA,K562,2.49732737271236,0.2775555932849583,2.53610504871705,2.45854969670767,0.031057836807758397,0.9694195033251428,Schofield2018_NatMethods_TimeLapseSeq_SuppTable2
RN7SL5P,RNA,K562,1.61344876248629,0.42960594515057315,1.62600424422815,1.60089328074443,0.015563847429344031,0.9845566433342,Schofield2018_NatMethods_TimeLapseSeq_SuppTable2
RNA5SP202,RNA,K562,3.66090990746264,0.18933740465641846,3.61050232575082,3.71131748917446,0.027540020883625154,0.9728357480281039,Schofield2018_NatMethods_TimeLapseSeq_SuppTable2
RNASEH1,RNA,K562,3.53848590172271,0.19588807185086904,2.87817060465591,4.19880119878952,0.3776441700852179,0.6854743695618795,Schofield2018_NatMethods_TimeLapseSeq_SuppTable2
RNF10,RNA,K562,5.66899711625039,0.12226980651886614,6.32711111796723,5.01088311453354,0.23323158258627325,0.7919701457911859,Schofield2018_NatMethods_TimeLapseSeq_SuppTable2
RNF11,RNA,K562,0.475141909319138,1.4588213899152809,0.486558619954139,0.4637251986841369,0.048065255027543746,0.953071592335258,Schofield2018_NatMethods_TimeLapseSeq_SuppTable2
RNF111,RNA,K562,0.4791873812565449,1.446505495913407,0.452594997255774,0.505779765257316,0.11110364822042736,0.8948459949272897,Schofield2018_NatMethods_TimeLapseSeq_SuppTable2
RNF114,RNA,K562,1.85164465762677,0.3743413606411629,2.21811378832244,1.4851755269311,0.4011242246083746,0.6695668791880774,Schofield2018_NatMethods_TimeLapseSeq_SuppTable2
RNF115,RNA,K562,2.4563717706152306,0.28218333594769224,2.67638927779858,2.23635426343187,0.17962162273279508,0.8355863184713349,Schofield2018_NatMethods_TimeLapseSeq_SuppTable2
RNF121,RNA,K562,1.1999803795153,0.5776320949846894,1.00880748146347,1.39115327756713,0.3213641773845518,0.7251591163467536,Schofield2018_NatMethods_TimeLapseSeq_SuppTable2
RNF126,RNA,K562,0.960610418811278,0.721569501003009,0.916466300129496,1.00475453749306,0.0919732529378369,0.9121295460044899,Schofield2018_NatMethods_TimeLapseSeq_SuppTable2
RNF138,RNA,K562,1.24951521232201,0.554732886582349,1.40320786351999,1.09582256112404,0.2472556679764604,0.7809410063988207,Schofield2018_NatMethods_TimeLapseSeq_SuppTable2
RNF139,RNA,K562,0.356178516036506,1.94606678772535,0.424162056811757,0.2881949752612539,0.38647834315875085,0.6794454398573297,Schofield2018_NatMethods_TimeLapseSeq_SuppTable2
RNF14,RNA,K562,1.97575151046373,0.3508271039596757,2.15428689205761,1.79721612886985,0.18122088761834612,0.8342510626118543,Schofield2018_NatMethods_TimeLapseSeq_SuppTable2
RNF144A,RNA,K562,1.36519497664313,0.5077276084507144,1.50854115723531,1.22184879605096,0.21077794452044127,0.809953901615937,Schofield2018_NatMethods_TimeLapseSeq_SuppTable2
RNF145,RNA,K562,0.68928193186688,1.005607645455897,0.773806568485843,0.6047572952479159,0.24649471817643484,0.7815354894586684,Schofield2018_NatMethods_TimeLapseSeq_SuppTable2
RNF149,RNA,K562,0.6037398191025048,1.1480892242462155,0.772365491865408,0.4351141463396019,0.5738494710037674,0.5633526496487037,Schofield2018_NatMethods_TimeLapseSeq_SuppTable2
RNF166,RNA,K562,1.50747921404159,0.4598054647145682,1.72076612777831,1.29419230030486,0.2848828205433508,0.7521023801042612,Schofield2018_NatMethods_TimeLapseSeq_SuppTable2
RNF167,RNA,K562,2.23877166986945,0.30961048412782755,2.69825070191715,1.77929263782174,0.4163877840214949,0.6594245066099768,Schofield2018_NatMethods_TimeLapseSeq_SuppTable2
RNF168,RNA,K562,0.4768204613334199,1.4536858980874512,0.4755739727673949,0.4780669498994459,0.00522834696312772,0.9947852970539474,Schofield2018_NatMethods_TimeLapseSeq_SuppTable2
RNF169,RNA,K562,0.448874520058886,1.544189187813588,0.423218784915291,0.4745302552024799,0.11443611094352424,0.8918689172615675,Schofield2018_NatMethods_TimeLapseSeq_SuppTable2
RNF182,RNA,K562,0.75425728103233,0.9189797672370559,0.767811902376055,0.740702659688604,0.035945508579086224,0.964692859535572,Schofield2018_NatMethods_TimeLapseSeq_SuppTable2
RNF187,RNA,K562,4.45404599627967,0.15562191794582053,5.12495452094425,3.78313747161508,0.30356796672095093,0.7381797157720053,Schofield2018_NatMethods_TimeLapseSeq_SuppTable2
RNF2,RNA,K562,0.977285263518796,0.7092577842258788,0.8270973340852529,1.12747319295234,0.3098119119567824,0.7335849218015204,Schofield2018_NatMethods_TimeLapseSeq_SuppTable2
RNF20,RNA,K562,4.56820368614205,0.15173298481909933,5.34184022401697,3.7945671482671295,0.3419998589316191,0.7103483049168554,Schofield2018_NatMethods_TimeLapseSeq_SuppTable2
RNF213,RNA,K562,3.61939016011281,0.19150938414949473,3.32745586435414,3.91132445587148,0.1616680448627838,0.8507235597290154,Schofield2018_NatMethods_TimeLapseSeq_SuppTable2
RNF214,RNA,K562,1.03097671034222,0.6723208910605397,1.04529236473672,1.01666105594772,0.02777283795872401,0.9726092816183429,Schofield2018_NatMethods_TimeLapseSeq_SuppTable2
RNF216,RNA,K562,0.890817794579958,0.7781020819041685,0.9518749322030468,0.8297606569568688,0.13729635833156095,0.8717118487787539,Schofield2018_NatMethods_TimeLapseSeq_SuppTable2
RNF217,RNA,K562,0.585776904025398,1.1832955102816618,0.602236259317321,0.569317548733475,0.05621146506626834,0.9453392085339367,Schofield2018_NatMethods_TimeLapseSeq_SuppTable2
RNF219,RNA,K562,0.3718587619295359,1.8640065840139888,0.409891970735178,0.333825553123895,0.205275078471683,0.8144232552912636,Schofield2018_NatMethods_TimeLapseSeq_SuppTable2
RNF220,RNA,K562,0.8110827851445729,0.8545948616532332,0.839602870539891,0.7825626997492549,0.07035496019873318,0.9320629159426795,Schofield2018_NatMethods_TimeLapseSeq_SuppTable2
RNF24,RNA,K562,0.518743717005928,1.336203519843353,0.5240058955486279,0.5134815384632289,0.020288858942264867,0.9799155750444752,Schofield2018_NatMethods_TimeLapseSeq_SuppTable2
RNF26,RNA,K562,0.98247927082359,0.7055081986400545,0.955098655213755,1.00985988643342,0.055752234874377214,0.9457734365377475,Schofield2018_NatMethods_TimeLapseSeq_SuppTable2
RNF34,RNA,K562,0.796216249958486,0.8705514118759637,0.7552584672079449,0.837174032709028,0.10297194192314098,0.9021522857845806,Schofield2018_NatMethods_TimeLapseSeq_SuppTable2
RNF4,RNA,K562,0.3227362200718419,2.1477204523423152,0.3012556196542309,0.344216820489453,0.13331261185849716,0.8751914541127473,Schofield2018_NatMethods_TimeLapseSeq_SuppTable2
RNF40,RNA,K562,1.92889493155335,0.35934937109391957,2.00981449094682,1.84797537215988,0.08395177837305537,0.9194755936351628,Schofield2018_NatMethods_TimeLapseSeq_SuppTable2
RNF41,RNA,K562,0.4888879769886019,1.4178036957045184,0.507554716929368,0.470221237047837,0.07640122063913081,0.9264444233571641,Schofield2018_NatMethods_TimeLapseSeq_SuppTable2
RNF44,RNA,K562,0.8943614636147749,0.7750190596969886,1.00315350055755,0.785569426671999,0.24449497857162097,0.783099920635657,Schofield2018_NatMethods_TimeLapseSeq_SuppTable2
RNF6,RNA,K562,0.3627743502703529,1.9106840934134024,0.338790604375312,0.386758096165394,0.1324171927560262,0.8759754682172985,Schofield2018_NatMethods_TimeLapseSeq_SuppTable2
RNF7,RNA,K562,3.24178999353772,0.21381618856918103,3.83584843878027,2.64773154829516,0.37068739212357465,0.6902596884503317,Schofield2018_NatMethods_TimeLapseSeq_SuppTable2
RNF8,RNA,K562,1.33106888586002,0.5207447848291445,1.32001288123911,1.34212489048093,0.016612602105772006,0.9835246262112788,Schofield2018_NatMethods_TimeLapseSeq_SuppTable2
RNGTT,RNA,K562,1.28083081596296,0.5411699749266419,1.45293221996141,1.10872941196451,0.2703690493808423,0.7630978215858946,Schofield2018_NatMethods_TimeLapseSeq_SuppTable2
RNH1,RNA,K562,1.84041290590909,0.37662590733548373,1.75392872104351,1.92689709077467,0.09405272897418168,0.9102347652299264,Schofield2018_NatMethods_TimeLapseSeq_SuppTable2
RNMT,RNA,K562,0.917204532360249,0.7557171340794235,0.886817316204869,0.947591748515629,0.06628476030557003,0.935864329331739,Schofield2018_NatMethods_TimeLapseSeq_SuppTable2
RNPC3,RNA,K562,0.8006077828487769,0.8657762207775973,0.6342212206061159,0.966994345091438,0.42179482557061754,0.6558685930538142,Schofield2018_NatMethods_TimeLapseSeq_SuppTable2
RNPEP,RNA,K562,6.27537915534746,0.11045502803910923,6.44899017734881,6.10176813334611,0.05534496979511439,0.9461586954772749,Schofield2018_NatMethods_TimeLapseSeq_SuppTable2
RNPS1,RNA,K562,1.88127439650806,0.3684455504452381,1.95876723732761,1.8037815556885,0.0824299893725112,0.9208759067000936,Schofield2018_NatMethods_TimeLapseSeq_SuppTable2
ROCK1,RNA,K562,3.87523026999815,0.1788660627282611,3.17208768987661,4.57837285011969,0.3669537137315927,0.692841713359733,Schofield2018_NatMethods_TimeLapseSeq_SuppTable2
ROCK2,RNA,K562,1.87207687152248,0.3702557256616489,2.10862932721394,1.63552441583102,0.25407463189631696,0.7756339128565487,Schofield2018_NatMethods_TimeLapseSeq_SuppTable2
ROR2,RNA,K562,0.546723226399418,1.2678209870922053,0.519030902042363,0.5744155507564729,0.10138966751073833,0.9035808681690957,Schofield2018_NatMethods_TimeLapseSeq_SuppTable2
RP1-167A14.2,RNA,K562,0.6699212422388419,1.0346696549634455,0.6295669999582049,0.7102754845194789,0.12062061971394553,0.8863701671811529,Schofield2018_NatMethods_TimeLapseSeq_SuppTable2
RP11-122G18.10,RNA,K562,0.337538655890926,2.0535342203410694,0.33322086834731,0.341856443434542,0.025585354475554437,0.9747391770637036,Schofield2018_NatMethods_TimeLapseSeq_SuppTable2
RP11-124N3.3,RNA,K562,0.693937183188233,0.9988615646380871,0.7255541241335969,0.662320242242868,0.09118648348949956,0.9128474640451695,Schofield2018_NatMethods_TimeLapseSeq_SuppTable2
RP11-169F17.1,RNA,K562,0.993620255763629,0.6975976753082992,1.00665217812646,0.980588333400794,0.026232697270203355,0.9741083908702458,Schofield2018_NatMethods_TimeLapseSeq_SuppTable2
RP11-191L9.4,RNA,K562,0.706411172837563,0.9812234109713497,0.6982806931930289,0.714541652482097,0.023020130485832815,0.9772428112027024,Schofield2018_NatMethods_TimeLapseSeq_SuppTable2
RP11-252A24.2,RNA,K562,0.6088085115510459,1.1385306995692817,0.6495827748727059,0.5680342482293859,0.13414855890030142,0.8744601461156348,Schofield2018_NatMethods_TimeLapseSeq_SuppTable2
RP11-255H23.2,RNA,K562,1.33468290742758,0.5193347249017314,1.37427873067328,1.29508708418188,0.05935109461566828,0.9423758479820153,Schofield2018_NatMethods_TimeLapseSeq_SuppTable2
RP11-255M2.3,RNA,K562,0.693484505620799,0.9995135795275603,0.6830333896007529,0.703935621640844,0.03014316039025596,0.9703066141313195,Schofield2018_NatMethods_TimeLapseSeq_SuppTable2
RP11-25K21.6,RNA,K562,0.524173715841397,1.3223615752028202,0.551947251839452,0.496400179843341,0.10607006782365755,0.8993616295561004,Schofield2018_NatMethods_TimeLapseSeq_SuppTable2
RP11-284F21.10,RNA,K562,1.38353431394678,0.5009974624934445,1.41421718588152,1.35285144201203,0.04436160828013602,0.9566079775566868,Schofield2018_NatMethods_TimeLapseSeq_SuppTable2
RP11-284F21.7,RNA,K562,0.583128513738405,1.1886696744019885,0.6040055987629829,0.562251428713828,0.07163433546573773,0.9308712201763223,Schofield2018_NatMethods_TimeLapseSeq_SuppTable2
RP11-298C3.2,RNA,K562,3.48168004276931,0.199084112280639,4.0022150127133,2.96114507282532,0.30127191857681473,0.7398765592100992,Schofield2018_NatMethods_TimeLapseSeq_SuppTable2
RP11-2B6.3,RNA,K562,0.273400963009985,2.5352770265649376,0.262876473847568,0.283925452172401,0.0770274706983067,0.9258644191150149,Schofield2018_NatMethods_TimeLapseSeq_SuppTable2
RP11-301G19.1,RNA,K562,2.62722397775622,0.263832542040031,2.59894903980714,2.65549891570531,0.021525404708329296,0.9787046134480721,Schofield2018_NatMethods_TimeLapseSeq_SuppTable2
RP11-313J2.1,RNA,K562,0.5350312700990019,1.2955264847074934,0.568282770632285,0.501779769565719,0.1244578130746378,0.8829755106026297,Schofield2018_NatMethods_TimeLapseSeq_SuppTable2
RP11-382A20.3,RNA,K562,3.43557564440508,0.20175576156757097,4.27661130684676,2.59453998196339,0.4997517152730032,0.6066812707083267,Schofield2018_NatMethods_TimeLapseSeq_SuppTable2
RP11-43F13.1,RNA,K562,1.69338992854291,0.409325205539854,1.48789778610569,1.89888207098013,0.2439010873938972,0.7835651348994486,Schofield2018_NatMethods_TimeLapseSeq_SuppTable2
RP11-440L14.1,RNA,K562,0.680153521897484,1.0191040084982752,0.769213903603434,0.591093140191534,0.2633954863530398,0.76843793049309,Schofield2018_NatMethods_TimeLapseSeq_SuppTable2
RP11-61O11.1,RNA,K562,0.887660997088332,0.7808692539534544,0.9060463587130388,0.8692756354636259,0.04143021136441665,0.9594162893589212,Schofield2018_NatMethods_TimeLapseSeq_SuppTable2
RP11-648K4.2,RNA,K562,0.609181358804711,1.1378338659606813,0.5926038220352219,0.6257588955742,0.05443906134804434,0.9470162169911228,Schofield2018_NatMethods_TimeLapseSeq_SuppTable2
RP11-717F1.1,RNA,K562,2.57241882877718,0.26945347033143835,2.86383302089807,2.2810046366563,0.22754496860985246,0.796486603796823,Schofield2018_NatMethods_TimeLapseSeq_SuppTable2
RP11-734I18.1,RNA,K562,1.08019325469686,0.6416881215893786,0.91937914691149,1.24100736248223,0.2999801159659726,0.7408329512828774,Schofield2018_NatMethods_TimeLapseSeq_SuppTable2
RP11-81H3.2,RNA,K562,1.98724584813817,0.3487979009790599,2.13425939924523,1.84023229703111,0.14822788886372698,0.8622345988879792,Schofield2018_NatMethods_TimeLapseSeq_SuppTable2
RP11-94P11.4,RNA,K562,0.661616571466167,1.0476569216274394,0.727894994980484,0.595338147951849,0.20102724012848663,0.8178901518175858,Schofield2018_NatMethods_TimeLapseSeq_SuppTable2
RP6-159A1.4,RNA,K562,0.328104832750723,2.112578393767709,0.3319379256876949,0.324271739813751,0.023366113208817582,0.9769047605570788,Schofield2018_NatMethods_TimeLapseSeq_SuppTable2
RP9,RNA,K562,0.5491151827702399,1.2622983343186327,0.562154109913202,0.536076255627277,0.04749961031749392,0.9536108447380177,Schofield2018_NatMethods_TimeLapseSeq_SuppTable2
RPA1,RNA,K562,5.14437123562302,0.13473895036192896,5.38112469373648,4.90761777750957,0.09210875683296751,0.9120059572717091,Schofield2018_NatMethods_TimeLapseSeq_SuppTable2
RPA2,RNA,K562,2.26119472128901,0.30654024354205633,2.31569023572588,2.20669920685215,0.048209973599179334,0.9529336751555781,Schofield2018_NatMethods_TimeLapseSeq_SuppTable2
RPAP1,RNA,K562,3.27846538499205,0.21142427909502728,3.17328177846259,3.38364899152152,0.06418839673396151,0.9378282990977932,Schofield2018_NatMethods_TimeLapseSeq_SuppTable2
RPAP2,RNA,K562,1.15485411263165,0.6002032403732974,1.05135020622819,1.25835801903511,0.17973246282881145,0.835493707136185,Schofield2018_NatMethods_TimeLapseSeq_SuppTable2
RPAP3,RNA,K562,2.73478589789499,0.2534557389276697,3.42501126513315,2.04456053065682,0.5159218938324953,0.5969500163315042,Schofield2018_NatMethods_TimeLapseSeq_SuppTable2
RPF1,RNA,K562,1.5119736087576,0.45843867680303596,1.38837564924043,1.63557156827477,0.1638578601708056,0.8488626705005109,Schofield2018_NatMethods_TimeLapseSeq_SuppTable2
RPF2,RNA,K562,2.30832964273678,0.300280847122919,2.58579608536605,2.03086320010752,0.241572499540123,0.7853918611761017,Schofield2018_NatMethods_TimeLapseSeq_SuppTable2
RPL10,RNA,K562,7.504036217592,0.09236991406504326,8.04443097128669,6.96364146389732,0.14427751085263635,0.8656474881508617,Schofield2018_NatMethods_TimeLapseSeq_SuppTable2
RPL10A,RNA,K562,7.35875309232052,0.09419356402694132,7.40100833542848,7.31649784921256,0.011484474885428553,0.9885812199654783,Schofield2018_NatMethods_TimeLapseSeq_SuppTable2
RPL11,RNA,K562,10.1616824554039,0.06821185208275576,11.2299585937548,9.093406317052981,0.21103551128974424,0.8097453112703373,Schofield2018_NatMethods_TimeLapseSeq_SuppTable2
RPL12,RNA,K562,6.41143798421252,0.10811103254320577,6.06751980334439,6.75535616508064,0.10738577371041898,0.898179112258837,Schofield2018_NatMethods_TimeLapseSeq_SuppTable2
RPL13,RNA,K562,8.37249606316291,0.08278859438461085,9.18668548786713,7.55830663845868,0.19510803074696215,0.8227457714146138,Schofield2018_NatMethods_TimeLapseSeq_SuppTable2
RPL13A,RNA,K562,3.7312915068438506,0.18576602211019708,4.03543151076922,3.42715150291848,0.1633837874254654,0.8492651885610143,Schofield2018_NatMethods_TimeLapseSeq_SuppTable2
RPL13AP5,RNA,K562,4.68480017665708,0.14795661595422677,5.15144770220072,4.21815265111344,0.1998805105926474,0.8188285885754849,Schofield2018_NatMethods_TimeLapseSeq_SuppTable2
RPL14,RNA,K562,7.30112877976223,0.09493698871347923,7.18381187164535,7.4184456878791,0.03213941568380854,0.9683715664836484,Schofield2018_NatMethods_TimeLapseSeq_SuppTable2
RPL15,RNA,K562,7.85571501348257,0.08823476658334906,9.09722080166434,6.61420922530079,0.31874871270563154,0.7270582268477773,Schofield2018_NatMethods_TimeLapseSeq_SuppTable2
RPL18,RNA,K562,9.74185324076045,0.07115147020073956,11.0704847878348,8.41322169368612,0.2744780591555026,0.7599686784205955,Schofield2018_NatMethods_TimeLapseSeq_SuppTable2
RPL18A,RNA,K562,5.30194885860294,0.1307344146549518,5.12808089653726,5.47581682066861,0.06560996061467439,0.9364960634149024,Schofield2018_NatMethods_TimeLapseSeq_SuppTable2
RPL19,RNA,K562,9.54809151216199,0.07259536418110794,11.3711962260069,7.72498679831704,0.3866233973733261,0.6793468905803712,Schofield2018_NatMethods_TimeLapseSeq_SuppTable2
RPL21,RNA,K562,2.38995121585937,0.29002566075839586,2.04173710168911,2.73816533002964,0.2934871425915576,0.7456588100423464,Schofield2018_NatMethods_TimeLapseSeq_SuppTable2
RPL22,RNA,K562,5.05183715202609,0.13720695258000382,5.22026805985804,4.88340624419414,0.0667057758040727,0.935470398875827,Schofield2018_NatMethods_TimeLapseSeq_SuppTable2
RPL22L1,RNA,K562,1.08504901413992,0.638816469603798,1.27585858715439,0.894239441125456,0.35540106209940475,0.7008922855000115,Schofield2018_NatMethods_TimeLapseSeq_SuppTable2
RPL23,RNA,K562,8.76377944637572,0.07909226661866733,7.8181436952871,9.70941519746435,0.2166489063988009,0.8052126246829816,Schofield2018_NatMethods_TimeLapseSeq_SuppTable2
RPL23A,RNA,K562,7.02025863283715,0.09873527697651482,6.26100017561361,7.7795170900607,0.21715432076556535,0.8048057614800816,Schofield2018_NatMethods_TimeLapseSeq_SuppTable2
RPL23AP42,RNA,K562,5.04783100949626,0.13731584501461286,5.81199360281945,4.28366841617308,0.3051138959524411,0.7370394238037417,Schofield2018_NatMethods_TimeLapseSeq_SuppTable2
RPL24,RNA,K562,12.2531540571058,0.056568878292848866,13.095061396671,11.4112467175405,0.13763574326105402,0.8714160531115528,Schofield2018_NatMethods_TimeLapseSeq_SuppTable2
RPL27,RNA,K562,13.3242658508723,0.0520214162879801,13.7910979694665,12.8574337322781,0.07010116469595822,0.9322994993396803,Schofield2018_NatMethods_TimeLapseSeq_SuppTable2
RPL27A,RNA,K562,4.25438343868277,0.16292541341185635,4.30959265138964,4.19917422597591,0.02595549411487467,0.974378454219304,Schofield2018_NatMethods_TimeLapseSeq_SuppTable2
RPL28,RNA,K562,7.36693495864419,0.09408895075782127,7.09834187172772,7.635528045560671,0.0729508798732359,0.9296464932578863,Schofield2018_NatMethods_TimeLapseSeq_SuppTable2
RPL29,RNA,K562,6.84085672752737,0.10132461593161936,6.94504825937746,6.73666519567727,0.030463900584893837,0.9699954477035024,Schofield2018_NatMethods_TimeLapseSeq_SuppTable2
RPL3,RNA,K562,8.10010830075175,0.08557258185000022,8.84537099767843,7.35484560382508,0.18453490924006943,0.8314909126768617,Schofield2018_NatMethods_TimeLapseSeq_SuppTable2
RPL30,RNA,K562,10.6056457520026,0.0653564334287766,10.9668419753992,10.244449528606,0.0681403050632033,0.9341294012976872,Schofield2018_NatMethods_TimeLapseSeq_SuppTable2
RPL31,RNA,K562,10.9824494251073,0.0631140789936461,12.3455613715415,9.619337478673,0.24952120221394464,0.7791737604453628,Schofield2018_NatMethods_TimeLapseSeq_SuppTable2
RPL32,RNA,K562,8.63266285014106,0.08029355398127463,8.76730942489066,8.49801627539147,0.031197209363177703,0.9692844022665996,Schofield2018_NatMethods_TimeLapseSeq_SuppTable2
RPL34,RNA,K562,8.21659374722652,0.08435943188671272,8.73328333299551,7.69990416145752,0.12593351463480995,0.8816734632170073,Schofield2018_NatMethods_TimeLapseSeq_SuppTable2
RPL35,RNA,K562,10.4884729388764,0.06608656804469003,10.8891431501486,10.0878027276042,0.07643920826839318,0.9264092305983264,Schofield2018_NatMethods_TimeLapseSeq_SuppTable2
RPL35A,RNA,K562,10.3977465199349,0.06666321199800561,9.41110742382774,11.3843856160421,0.19035210120358517,0.8266680118922051,Schofield2018_NatMethods_TimeLapseSeq_SuppTable2
RPL36,RNA,K562,10.3488823041312,0.06697797503052537,10.7707738891169,9.9269907191455,0.08157896188963792,0.921659930970793,Schofield2018_NatMethods_TimeLapseSeq_SuppTable2
RPL36AL,RNA,K562,3.8366264291691694,0.18066579933091062,4.08169053204979,3.59156232628856,0.12792395247466562,0.8799202923610449,Schofield2018_NatMethods_TimeLapseSeq_SuppTable2
RPL37,RNA,K562,7.3441402885134,0.09438098311439691,7.413793461818181,7.274487115208621,0.01896893553479419,0.9812098425283895,Schofield2018_NatMethods_TimeLapseSeq_SuppTable2
RPL37A,RNA,K562,6.94516260636946,0.09980287285487814,5.691854897462141,8.19847031527679,0.36491140241237857,0.6942581577512216,Schofield2018_NatMethods_TimeLapseSeq_SuppTable2
RPL38,RNA,K562,9.0710629573417,0.07641300515932853,8.56964500455529,9.57248091012811,0.11066610141365789,0.8952376176052987,Schofield2018_NatMethods_TimeLapseSeq_SuppTable2
RPL39,RNA,K562,6.14293269831023,0.11283652525618798,5.91784194205268,6.36802345456777,0.07331728610668195,0.929305927384395,Schofield2018_NatMethods_TimeLapseSeq_SuppTable2
RPL4,RNA,K562,12.6755573002255,0.054683763730657746,13.7474483601442,11.6036662403067,0.16953212970768694,0.8440596346553569,Schofield2018_NatMethods_TimeLapseSeq_SuppTable2
RPL41,RNA,K562,12.0036940857923,0.05774448895530932,12.3072956300891,11.7000925414956,0.05059547589566151,0.9506631589226637,Schofield2018_NatMethods_TimeLapseSeq_SuppTable2
RPL5,RNA,K562,11.3565533963277,0.06103499507025469,11.7373907448856,10.9757160477699,0.06709433591556678,0.9351069830023689,Schofield2018_NatMethods_TimeLapseSeq_SuppTable2
RPL6,RNA,K562,6.81449015072051,0.10171666041466909,7.33449632008896,6.29448398135205,0.1529150498626236,0.8582026231455938,Schofield2018_NatMethods_TimeLapseSeq_SuppTable2
RPL6P27,RNA,K562,10.4007887357612,0.06664371310386165,12.4716087050785,8.32996876644401,0.4035950507469214,0.6679145380059915,Schofield2018_NatMethods_TimeLapseSeq_SuppTable2
RPL7,RNA,K562,9.19758157364619,0.07536189540802969,10.9854596049458,7.40970354234654,0.39378211355558473,0.6745010048565098,Schofield2018_NatMethods_TimeLapseSeq_SuppTable2
RPL7A,RNA,K562,9.84618498509212,0.07039753788999732,10.003408472417,9.688961497767261,0.031938634574274594,0.9685660167215221,Schofield2018_NatMethods_TimeLapseSeq_SuppTable2
RPL7L1,RNA,K562,2.35014252761544,0.2949383590208222,2.56263443405963,2.13765062117125,0.18132841976929875,0.8341613586237749,Schofield2018_NatMethods_TimeLapseSeq_SuppTable2
RPL8,RNA,K562,9.49685209184288,0.07298704600815141,10.2081070109186,8.7855971727672,0.15006851385264286,0.8606490080256917,Schofield2018_NatMethods_TimeLapseSeq_SuppTable2
RPL9,RNA,K562,5.18541606149017,0.1336724329042076,5.85085163156939,4.51998049141094,0.2580795509190603,0.7725337738907135,Schofield2018_NatMethods_TimeLapseSeq_SuppTable2
RPLP0,RNA,K562,9.995938693570748,0.06934288032456302,10.0095346937115,9.982342693429981,0.0027203065048367683,0.9972833901761086,Schofield2018_NatMethods_TimeLapseSeq_SuppTable2
RPLP1,RNA,K562,14.6985239843126,0.0471576044846221,13.2855753587331,16.111472609892,0.19285271551427816,0.8246034164857234,Schofield2018_NatMethods_TimeLapseSeq_SuppTable2
RPLP2,RNA,K562,8.70731353002596,0.07960517077623581,8.84852700093812,8.5661000591138,0.03243844450892897,0.9680820387625674,Schofield2018_NatMethods_TimeLapseSeq_SuppTable2
RPN1,RNA,K562,5.42882053609637,0.12767914797536437,5.52674583981696,5.33089523237578,0.036080001476926846,0.9645631239218219,Schofield2018_NatMethods_TimeLapseSeq_SuppTable2
RPN2,RNA,K562,6.99915949372669,0.09903291690683852,6.13210031274324,7.866218674710141,0.2490401538411659,0.779548670882735,Schofield2018_NatMethods_TimeLapseSeq_SuppTable2
RPP25,RNA,K562,0.8631702726053359,0.8030248521740627,0.814537101245982,0.911803443964689,0.11280446692633381,0.8933253176849442,Schofield2018_NatMethods_TimeLapseSeq_SuppTable2
RPP38,RNA,K562,0.282895544183811,2.4501876922797123,0.295743885147827,0.2700472032197959,0.09089705643981148,0.9131117050309032,Schofield2018_NatMethods_TimeLapseSeq_SuppTable2
RPPH1,RNA,K562,9.32066765498752,0.07436668768991457,8.70766666080344,9.9336686491716,0.1317259979124047,0.8765811472410647,Schofield2018_NatMethods_TimeLapseSeq_SuppTable2
RPRD1A,RNA,K562,2.61750089767946,0.26481258561341986,2.62097103909144,2.61403075626749,0.0026514936045268023,0.9973520184998474,Schofield2018_NatMethods_TimeLapseSeq_SuppTable2
RPRD1B,RNA,K562,0.622592621705474,1.1133237953594768,0.6305359330950469,0.6146493103159009,0.025518267171956342,0.9748045718803606,Schofield2018_NatMethods_TimeLapseSeq_SuppTable2
RPRD2,RNA,K562,0.4087964014784979,1.6955804357695743,0.407442547759505,0.4101502551974909,0.006623633005770124,0.993398254898849,Schofield2018_NatMethods_TimeLapseSeq_SuppTable2
RPS11,RNA,K562,17.1903664254118,0.04032183860463235,19.3484100534842,15.0323227973393,0.25240751242924314,0.7769280657059636,Schofield2018_NatMethods_TimeLapseSeq_SuppTable2
RPS12,RNA,K562,9.133160741731722,0.07589346121904769,9.44411235633988,8.82220912712356,0.06811920968130844,0.9341491073219991,Schofield2018_NatMethods_TimeLapseSeq_SuppTable2
RPS13,RNA,K562,12.3233757001226,0.05624653483160864,9.959233713321348,14.6875176869238,0.38849786389651125,0.678074670316005,Schofield2018_NatMethods_TimeLapseSeq_SuppTable2
RPS14,RNA,K562,6.87645989952133,0.1008000032994005,6.85940706017974,6.89351273886292,0.0049597829546849095,0.9950524964593298,Schofield2018_NatMethods_TimeLapseSeq_SuppTable2
RPS15,RNA,K562,8.8875621196091,0.07799069882511626,8.44042932743366,9.33469491178454,0.10070491877916395,0.9041998059066807,Schofield2018_NatMethods_TimeLapseSeq_SuppTable2
RPS15A,RNA,K562,9.36864742479695,0.07398583265342255,7.989001773837449,10.7482930757565,0.2966811407807957,0.7432809765726599,Schofield2018_NatMethods_TimeLapseSeq_SuppTable2
RPS16,RNA,K562,13.1989539754176,0.05251531158081903,15.9611911243373,10.4367168264979,0.42483016831284187,0.6538808253842788,Schofield2018_NatMethods_TimeLapseSeq_SuppTable2
RPS17,RNA,K562,14.4179880191712,0.048075166912213176,14.2851573281167,14.5508187102257,0.018426211637576517,0.981742513091562,Schofield2018_NatMethods_TimeLapseSeq_SuppTable2
RPS18,RNA,K562,14.1860486410627,0.04886118736076888,15.0274413700031,13.3446559121222,0.1187619559156195,0.8880191633127927,Schofield2018_NatMethods_TimeLapseSeq_SuppTable2
RPS19,RNA,K562,5.79240716265654,0.11966478893760138,5.44471540257745,6.14009892273562,0.12019536586761533,0.8867471796613411,Schofield2018_NatMethods_TimeLapseSeq_SuppTable2
RPS19BP1,RNA,K562,4.03053971193856,0.1719737876559871,3.95430368005798,4.10677574381914,0.03783370502834943,0.9628730485245909,Schofield2018_NatMethods_TimeLapseSeq_SuppTable2
RPS2,RNA,K562,10.0053083554656,0.06927794286133118,11.9164193226887,8.09419738824244,0.3867697909789162,0.679247445818829,Schofield2018_NatMethods_TimeLapseSeq_SuppTable2
RPS20,RNA,K562,8.79110511151479,0.07884642166910794,8.65738966704432,8.92482055598526,0.030422968683490554,0.9700351522741157,Schofield2018_NatMethods_TimeLapseSeq_SuppTable2
RPS21,RNA,K562,13.8039057444971,0.05021384479072288,11.2928190396486,16.3149924493456,0.3679174267444269,0.6921743344172715,Schofield2018_NatMethods_TimeLapseSeq_SuppTable2
RPS23,RNA,K562,8.14285546494491,0.08512335550396936,7.861833761847009,8.42387716804282,0.0690503112697044,0.9332797244090878,Schofield2018_NatMethods_TimeLapseSeq_SuppTable2
RPS23P8,RNA,K562,8.36680169443797,0.08284493954490774,8.54024432377451,8.19335906510143,0.04146566069385763,0.9593822792976291,Schofield2018_NatMethods_TimeLapseSeq_SuppTable2
RPS24,RNA,K562,6.93886174547197,0.09989349924896054,7.38026112249793,6.49746236844602,0.12739732461941355,0.880383804936008,Schofield2018_NatMethods_TimeLapseSeq_SuppTable2
RPS25,RNA,K562,14.4018627853525,0.04812899490091759,14.9941255593547,13.8096000113502,0.08229449171388203,0.921000691683185,Schofield2018_NatMethods_TimeLapseSeq_SuppTable2
RPS26,RNA,K562,5.07203874087819,0.13666046652473546,4.90616468023454,5.23791280152184,0.06543058628059686,0.936664061839496,Schofield2018_NatMethods_TimeLapseSeq_SuppTable2
RPS27,RNA,K562,9.89840249250237,0.07002616645311964,10.0372063735209,9.759598611483861,0.028047552188900364,0.9723421287053143,Schofield2018_NatMethods_TimeLapseSeq_SuppTable2
RPS27A,RNA,K562,11.5412103394098,0.060058447959574386,12.492647712603,10.5897729662166,0.1652515673919724,0.8476804285078241,Schofield2018_NatMethods_TimeLapseSeq_SuppTable2
RPS29,RNA,K562,6.11769147962848,0.11330208181764002,7.04790738070428,5.18747557855268,0.3064835695339183,0.7360306114060069,Schofield2018_NatMethods_TimeLapseSeq_SuppTable2
RPS2P5,RNA,K562,8.68100438115385,0.07984642676425127,9.05826381983741,8.3037449424703,0.08697085939534678,0.9167038085472041,Schofield2018_NatMethods_TimeLapseSeq_SuppTable2
RPS3,RNA,K562,10.7360156324584,0.06456279538792215,11.2364204955678,10.2356107693489,0.09328744058257296,0.9109316239443274,Schofield2018_NatMethods_TimeLapseSeq_SuppTable2
RPS3A,RNA,K562,10.2371994074589,0.06770867235964095,11.6937110293614,8.78068778555643,0.2864964383669122,0.750889752920117,Schofield2018_NatMethods_TimeLapseSeq_SuppTable2
RPS4X,RNA,K562,10.0480354110241,0.06898335368120477,10.8504271979437,9.24564362410452,0.1600519712619563,0.8520995031289359,Schofield2018_NatMethods_TimeLapseSeq_SuppTable2
RPS5,RNA,K562,9.095443830599882,0.07620817559534414,9.38403106119188,8.80685660000787,0.06347884417278138,0.9384939737069985,Schofield2018_NatMethods_TimeLapseSeq_SuppTable2
RPS6,RNA,K562,11.5804409001936,0.059854990542575745,10.9977507705245,12.1631310298627,0.10071855291907308,0.9041874780040615,Schofield2018_NatMethods_TimeLapseSeq_SuppTable2
RPS6KA1,RNA,K562,2.3066782032424906,0.3004958297111363,2.34468501505672,2.26867139142825,0.03295670091433746,0.9675804540309945,Schofield2018_NatMethods_TimeLapseSeq_SuppTable2
RPS6KA3,RNA,K562,4.30063285425645,0.16117329798890395,4.21754553619545,4.38372017231746,0.03864438595774143,0.9620927820230456,Schofield2018_NatMethods_TimeLapseSeq_SuppTable2
RPS6KB1,RNA,K562,1.3563360562319,0.5110438356152012,1.36791367218517,1.34475844027863,0.01707231346310248,0.98307259268083,Schofield2018_NatMethods_TimeLapseSeq_SuppTable2
RPS6KC1,RNA,K562,0.84403346814126,0.821231866653821,0.8901041577049699,0.797962778577549,0.10927653403231465,0.8964824753037929,Schofield2018_NatMethods_TimeLapseSeq_SuppTable2
RPS7,RNA,K562,10.2090782782556,0.06789517737720605,11.4142879961432,9.0038685603679,0.23721157860698514,0.7888243719985196,Schofield2018_NatMethods_TimeLapseSeq_SuppTable2
RPS8,RNA,K562,13.2454989955996,0.05233077144094168,13.6145855755026,12.8764124156966,0.0557445441221812,0.9457807102748517,Schofield2018_NatMethods_TimeLapseSeq_SuppTable2
RPS9,RNA,K562,4.12415518371424,0.16807010155609434,4.46463335366335,3.78367701376512,0.1654908035395779,0.8474776569638159,Schofield2018_NatMethods_TimeLapseSeq_SuppTable2
RPSA,RNA,K562,6.43141630401738,0.10777520032826539,6.87718502170175,5.985647586333,0.1388448796805997,0.8703630289783684,Schofield2018_NatMethods_TimeLapseSeq_SuppTable2
RPTOR,RNA,K562,0.942535610981418,0.7354068880625144,1.01484738436096,0.870223837601876,0.15374305677866676,0.8574923195469907,Schofield2018_NatMethods_TimeLapseSeq_SuppTable2
RPUSD1,RNA,K562,1.5488154451056,0.44753374764588927,1.60882565802687,1.48880523218434,0.07753056719569597,0.9253987371200134,Schofield2018_NatMethods_TimeLapseSeq_SuppTable2
RPUSD4,RNA,K562,1.95938559759836,0.35375741324706234,1.91275087970549,2.00602031549122,0.04761035980565649,0.9535052386730735,Schofield2018_NatMethods_TimeLapseSeq_SuppTable2
RRAS2,RNA,K562,1.27380453866621,0.5441550563838733,1.49283556788613,1.05477350944629,0.3473513162263412,0.7065570596900098,Schofield2018_NatMethods_TimeLapseSeq_SuppTable2
RRBP1,RNA,K562,2.4980344853911,0.27747702628349585,2.34816124394038,2.64790772684182,0.12013721861308309,0.8867987430744235,Schofield2018_NatMethods_TimeLapseSeq_SuppTable2
RREB1,RNA,K562,0.5868826878543019,1.1810659862776944,0.579989343860132,0.593776031848472,0.02349246678424496,0.9767813329456546,Schofield2018_NatMethods_TimeLapseSeq_SuppTable2
RRM1,RNA,K562,8.43607576753138,0.08216464617680629,9.640471291572242,7.23168024349052,0.287498588601381,0.7501376255134434,Schofield2018_NatMethods_TimeLapseSeq_SuppTable2
RRM2,RNA,K562,1.60302136274501,0.4324004636925123,1.50801079854217,1.69803192694785,0.11867845999363599,0.8880933123871021,Schofield2018_NatMethods_TimeLapseSeq_SuppTable2
RRN3,RNA,K562,0.4543471742315389,1.525589284740906,0.4681855100383199,0.440508838424757,0.060934096643725205,0.9408852452283336,Schofield2018_NatMethods_TimeLapseSeq_SuppTable2
RRP1,RNA,K562,1.91970780533998,0.36106910574194856,1.90093499445109,1.93848061622886,0.019558611240351374,0.9806314174805567,Schofield2018_NatMethods_TimeLapseSeq_SuppTable2
RRP12,RNA,K562,3.18480137385276,0.217642200939339,3.40678102438648,2.96282172331904,0.1396257651927673,0.8696836403955868,Schofield2018_NatMethods_TimeLapseSeq_SuppTable2
RRP15,RNA,K562,2.03764142342302,0.3401713238610609,2.26709069541757,1.80819215142846,0.22616984275823457,0.7975826265280549,Schofield2018_NatMethods_TimeLapseSeq_SuppTable2
RRP1B,RNA,K562,2.21288750874321,0.31323200019038117,2.18639440492116,2.23938061256527,0.023945518791451043,0.976338900432199,Schofield2018_NatMethods_TimeLapseSeq_SuppTable2
RRP36,RNA,K562,1.84868886727535,0.37493987919207045,1.76814006378545,1.92923767076525,0.08719675297150144,0.9164967544325945,Schofield2018_NatMethods_TimeLapseSeq_SuppTable2
RRP7A,RNA,K562,2.08711808321411,0.3321073139726315,2.04300068814803,2.13123547828019,0.04228219564874909,0.9585992298686011,Schofield2018_NatMethods_TimeLapseSeq_SuppTable2
RRP7BP,RNA,K562,0.978288715558218,0.7085302830713232,0.9212777534000988,1.03529967771634,0.11668463861986297,0.8898657782181965,Schofield2018_NatMethods_TimeLapseSeq_SuppTable2
RRP8,RNA,K562,0.540129436709312,1.283298286393868,0.583875022327729,0.496383851090895,0.1623374363105582,0.8501542832093865,Schofield2018_NatMethods_TimeLapseSeq_SuppTable2
RRS1,RNA,K562,0.430820256482844,1.6089010907209922,0.46231259507005,0.3993279178956389,0.14645834626919663,0.8637617104832118,Schofield2018_NatMethods_TimeLapseSeq_SuppTable2
RSBN1,RNA,K562,0.357514719981878,1.9387934029543736,0.347977097517574,0.367052342446182,0.05336779447643553,0.9480312676892809,Schofield2018_NatMethods_TimeLapseSeq_SuppTable2
RSBN1L,RNA,K562,0.485752455738358,1.4269555868870312,0.478304080310512,0.493200831166204,0.030669775030374703,0.9697957709834598,Schofield2018_NatMethods_TimeLapseSeq_SuppTable2
RSF1,RNA,K562,0.737827878046138,0.9394429258968733,0.7691250659720749,0.7065306901201999,0.0848869499944547,0.9186161280899565,Schofield2018_NatMethods_TimeLapseSeq_SuppTable2
RSL1D1,RNA,K562,2.46455144690164,0.2812467889162343,2.58811223265795,2.34099066114534,0.10035454301651282,0.9045166711109665,Schofield2018_NatMethods_TimeLapseSeq_SuppTable2
RSL24D1,RNA,K562,3.88707866447499,0.17832085233952052,3.51356213599477,4.26059519295522,0.19277849075616338,0.8246646247464088,Schofield2018_NatMethods_TimeLapseSeq_SuppTable2
RSPRY1,RNA,K562,0.8576278256546969,0.8082144256814543,0.722128149550845,0.993127501758549,0.318656440769414,0.7271253170133336,Schofield2018_NatMethods_TimeLapseSeq_SuppTable2
RSRC1,RNA,K562,4.92020836577534,0.14087760700978305,5.04790094976031,4.79251578179037,0.051917014416017045,0.9494076507222143,Schofield2018_NatMethods_TimeLapseSeq_SuppTable2
RSRC2,RNA,K562,0.3705931915193019,1.870372139645322,0.372227911659818,0.368958471378787,0.008822238404218039,0.9912165633510607,Schofield2018_NatMethods_TimeLapseSeq_SuppTable2
RSRP1,RNA,K562,0.394109072949961,1.7587699145610696,0.411640452485111,0.376577693414811,0.08902589722988842,0.9148218819150963,Schofield2018_NatMethods_TimeLapseSeq_SuppTable2
RTCA,RNA,K562,4.43333747974411,0.1563488418661855,5.50208860538538,3.36458635410284,0.4918227370184381,0.6115107544450706,Schofield2018_NatMethods_TimeLapseSeq_SuppTable2
RTCB,RNA,K562,5.18907881544896,0.1335780791180706,4.432581972648,5.94557565824991,0.2936651037685276,0.7455261235297673,Schofield2018_NatMethods_TimeLapseSeq_SuppTable2
RTF1,RNA,K562,1.98085375750938,0.34992344989236945,2.00741557560652,1.95429193941224,0.026820162956293293,0.9735363036733291,Schofield2018_NatMethods_TimeLapseSeq_SuppTable2
RTFDC1,RNA,K562,4.11571102837296,0.16841492898347704,3.66026039089974,4.57116166584617,0.22223307650659843,0.8007287115324956,Schofield2018_NatMethods_TimeLapseSeq_SuppTable2
RTN3,RNA,K562,7.0274895154568,0.09863368405394048,6.80250915884628,7.25246987206732,0.06405054479181692,0.9379575894614811,Schofield2018_NatMethods_TimeLapseSeq_SuppTable2
RTN4,RNA,K562,3.54685598766913,0.19542580329444315,3.8919516591463,3.20176031619196,0.1952099863110573,0.8226618921814323,Schofield2018_NatMethods_TimeLapseSeq_SuppTable2
RTTN,RNA,K562,0.84490072837703,0.8203889016540581,0.700178415993572,0.989623040760487,0.34598892115207514,0.7075203255731718,Schofield2018_NatMethods_TimeLapseSeq_SuppTable2
RUBCN,RNA,K562,1.44733390877244,0.4789131079972001,1.15971652541823,1.73495129212664,0.4028037386880552,0.6684432760049949,Schofield2018_NatMethods_TimeLapseSeq_SuppTable2
RUNDC1,RNA,K562,0.483075957441826,1.434861681443579,0.437029479476361,0.5291224354072899,0.1912192003969613,0.8259515194058239,Schofield2018_NatMethods_TimeLapseSeq_SuppTable2
RUNX1,RNA,K562,0.466313052996335,1.4864417285899845,0.414629274205552,0.5179968317871169,0.22258432018011673,0.8004475100263814,Schofield2018_NatMethods_TimeLapseSeq_SuppTable2
RUSC2,RNA,K562,0.4262532494381259,1.626139346676256,0.4455938331249439,0.406912665751308,0.09080926707779896,0.9131918700437002,Schofield2018_NatMethods_TimeLapseSeq_SuppTable2
RUVBL1,RNA,K562,4.22738408226206,0.16396598157909617,3.41947084921034,5.03529731531378,0.38698675749126943,0.6791000878559346,Schofield2018_NatMethods_TimeLapseSeq_SuppTable2
RUVBL2,RNA,K562,6.93062745746571,0.10001218285269155,7.336883213655419,6.524371701276,0.11736946457297653,0.8892565836584162,Schofield2018_NatMethods_TimeLapseSeq_SuppTable2
RXRA,RNA,K562,1.06474114561675,0.651000652518637,0.962869641197579,1.16661265003592,0.19194162252925037,0.8253550492255782,Schofield2018_NatMethods_TimeLapseSeq_SuppTable2
RYBP,RNA,K562,0.3595353169017009,1.9278973385233693,0.3526351581137259,0.3664354756896769,0.03838847437429974,0.962339024217082,Schofield2018_NatMethods_TimeLapseSeq_SuppTable2
S100A11,RNA,K562,5.40145053601119,0.12832611831558377,5.75414899104225,5.04875208098014,0.13078005819418403,0.8774107324714334,Schofield2018_NatMethods_TimeLapseSeq_SuppTable2
S100PBP,RNA,K562,0.574405264691012,1.2067214964208375,0.4981145514157819,0.650695977966242,0.26721245189745485,0.765510420046924,Schofield2018_NatMethods_TimeLapseSeq_SuppTable2
SACM1L,RNA,K562,2.47003153677244,0.2806228059199893,2.80893514875818,2.13112792478671,0.27615407918910856,0.758696022486982,Schofield2018_NatMethods_TimeLapseSeq_SuppTable2
SACS,RNA,K562,1.21064974520593,0.5725414665180819,1.20043034891502,1.22086914149683,0.016882899564284258,0.9832588179296995,Schofield2018_NatMethods_TimeLapseSeq_SuppTable2
SAE1,RNA,K562,5.22230049621955,0.13272832175431462,5.55073020502678,4.89387078741233,0.12594592515046077,0.8816625212625909,Schofield2018_NatMethods_TimeLapseSeq_SuppTable2
SAFB,RNA,K562,2.29282015959682,0.30231205777684345,2.45564382557344,2.1299964936202,0.14226864407523504,0.8673882064809643,Schofield2018_NatMethods_TimeLapseSeq_SuppTable2
SAFB2,RNA,K562,2.33931793544634,0.2963031104310725,2.47818966256189,2.2004462083308,0.11886815707492367,0.887924859655832,Schofield2018_NatMethods_TimeLapseSeq_SuppTable2
SALL2,RNA,K562,0.36872616407504,1.8798426802684984,0.3672681015684889,0.370184226581591,0.007908688064104124,0.9921225033275172,Schofield2018_NatMethods_TimeLapseSeq_SuppTable2
SAMD1,RNA,K562,4.45770613865375,0.15549413958661693,4.51257309210408,4.40283918520341,0.024617919032148338,0.9756826305832745,Schofield2018_NatMethods_TimeLapseSeq_SuppTable2
SAMD4A,RNA,K562,0.6042295895389,1.1471586174535082,0.546442448378536,0.662016730699264,0.19186183596898354,0.8254209040930865,Schofield2018_NatMethods_TimeLapseSeq_SuppTable2
SAMD4B,RNA,K562,1.50583776484697,0.4603066789405338,1.27795112946088,1.73372440023307,0.30501381162528235,0.7371131935901006,Schofield2018_NatMethods_TimeLapseSeq_SuppTable2
SAMD8,RNA,K562,0.3584000407816089,1.9340041899780769,0.371548161906326,0.345251919656893,0.0734041450271276,0.9292252123802385,Schofield2018_NatMethods_TimeLapseSeq_SuppTable2
SAMSN1,RNA,K562,0.371625792926845,1.8651751136563122,0.35999191893267,0.3832596669210209,0.06263115718307163,0.9392898601220521,Schofield2018_NatMethods_TimeLapseSeq_SuppTable2
SAP130,RNA,K562,0.94992502159185,0.7296862013366006,0.818140525475821,1.08170951770788,0.2792638420564814,0.7563403225012236,Schofield2018_NatMethods_TimeLapseSeq_SuppTable2
SAP18,RNA,K562,4.1122879338456,0.16855511863726666,5.07084926482163,3.15372660286956,0.4749235093124903,0.6219326266998579,Schofield2018_NatMethods_TimeLapseSeq_SuppTable2
SAP30BP,RNA,K562,0.933700775385408,0.7423654331590672,0.934579150319726,0.93282240045109,0.0018814918367759245,0.9981202770594282,Schofield2018_NatMethods_TimeLapseSeq_SuppTable2
SAPCD2,RNA,K562,3.7345554422336,0.1856036658931969,4.16027407841341,3.3088368060537894,0.22898424682037427,0.7953410625570297,Schofield2018_NatMethods_TimeLapseSeq_SuppTable2
SAR1A,RNA,K562,2.02849015685618,0.34170596205120723,2.21763419945249,1.83934611425988,0.18703081594935106,0.8294181766830592,Schofield2018_NatMethods_TimeLapseSeq_SuppTable2
SAR1B,RNA,K562,1.20943241288981,0.5731177477737213,1.35733124546773,1.06153358031189,0.24580581593339657,0.7820740765059825,Schofield2018_NatMethods_TimeLapseSeq_SuppTable2
SARS,RNA,K562,4.42842905889683,0.1565221371599923,4.84793739257969,4.00892072521396,0.19003127535147185,0.8269332709102352,Schofield2018_NatMethods_TimeLapseSeq_SuppTable2
SART1,RNA,K562,3.01226871542625,0.23010801692765373,3.1422634529689506,2.88227397788355,0.08636382687984548,0.9172604464976509,Schofield2018_NatMethods_TimeLapseSeq_SuppTable2
SART3,RNA,K562,1.04139858577155,0.6655925886882277,0.9938755604567308,1.08892161108636,0.09133112973642704,0.91271543363456,Schofield2018_NatMethods_TimeLapseSeq_SuppTable2
SATB2,RNA,K562,0.5467798828782309,1.2676896174585683,0.5853025152272459,0.508257250529217,0.14114111553643433,0.8683667630095255,Schofield2018_NatMethods_TimeLapseSeq_SuppTable2
SBDS,RNA,K562,2.21097787030194,0.31350254105677067,2.0027340560293494,2.41922168457453,0.18893259545153981,0.8278423051509526,Schofield2018_NatMethods_TimeLapseSeq_SuppTable2
SBF1,RNA,K562,3.7107264005166094,0.18679555045164337,3.73001494555391,3.6914378554793,0.01039619561346373,0.9896576580422035,Schofield2018_NatMethods_TimeLapseSeq_SuppTable2
SBNO1,RNA,K562,1.7557470165682,0.39478761690552516,1.70667946662178,1.80481456651462,0.05590820294564549,0.9456259375818568,Schofield2018_NatMethods_TimeLapseSeq_SuppTable2
SBNO2,RNA,K562,0.5497834637045589,1.2607639667613335,0.467778039124917,0.6317888882842009,0.30056139277949845,0.7404024473986854,Schofield2018_NatMethods_TimeLapseSeq_SuppTable2
SCAF1,RNA,K562,1.54306819051188,0.44920061525602994,1.59421709315673,1.49191928786702,0.06631936133031811,0.9358319480271353,Schofield2018_NatMethods_TimeLapseSeq_SuppTable2
SCAF11,RNA,K562,1.55756202479613,0.44502059598600685,1.68024282442235,1.43488122516991,0.15785624544761728,0.8539725355846749,Schofield2018_NatMethods_TimeLapseSeq_SuppTable2
SCAF4,RNA,K562,0.463881002540427,1.494234893785153,0.450132747088677,0.4776292579921759,0.05929228786195481,0.9424312676759233,Schofield2018_NatMethods_TimeLapseSeq_SuppTable2
SCAF8,RNA,K562,0.4821846913830539,1.437513867501239,0.457713760093657,0.50665562267245,0.10158751680503851,0.9034021130158588,Schofield2018_NatMethods_TimeLapseSeq_SuppTable2
SCAI,RNA,K562,0.933366803613998,0.7426310619534336,1.03656871361653,0.830164893611469,0.22204687550731458,0.8008778219005571,Schofield2018_NatMethods_TimeLapseSeq_SuppTable2
SCAMP2,RNA,K562,1.49221691194801,0.4645083265107071,1.61307307649398,1.37136074740204,0.16233760964863816,0.8501541358452881,Schofield2018_NatMethods_TimeLapseSeq_SuppTable2
SCAMP3,RNA,K562,4.26744847129959,0.16242660812934367,4.36030232507024,4.17459461752894,0.043524139578750946,0.9574094423513837,Schofield2018_NatMethods_TimeLapseSeq_SuppTable2
SCAP,RNA,K562,2.64866872723539,0.261696441473613,2.60602682872184,2.69131062574893,0.032201522796730976,0.9683114255890259,Schofield2018_NatMethods_TimeLapseSeq_SuppTable2
SCARB1,RNA,K562,2.48668226089,0.2787437669305862,2.45348548498519,2.5198790367948094,0.026701238613360715,0.973652087723199,Schofield2018_NatMethods_TimeLapseSeq_SuppTable2
SCARNA2,RNA,K562,4.48458497042368,0.15456216910401419,4.7784083678262,4.19076157302116,0.13122503652316947,0.8770203905631503,Schofield2018_NatMethods_TimeLapseSeq_SuppTable2
SCD,RNA,K562,4.0593720380522,0.17075231687621728,4.30639378861077,3.81235028749362,0.12185497359286311,0.8852767476992559,Schofield2018_NatMethods_TimeLapseSeq_SuppTable2
SCFD1,RNA,K562,4.04972248887049,0.1711591800339068,3.6271619759388294,4.47228300180214,0.20944849921896586,0.8110314071084583,Schofield2018_NatMethods_TimeLapseSeq_SuppTable2
SCFD2,RNA,K562,2.32038629754299,0.2987205972100011,2.6004263732726094,2.04034622181337,0.24255591127174872,0.7846198772571344,Schofield2018_NatMethods_TimeLapseSeq_SuppTable2
SCG3,RNA,K562,9.065553196263261,0.0764594466056031,10.701122682668,7.42998370985852,0.3648249933323602,0.6943181505518521,Schofield2018_NatMethods_TimeLapseSeq_SuppTable2
SCLT1,RNA,K562,1.47561632992151,0.4697340131745592,1.55665651682015,1.39457614302287,0.10994973376983398,0.8958791666331319,Schofield2018_NatMethods_TimeLapseSeq_SuppTable2
SCMH1,RNA,K562,2.08433559286425,0.332550661675089,2.45703863688101,1.71163254884749,0.3615091966415794,0.69662418944305,Schofield2018_NatMethods_TimeLapseSeq_SuppTable2
SCML2,RNA,K562,1.51977475144345,0.4560854691799615,1.60779304869182,1.43175645419509,0.115960481223641,0.890510414484027,Schofield2018_NatMethods_TimeLapseSeq_SuppTable2
SCO1,RNA,K562,1.51567630303775,0.4573187422477512,1.41574465288838,1.61560795318712,0.13205567831113604,0.8762922032511239,Schofield2018_NatMethods_TimeLapseSeq_SuppTable2
SCRIB,RNA,K562,3.67149017553512,0.18879178410409855,3.34917430122466,3.99380604984558,0.17603083522526,0.8385921247613303,Schofield2018_NatMethods_TimeLapseSeq_SuppTable2
SCYL1,RNA,K562,2.0377267334833906,0.34015708248330495,2.09710029149197,1.9783531754748,0.05829080788325228,0.943375566491058,Schofield2018_NatMethods_TimeLapseSeq_SuppTable2
SCYL2,RNA,K562,3.22502951238745,0.21492739148511447,3.20281181876786,3.24724720600703,0.013778506541075056,0.9863159826092175,Schofield2018_NatMethods_TimeLapseSeq_SuppTable2
SDAD1,RNA,K562,2.13486114130232,0.32468021790733786,2.24328691460533,2.02643536799932,0.10166388975447041,0.9033331201665921,Schofield2018_NatMethods_TimeLapseSeq_SuppTable2
SDC3,RNA,K562,2.78724369367627,0.24868553192265372,3.34452119092956,2.22996619642299,0.40533711480692086,0.6667520009951571,Schofield2018_NatMethods_TimeLapseSeq_SuppTable2
SDCBP,RNA,K562,3.39507225497714,0.2041627183468036,2.90888421931981,3.88126029063447,0.2883903401989393,0.7494689872614275,Schofield2018_NatMethods_TimeLapseSeq_SuppTable2
SDCCAG3,RNA,K562,1.9683713480671,0.3521424863456794,2.10417686616468,1.83256582996951,0.1382072754893733,0.870918153049444,Schofield2018_NatMethods_TimeLapseSeq_SuppTable2
SDCCAG8,RNA,K562,2.02555310145914,0.3422014362697406,2.44343746487595,1.60766873804233,0.41862070410791635,0.6579537070837003,Schofield2018_NatMethods_TimeLapseSeq_SuppTable2
SDE2,RNA,K562,0.384121666302195,1.8044990464417976,0.4137223341695909,0.354520998434798,0.15442748023369338,0.8569056324850826,Schofield2018_NatMethods_TimeLapseSeq_SuppTable2
SDF2L1,RNA,K562,2.68928033157133,0.25774448740899525,2.9877171334416106,2.39084352970104,0.22286335029463303,0.8002241922236394,Schofield2018_NatMethods_TimeLapseSeq_SuppTable2
SDF4,RNA,K562,3.37212462683609,0.205552065022666,3.33032686009185,3.41392239358033,0.02479143693883411,0.9755133468629292,Schofield2018_NatMethods_TimeLapseSeq_SuppTable2
SDHA,RNA,K562,2.93152245597581,0.2364461439300893,2.92763700778599,2.93540790416563,0.002650807233000451,0.9973527030541096,Schofield2018_NatMethods_TimeLapseSeq_SuppTable2
SDHAP1,RNA,K562,0.4300000390534409,1.6119700409464384,0.468511382587811,0.39148869551907,0.17960375697277609,0.8356012469893301,Schofield2018_NatMethods_TimeLapseSeq_SuppTable2
SDHB,RNA,K562,4.85728291173677,0.14270265767000662,4.73218031863921,4.98238550483432,0.0515227417681099,0.9497820499934538,Schofield2018_NatMethods_TimeLapseSeq_SuppTable2
SDHC,RNA,K562,4.20748616908986,0.16474140441675725,3.96172252636672,4.45324981181301,0.11695521233696801,0.8896250364975192,Schofield2018_NatMethods_TimeLapseSeq_SuppTable2
SDHD,RNA,K562,2.89253754356979,0.23963290713402674,2.46762731861185,3.31744776852774,0.2959386536575506,0.7438330580580521,Schofield2018_NatMethods_TimeLapseSeq_SuppTable2
SDPR,RNA,K562,0.929138824303978,0.7460103511218411,0.8403719414852189,1.01790570712274,0.19165798588596816,0.8255891833641975,Schofield2018_NatMethods_TimeLapseSeq_SuppTable2
SEC11A,RNA,K562,5.12317186030569,0.13529649198974686,4.94795017225093,5.29839354836046,0.06843028633101506,0.9338585605408696,Schofield2018_NatMethods_TimeLapseSeq_SuppTable2
SEC13,RNA,K562,5.05625314100259,0.1370871198949709,5.25853197987288,4.8539743021323,0.08005408339018669,0.9230664224751258,Schofield2018_NatMethods_TimeLapseSeq_SuppTable2
SEC14L1,RNA,K562,1.09485745671928,0.6330935377075916,1.16731052287503,1.02240439056353,0.13254530534775275,0.8758632519180903,Schofield2018_NatMethods_TimeLapseSeq_SuppTable2
SEC16A,RNA,K562,1.06564983159898,0.6504455403703259,1.06169852256642,1.06960114063153,0.007415807751534536,0.992611621505523,Schofield2018_NatMethods_TimeLapseSeq_SuppTable2
SEC22B,RNA,K562,2.70319662229868,0.25641759642719714,2.84697733923853,2.55941590535883,0.1064787782520406,0.8989941261855591,Schofield2018_NatMethods_TimeLapseSeq_SuppTable2
SEC22C,RNA,K562,1.14702096534462,0.6043021021430857,1.16343848416086,1.13060344652838,0.028628317331445337,0.9717775902383335,Schofield2018_NatMethods_TimeLapseSeq_SuppTable2
SEC23B,RNA,K562,1.91672996249816,0.3616300648092001,2.33643619182764,1.49702373316868,0.44514781435655826,0.640729560004657,Schofield2018_NatMethods_TimeLapseSeq_SuppTable2
SEC23IP,RNA,K562,1.38237374304273,0.5014180745608386,1.31416337962408,1.45058410646138,0.09876605741317662,0.9059546246028498,Schofield2018_NatMethods_TimeLapseSeq_SuppTable2
SEC24A,RNA,K562,1.08527968816938,0.6386806904394635,1.06557606768901,1.10498330864975,0.03631466801005933,0.9643367997939315,Schofield2018_NatMethods_TimeLapseSeq_SuppTable2
SEC24B,RNA,K562,0.5906410662878359,1.1735506047968485,0.565694005948547,0.615588126627124,0.08452480781850771,0.9189488579775694,Schofield2018_NatMethods_TimeLapseSeq_SuppTable2
SEC24C,RNA,K562,4.18130818290569,0.16577280368706543,3.8340458172562,4.52857054855517,0.1664857427010968,0.8466348875760461,Schofield2018_NatMethods_TimeLapseSeq_SuppTable2
SEC24D,RNA,K562,1.4243029685376,0.486657119918547,1.56634494818683,1.28226098888838,0.2001199294839723,0.818632569008953,Schofield2018_NatMethods_TimeLapseSeq_SuppTable2
SEC31A,RNA,K562,4.92590092862145,0.14071480336368186,5.42197505693535,4.42982680030755,0.2020996644252893,0.8170134967038026,Schofield2018_NatMethods_TimeLapseSeq_SuppTable2
SEC61A1,RNA,K562,3.3466671390688294,0.20711566216675056,3.52088635239561,3.17244792574204,0.10420925636439579,0.9010367300221171,Schofield2018_NatMethods_TimeLapseSeq_SuppTable2
SEC62,RNA,K562,2.02561650798846,0.34219072456527105,2.04601783303647,2.00521518294046,0.020144005378417654,0.9800575295888524,Schofield2018_NatMethods_TimeLapseSeq_SuppTable2
SEC63,RNA,K562,3.7328626001708294,0.1856878366024574,4.01303668692,3.4526885134216694,0.15039502644592853,0.8603680411582789,Schofield2018_NatMethods_TimeLapseSeq_SuppTable2
SECISBP2L,RNA,K562,0.411781951245898,1.6832869397571735,0.41198769391915,0.4115762085726459,0.0009992797875192302,0.9990012193262624,Schofield2018_NatMethods_TimeLapseSeq_SuppTable2
SEH1L,RNA,K562,4.12365040757674,0.1680906750209392,3.94428873210482,4.30301208304867,0.08704661990658608,0.916634361228729,Schofield2018_NatMethods_TimeLapseSeq_SuppTable2
SEL1L3,RNA,K562,1.757532413546,0.3943865701807744,1.78513801354492,1.72992681354709,0.031416627448445845,0.9690717470700253,Schofield2018_NatMethods_TimeLapseSeq_SuppTable2
SELENOI,RNA,K562,1.33252345548415,0.5201763448945084,1.38317691847503,1.28186999249327,0.07606302475508625,0.9267577960356277,Schofield2018_NatMethods_TimeLapseSeq_SuppTable2
SELENOO,RNA,K562,1.08809489187182,0.6370282461004325,1.15721829615055,1.01897148759309,0.12722533162532784,0.8805352378048864,Schofield2018_NatMethods_TimeLapseSeq_SuppTable2
SELENOS,RNA,K562,1.54324827833088,0.44914819623815,1.66557233595527,1.4209242207065,0.15886129013565023,0.8531146861847613,Schofield2018_NatMethods_TimeLapseSeq_SuppTable2
SELENOT,RNA,K562,1.37964380911967,0.5024102423959935,1.23732450081848,1.52196311742087,0.20704963829343323,0.8129792940812254,Schofield2018_NatMethods_TimeLapseSeq_SuppTable2
SEM1,RNA,K562,5.92926964302138,0.11690262414963103,6.75435124552883,5.10418804051392,0.2801255390103417,0.7556888670681338,Schofield2018_NatMethods_TimeLapseSeq_SuppTable2
SEMA4B,RNA,K562,0.411063126225786,1.6862304992523656,0.376448707007806,0.4456775454437659,0.16881389666467045,0.8446660839351285,Schofield2018_NatMethods_TimeLapseSeq_SuppTable2
SEMA4C,RNA,K562,0.3942118318454839,1.758311457357862,0.4278680909184219,0.360555572772546,0.17116884973680246,0.8426792752846116,Schofield2018_NatMethods_TimeLapseSeq_SuppTable2
SENP1,RNA,K562,1.3048808137355,0.5311957791575336,1.21261805594396,1.39714357152704,0.14164814149246036,0.8679265901202992,Schofield2018_NatMethods_TimeLapseSeq_SuppTable2
SENP2,RNA,K562,3.8483692752977,0.18011451889744265,3.7338591654416,3.9628793851538,0.05952855090669018,0.9422086322964603,Schofield2018_NatMethods_TimeLapseSeq_SuppTable2
SENP5,RNA,K562,0.8710060149031879,0.795800681855209,0.896922964339914,0.845089065466461,0.05952795219983688,0.9422091964033946,Schofield2018_NatMethods_TimeLapseSeq_SuppTable2
SENP6,RNA,K562,1.3430701623825,0.5160915639212452,1.4931423172615,1.19299800750351,0.2244133640711096,0.7989847944913449,Schofield2018_NatMethods_TimeLapseSeq_SuppTable2
SEPHS1,RNA,K562,4.10211717149408,0.16897303309049216,4.19238328830779,4.01185105468037,0.04401663166300506,0.9569380418696665,Schofield2018_NatMethods_TimeLapseSeq_SuppTable2
SEPHS2,RNA,K562,0.6317353736094738,1.0972112842115993,0.650188880098032,0.613281867120916,0.05843825933307672,0.9432364746509487,Schofield2018_NatMethods_TimeLapseSeq_SuppTable2
SERBP1,RNA,K562,5.28054460450754,0.13126433587328587,5.36451617618437,5.19657303283072,0.031806814321066815,0.9686937017546466,Schofield2018_NatMethods_TimeLapseSeq_SuppTable2
SERF2,RNA,K562,8.58318231161581,0.08075643221767455,8.71951612570999,8.44684849752164,0.031770333280933497,0.9687290413530659,Schofield2018_NatMethods_TimeLapseSeq_SuppTable2
SERINC1,RNA,K562,2.11495610003336,0.32773596603211386,2.14694299473944,2.08296920532728,0.03025058906016089,0.970202380981278,Schofield2018_NatMethods_TimeLapseSeq_SuppTable2
SERINC3,RNA,K562,3.9624004268989506,0.17493112908389608,3.87258736075067,4.05221349304724,0.045340420993543545,0.9556720956078025,Schofield2018_NatMethods_TimeLapseSeq_SuppTable2
SERP1,RNA,K562,4.02700819464822,0.17212460145502517,4.21417150830092,3.8398448809955306,0.09302104398841943,0.9111743253524318,Schofield2018_NatMethods_TimeLapseSeq_SuppTable2
SERPINB6,RNA,K562,5.0704476892426,0.13670334910081372,5.58904777874885,4.55184759973636,0.20527571254602459,0.8144227388865379,Schofield2018_NatMethods_TimeLapseSeq_SuppTable2
SERPINB9,RNA,K562,2.10647515745203,0.3290554735990187,1.84010980166697,2.37284051323709,0.25426252161736856,0.7754881929070929,Schofield2018_NatMethods_TimeLapseSeq_SuppTable2
SERPINH1,RNA,K562,3.28923529216616,0.21073201488831955,3.1718760489222,3.40659453541013,0.07138989594787096,0.9310987897009376,Schofield2018_NatMethods_TimeLapseSeq_SuppTable2
SERTAD2,RNA,K562,0.305862937117157,2.2662019370279043,0.2861531172325579,0.3255727570017559,0.12905891798898256,0.8789221796927393,Schofield2018_NatMethods_TimeLapseSeq_SuppTable2
SESN2,RNA,K562,0.461459251151477,1.5020766813761746,0.414576718437117,0.508341783865838,0.2038959800847549,0.8155471999258918,Schofield2018_NatMethods_TimeLapseSeq_SuppTable2
SET,RNA,K562,6.89450274278533,0.10053621072024096,7.24576786971244,6.54323761585822,0.10198546504470694,0.9030426772584284,Schofield2018_NatMethods_TimeLapseSeq_SuppTable2
SETD1A,RNA,K562,0.422445500785235,1.640796692760449,0.40819964132315,0.436691360247319,0.0674703044167292,0.9347554783130291,Schofield2018_NatMethods_TimeLapseSeq_SuppTable2
SETD1B,RNA,K562,0.4550481742883469,1.5232391199985873,0.4166722618079989,0.4934240867686959,0.169069050960547,0.8444505912483428,Schofield2018_NatMethods_TimeLapseSeq_SuppTable2
SETD2,RNA,K562,0.796195337654752,0.8705742771637647,0.7655913404656969,0.8267993348438079,0.07691349401932636,0.925969952080726,Schofield2018_NatMethods_TimeLapseSeq_SuppTable2
SETD4,RNA,K562,0.6020040936906629,1.1513994469880064,0.512791068066048,0.6912171193152769,0.29858549722418404,0.7418668515820636,Schofield2018_NatMethods_TimeLapseSeq_SuppTable2
SETD5,RNA,K562,0.6502227614524109,1.066014943881161,0.6755221016437039,0.624923421261118,0.07785675955733773,0.9250969283470262,Schofield2018_NatMethods_TimeLapseSeq_SuppTable2
SETDB1,RNA,K562,1.12402565975417,0.616664908443051,1.10909570541362,1.13895561409473,0.02656671103285194,0.9737830795936299,Schofield2018_NatMethods_TimeLapseSeq_SuppTable2
SETMAR,RNA,K562,0.5539340687855538,1.2513171144710462,0.5752211454451779,0.532646992125929,0.07689566658949111,0.9259864598922217,Schofield2018_NatMethods_TimeLapseSeq_SuppTable2
SETX,RNA,K562,0.985992916683731,0.702994077169705,1.01941020056192,0.952575632805548,0.06780999592417446,0.9344380037402691,Schofield2018_NatMethods_TimeLapseSeq_SuppTable2
SF1,RNA,K562,2.00568388756582,0.34559143883893745,2.16966237117007,1.84170540396156,0.16387957378476517,0.8488442388242888,Schofield2018_NatMethods_TimeLapseSeq_SuppTable2
SF3A1,RNA,K562,3.83071258949979,0.18094471051153843,4.14822170557141,3.51320347342817,0.16615144598700085,0.8469179621498155,Schofield2018_NatMethods_TimeLapseSeq_SuppTable2
SF3A2,RNA,K562,2.447681283787,0.28318522723984835,2.2679075227682,2.6274550448058,0.1471581038884606,0.8631574980708472,Schofield2018_NatMethods_TimeLapseSeq_SuppTable2
SF3A3,RNA,K562,4.99181277087249,0.13885680661031566,5.1187574238645,4.86486811788049,0.05087211202461359,0.9504002075190482,Schofield2018_NatMethods_TimeLapseSeq_SuppTable2
SF3B1,RNA,K562,4.0144368968329,0.17266361344645575,4.37627897251011,3.65259482115568,0.18076098873798893,0.8346348219799742,Schofield2018_NatMethods_TimeLapseSeq_SuppTable2
SF3B2,RNA,K562,3.51969173742762,0.19693405907942793,3.4944202142323,3.54496326062294,0.014360324351097659,0.9857422933117342,Schofield2018_NatMethods_TimeLapseSeq_SuppTable2
SF3B3,RNA,K562,2.19424220783413,0.3158936502475403,2.2252687484317,2.16321566723656,0.02828184467545331,0.9721143429354889,Schofield2018_NatMethods_TimeLapseSeq_SuppTable2
SF3B4,RNA,K562,1.29998013442199,0.5331982868093129,1.34086527918361,1.25909498966036,0.06292193558726328,0.9390167746210596,Schofield2018_NatMethods_TimeLapseSeq_SuppTable2
SFMBT2,RNA,K562,0.600597447463434,1.1540961146061912,0.559950903182667,0.6412439917442009,0.13556091984378957,0.8732259645187248,Schofield2018_NatMethods_TimeLapseSeq_SuppTable2
SFPQ,RNA,K562,2.62868353201099,0.263686051256872,2.69242961146234,2.56493745255964,0.048509893901603644,0.9526479138544851,Schofield2018_NatMethods_TimeLapseSeq_SuppTable2
SFSWAP,RNA,K562,0.9458862376361888,0.7328018454863562,0.936714799852536,0.9550576754198428,0.019392871684624835,0.9807939603655421,Schofield2018_NatMethods_TimeLapseSeq_SuppTable2
SFT2D1,RNA,K562,1.28410477004378,0.5397902077229363,1.62690487341351,0.9413046666740508,0.5471677818005136,0.5785861743096516,Schofield2018_NatMethods_TimeLapseSeq_SuppTable2
SFT2D2,RNA,K562,3.23175774812868,0.21447993153611403,3.08374323694979,3.37977225930756,0.09166413258807521,0.9124115473927171,Schofield2018_NatMethods_TimeLapseSeq_SuppTable2
SFXN1,RNA,K562,4.29584626678845,0.16135288311379403,4.87661114253565,3.71508139104124,0.2720499539371594,0.7618162044205026,Schofield2018_NatMethods_TimeLapseSeq_SuppTable2
SGF29,RNA,K562,0.789559144169348,0.8778913975965252,0.809422257570181,0.769696030768515,0.05032505924317675,0.9509202688335742,Schofield2018_NatMethods_TimeLapseSeq_SuppTable2
SGMS1,RNA,K562,0.449910224565482,1.5406344259665996,0.4760374425634419,0.4237830065675209,0.11627496471934921,0.8902304076869815,Schofield2018_NatMethods_TimeLapseSeq_SuppTable2
SGO1,RNA,K562,1.18198787484812,0.5864249501281995,1.2538837613674,1.11009198832884,0.12180285937113625,0.885322884410154,Schofield2018_NatMethods_TimeLapseSeq_SuppTable2
SGO2,RNA,K562,1.33319593548838,0.5199139617133844,1.33754647094821,1.32884540002855,0.0065264988988759515,0.9934947524376541,Schofield2018_NatMethods_TimeLapseSeq_SuppTable2
SGPL1,RNA,K562,0.6261319402232969,1.1070305410593633,0.6695469685452449,0.58271691190135,0.1388998202612618,0.8703152120417266,Schofield2018_NatMethods_TimeLapseSeq_SuppTable2
SGTA,RNA,K562,1.92953942929509,0.35922934252407046,2.0979330830803,1.76114577550988,0.1749880078406549,0.839467087731926,Schofield2018_NatMethods_TimeLapseSeq_SuppTable2
SH2B1,RNA,K562,1.22860136450706,0.5641758186049631,1.15685623844425,1.30034649056986,0.11692457339201516,0.8896522940876109,Schofield2018_NatMethods_TimeLapseSeq_SuppTable2
SH2B3,RNA,K562,0.558728570488918,1.240579446211966,0.5345188786242409,0.582938262353594,0.08671423426655955,0.9169390879681469,Schofield2018_NatMethods_TimeLapseSeq_SuppTable2
SH3BP1,RNA,K562,1.67075126436621,0.4148715582884127,2.14045275405384,1.20104977467859,0.577821387370521,0.5611194979211297,Schofield2018_NatMethods_TimeLapseSeq_SuppTable2
SH3BP5,RNA,K562,1.63906057643776,0.42289296108042057,2.0578757900771,1.22024536279843,0.5226223253428544,0.5929635640218658,Schofield2018_NatMethods_TimeLapseSeq_SuppTable2
SH3BP5L,RNA,K562,0.833156342978908,0.831953313926211,0.8003350869412779,0.865977599016538,0.07882854239371138,0.9241983717017528,Schofield2018_NatMethods_TimeLapseSeq_SuppTable2
SH3GL1,RNA,K562,1.20995801583975,0.572868786756108,1.27708597767074,1.14283005400876,0.11107321303763648,0.8948732301431672,Schofield2018_NatMethods_TimeLapseSeq_SuppTable2
SH3GLB1,RNA,K562,2.63917512072875,0.262637812517931,2.15324289522085,3.12510734623666,0.37249360427315226,0.6890140582894998,Schofield2018_NatMethods_TimeLapseSeq_SuppTable2
SH3PXD2A,RNA,K562,0.599154912099451,1.1568747356691835,0.6482379963186609,0.55007182788024,0.1642090413461861,0.8485646182483813,Schofield2018_NatMethods_TimeLapseSeq_SuppTable2
SHC1,RNA,K562,1.63015476962347,0.4252032957091842,1.72825786339505,1.53205167585189,0.1205060840271204,0.8864716940111439,Schofield2018_NatMethods_TimeLapseSeq_SuppTable2
SHCBP1,RNA,K562,0.3285374380649859,2.1097966327442967,0.3582712534137519,0.298803622716219,0.18150381319481287,0.8340150650354963,Schofield2018_NatMethods_TimeLapseSeq_SuppTable2
SHMT2,RNA,K562,7.0795208924299,0.09790876968823194,8.58529314415986,5.57374864069993,0.43198280676962114,0.6492205387874809,Schofield2018_NatMethods_TimeLapseSeq_SuppTable2
SHOC2,RNA,K562,0.557541607765964,1.2432205433731571,0.4854175930763919,0.629665622455536,0.26017938334896895,0.770913284392733,Schofield2018_NatMethods_TimeLapseSeq_SuppTable2
SHPRH,RNA,K562,0.880807739153578,0.7869449253772824,0.945620268883901,0.8159952094232549,0.14743259722497332,0.8629205996042785,Schofield2018_NatMethods_TimeLapseSeq_SuppTable2
SHQ1,RNA,K562,1.21493184837239,0.5705235083667738,1.01428990220948,1.41557379453531,0.33334619348201017,0.7165220959338546,Schofield2018_NatMethods_TimeLapseSeq_SuppTable2
SHTN1,RNA,K562,1.2850866678693,0.5393777695236676,1.52825488093363,1.04191845480498,0.3830628018030605,0.681770081551095,Schofield2018_NatMethods_TimeLapseSeq_SuppTable2
SIAH2,RNA,K562,0.410529595076059,1.6884219527011823,0.4382919546145789,0.382767235537539,0.13545818704804835,0.8733156780715567,Schofield2018_NatMethods_TimeLapseSeq_SuppTable2
SIK2,RNA,K562,0.6286363354967989,1.102620293197282,0.74578319118288,0.511489479810718,0.37710791167175517,0.6858420595393806,Schofield2018_NatMethods_TimeLapseSeq_SuppTable2
SIK3,RNA,K562,0.636619694729953,1.0887931779332882,0.727750194624522,0.545489194835384,0.28827485279977444,0.7495555464836745,Schofield2018_NatMethods_TimeLapseSeq_SuppTable2
SIKE1,RNA,K562,2.74140268113117,0.2528439857926803,2.48193296364196,3.00087239862039,0.18986536852465716,0.8270704761665291,Schofield2018_NatMethods_TimeLapseSeq_SuppTable2
SIMC1,RNA,K562,0.871498281043916,0.7953511735326264,0.797699137202984,0.945297424884848,0.16976810799223893,0.8438604784099102,Schofield2018_NatMethods_TimeLapseSeq_SuppTable2
SIN3A,RNA,K562,0.485959799998799,1.426346748355848,0.4916734728171749,0.4802461271804239,0.023516085585855415,0.9767582628135805,Schofield2018_NatMethods_TimeLapseSeq_SuppTable2
SIN3B,RNA,K562,1.53448157191009,0.45171424228779133,1.44328402747991,1.62567911634027,0.1190045545628446,0.8878037571947359,Schofield2018_NatMethods_TimeLapseSeq_SuppTable2
SIPA1,RNA,K562,3.41498923594404,0.202971995713577,3.87718388283945,2.95279458904863,0.2723570464700139,0.761582292270893,Schofield2018_NatMethods_TimeLapseSeq_SuppTable2
SIRT1,RNA,K562,0.383341928807482,1.8081694917021467,0.3964228449740029,0.370261012640961,0.06827323540736745,0.9340052354077689,Schofield2018_NatMethods_TimeLapseSeq_SuppTable2
SIRT7,RNA,K562,0.6581710101797759,1.053141462992446,0.6748370942245139,0.6415049261350378,0.050654456740939505,0.9506070896594984,Schofield2018_NatMethods_TimeLapseSeq_SuppTable2
SKA2,RNA,K562,3.7012579417870506,0.18727340581545046,3.69284050284555,3.70967538072854,0.004548428445509446,0.9954618999898358,Schofield2018_NatMethods_TimeLapseSeq_SuppTable2
SKA3,RNA,K562,1.47946777257104,0.4685111723355652,1.63362154758081,1.32531399756126,0.2091499479296332,0.8112735777291166,Schofield2018_NatMethods_TimeLapseSeq_SuppTable2
SKI,RNA,K562,0.908321546174826,0.7631077160714342,0.86305504687209,0.953588045477561,0.09975328549776151,0.9050606820892645,Schofield2018_NatMethods_TimeLapseSeq_SuppTable2
SKIL,RNA,K562,0.6731452616727939,1.029714119709386,0.667816174277794,0.678474349067794,0.01583372574846734,0.9842909686937406,Schofield2018_NatMethods_TimeLapseSeq_SuppTable2
SKIV2L,RNA,K562,2.51872902276592,0.27519720235675527,1.92324695278275,3.11421109274908,0.4819609804635074,0.6175711586349137,Schofield2018_NatMethods_TimeLapseSeq_SuppTable2
SKIV2L2,RNA,K562,5.19523091841366,0.13341989825768796,4.85578879832985,5.53467303849747,0.13086093289936976,0.8773397750064887,Schofield2018_NatMethods_TimeLapseSeq_SuppTable2
SKP1,RNA,K562,8.32014049020075,0.08330955245002371,7.27429466064296,9.365986319758541,0.2527377956386089,0.7766715017826862,Schofield2018_NatMethods_TimeLapseSeq_SuppTable2
SKP2,RNA,K562,2.76397364966579,0.2507792288988566,2.7951728637251,2.73277443560648,0.022576582265041452,0.9776763616560508,Schofield2018_NatMethods_TimeLapseSeq_SuppTable2
SLAIN2,RNA,K562,0.856003563134855,0.8097480085497573,0.869553934099744,0.842453192169967,0.03166225830963016,0.9688337423740889,Schofield2018_NatMethods_TimeLapseSeq_SuppTable2
SLBP,RNA,K562,0.792559128123066,0.8745684151054477,0.770295275448404,0.8148229807977289,0.05619697222557641,0.945352909283767,Schofield2018_NatMethods_TimeLapseSeq_SuppTable2
SLC10A7,RNA,K562,0.6676755717415739,1.0381496791202514,0.747765095848257,0.5875860476348909,0.2410661863161499,0.7857896161472198,Schofield2018_NatMethods_TimeLapseSeq_SuppTable2
SLC11A2,RNA,K562,0.849987982527449,0.8154788006518212,0.643924828658039,1.05605113639686,0.49470989410690586,0.6097477730624348,Schofield2018_NatMethods_TimeLapseSeq_SuppTable2
SLC12A2,RNA,K562,3.2517509322313294,0.2131612152977265,3.28432558001592,3.21917628444674,0.020035813424812015,0.9801635696638625,Schofield2018_NatMethods_TimeLapseSeq_SuppTable2
SLC12A4,RNA,K562,0.827062794018075,0.838082894761189,0.7855932277876418,0.868532360248508,0.10036570834636926,0.9045065719403532,Schofield2018_NatMethods_TimeLapseSeq_SuppTable2
SLC12A7,RNA,K562,1.50746958126371,0.4598084028859016,1.29443646894671,1.72050269358072,0.284541070506577,0.7523594550455027,Schofield2018_NatMethods_TimeLapseSeq_SuppTable2
SLC16A1,RNA,K562,2.21681334615056,0.3126772859625632,2.2871710662926894,2.14645562600843,0.06349777592199513,0.938476206542632,Schofield2018_NatMethods_TimeLapseSeq_SuppTable2
SLC19A1,RNA,K562,1.58062591973378,0.43852702395054355,1.50545709388697,1.65579474558059,0.09518453341907247,0.9092051402537182,Schofield2018_NatMethods_TimeLapseSeq_SuppTable2
SLC1A4,RNA,K562,1.429629509702,0.48484392344729144,1.39210928004686,1.46714973935714,0.05250150115836186,0.9488528966762722,Schofield2018_NatMethods_TimeLapseSeq_SuppTable2
SLC1A5,RNA,K562,1.80805671754216,0.3833658390441408,1.81495909570641,1.80115433937791,0.007635171650217981,0.9923939022310985,Schofield2018_NatMethods_TimeLapseSeq_SuppTable2
SLC20A1,RNA,K562,1.42778334389543,0.48547084088320264,1.46678991928616,1.3887767685047,0.054652947565370015,0.9468136849349044,Schofield2018_NatMethods_TimeLapseSeq_SuppTable2
SLC20A2,RNA,K562,1.02322794244364,0.6774122869481003,1.04751014530341,0.998945739583879,0.047470874560639746,0.9536382478611085,Schofield2018_NatMethods_TimeLapseSeq_SuppTable2
SLC22A23,RNA,K562,0.594094697038346,1.1667284424779267,0.5637045414517379,0.624484852624954,0.10239682250738902,0.9026712803077085,Schofield2018_NatMethods_TimeLapseSeq_SuppTable2
SLC25A1,RNA,K562,4.63314561921695,0.14960617203244617,4.5846170209113,4.6816742175226,0.020949211223286104,0.9792686991657741,Schofield2018_NatMethods_TimeLapseSeq_SuppTable2
SLC25A12,RNA,K562,1.56659510783181,0.44245458006010935,1.70950586344144,1.42368435222218,0.18295623435371972,0.8328046031711953,Schofield2018_NatMethods_TimeLapseSeq_SuppTable2
SLC25A13,RNA,K562,5.73720729778649,0.12081612962239886,6.32462598597307,5.14978860959991,0.20549523305912287,0.8142439760107956,Schofield2018_NatMethods_TimeLapseSeq_SuppTable2
SLC25A21,RNA,K562,1.80323276774806,0.3843914068983849,2.25619763136087,1.35026790413526,0.5133779120826738,0.5984705796011405,Schofield2018_NatMethods_TimeLapseSeq_SuppTable2
SLC25A23,RNA,K562,4.49108494938756,0.1543384701851316,5.11603998348568,3.86612991528944,0.28012671426920693,0.7556879789386153,Schofield2018_NatMethods_TimeLapseSeq_SuppTable2
SLC25A25,RNA,K562,0.3332797488795529,2.0797758726421995,0.3933728343440199,0.273186663415086,0.36460253973909806,0.694472621299959,Schofield2018_NatMethods_TimeLapseSeq_SuppTable2
SLC25A3,RNA,K562,6.87154294471665,0.1008721310681596,7.06055538963335,6.68253049979995,0.055026982347229796,0.9464596099071138,Schofield2018_NatMethods_TimeLapseSeq_SuppTable2
SLC25A32,RNA,K562,0.875192547266334,0.7919939249082869,0.90874268664812,0.841642407884548,0.07670675079979761,0.9261614098804251,Schofield2018_NatMethods_TimeLapseSeq_SuppTable2
SLC25A33,RNA,K562,0.7243038693682289,0.9569839536609684,0.776812068807578,0.6717956699288808,0.14524422174551582,0.8648110616511154,Schofield2018_NatMethods_TimeLapseSeq_SuppTable2
SLC25A36,RNA,K562,0.590157639841827,1.1745119164190119,0.541848060571364,0.6384672191122909,0.1640847025979549,0.8486701342705366,Schofield2018_NatMethods_TimeLapseSeq_SuppTable2
SLC25A37,RNA,K562,1.92282522556045,0.36048371497618154,2.11148953547443,1.73416091564647,0.19686996510183613,0.8212974236961217,Schofield2018_NatMethods_TimeLapseSeq_SuppTable2
SLC25A38,RNA,K562,0.819789789307179,0.8455181921035367,0.879374620780998,0.76020495783336,0.14562291834902072,0.864483622643328,Schofield2018_NatMethods_TimeLapseSeq_SuppTable2
SLC25A40,RNA,K562,0.7908056504630199,0.8765076225164866,0.988886000842335,0.592725300083704,0.5118480038460824,0.5993868854234153,Schofield2018_NatMethods_TimeLapseSeq_SuppTable2
SLC25A44,RNA,K562,0.371929077397577,1.8636541821627977,0.3717447150605889,0.372113439734565,0.0009913844509172997,0.9990091068082918,Schofield2018_NatMethods_TimeLapseSeq_SuppTable2
SLC25A5,RNA,K562,7.85885641036004,0.08819949676726438,8.47446173277007,7.24325108795001,0.1569869879880847,0.8547151803094388,Schofield2018_NatMethods_TimeLapseSeq_SuppTable2
SLC25A6,RNA,K562,2.94309028291528,0.23551679151118257,3.1134179389889,2.77276262684165,0.11587697706959356,0.890584778907685,Schofield2018_NatMethods_TimeLapseSeq_SuppTable2
SLC29A1,RNA,K562,3.01172382086726,0.23014964910040978,2.93977845883537,3.08366918289916,0.047785956734231944,0.9533378207812458,Schofield2018_NatMethods_TimeLapseSeq_SuppTable2
SLC29A2,RNA,K562,0.8087479983165409,0.8570620044844305,0.7299162595483049,0.887579737084777,0.1955685473014761,0.8223669705954396,Schofield2018_NatMethods_TimeLapseSeq_SuppTable2
SLC2A1,RNA,K562,0.658532530010344,1.052563311563451,0.647593198687308,0.6694718613333789,0.03322641546039363,0.9673195186986718,Schofield2018_NatMethods_TimeLapseSeq_SuppTable2
SLC2A3,RNA,K562,0.485861772008403,1.4266345296002363,0.466543539099583,0.505180004917224,0.0795634638089655,0.9235194080494699,Schofield2018_NatMethods_TimeLapseSeq_SuppTable2
SLC30A1,RNA,K562,0.3602175943572559,1.9242457653872873,0.347735347302338,0.3726998414121739,0.06933168678160362,0.9330171592903167,Schofield2018_NatMethods_TimeLapseSeq_SuppTable2
SLC30A5,RNA,K562,3.46704651862711,0.1999243958325715,3.99502306686958,2.93906997038464,0.3069561584346338,0.7356828536881607,Schofield2018_NatMethods_TimeLapseSeq_SuppTable2
SLC31A1,RNA,K562,4.47362831844676,0.15494071729244716,5.50160396857611,3.44565266831741,0.46792634005800404,0.6262996551547841,Schofield2018_NatMethods_TimeLapseSeq_SuppTable2
SLC33A1,RNA,K562,0.7503807186836648,0.9237273337405045,0.7460142448489219,0.754747192518407,0.01163815383645903,0.9884293075137577,Schofield2018_NatMethods_TimeLapseSeq_SuppTable2
SLC35A4,RNA,K562,2.20793812537561,0.31393415086848436,2.32932032511945,2.08655592563178,0.1100616948137315,0.8957788686812661,Schofield2018_NatMethods_TimeLapseSeq_SuppTable2
SLC35B4,RNA,K562,1.97824066126789,0.3503856705258979,1.93573412748255,2.02074719505322,0.04298069298086086,0.9579298846591094,Schofield2018_NatMethods_TimeLapseSeq_SuppTable2
SLC35C1,RNA,K562,0.6447690889597208,1.0750316546320144,0.6286128556697749,0.660925322249667,0.05012528111325884,0.9511102608840791,Schofield2018_NatMethods_TimeLapseSeq_SuppTable2
SLC35C2,RNA,K562,1.30464214893268,0.5312929534945693,1.23035185665386,1.37893244121149,0.1140094156698688,0.8922495547156093,Schofield2018_NatMethods_TimeLapseSeq_SuppTable2
SLC35F2,RNA,K562,2.78249513771332,0.24910993416131538,2.87848912259536,2.68650115283127,0.06902588597503571,0.9333025203197621,Schofield2018_NatMethods_TimeLapseSeq_SuppTable2
SLC35F5,RNA,K562,2.83453272463938,0.2445366654386148,2.39658096752043,3.27248448175833,0.31150635199187615,0.7323429586540712,Schofield2018_NatMethods_TimeLapseSeq_SuppTable2
SLC37A3,RNA,K562,0.842845465859555,0.8223894042700418,0.823730795736488,0.861960135982622,0.045365251307744804,0.955648366264,Schofield2018_NatMethods_TimeLapseSeq_SuppTable2
SLC38A1,RNA,K562,2.77298290865167,0.24996446187869936,2.75538996772955,2.79057584957379,0.012688990560011599,0.9873911752480714,Schofield2018_NatMethods_TimeLapseSeq_SuppTable2
SLC38A2,RNA,K562,0.46509585555548,1.4903318795049156,0.382756867872425,0.5474348432385349,0.35784346895410707,0.6991825102108921,Schofield2018_NatMethods_TimeLapseSeq_SuppTable2
SLC39A1,RNA,K562,1.92707141781017,0.3596894096159674,2.06805138944585,1.7860914461745,0.146577123357178,0.8636591214752631,Schofield2018_NatMethods_TimeLapseSeq_SuppTable2
SLC39A10,RNA,K562,2.76789299247326,0.25042412493720767,2.96140027946824,2.57438570547828,0.14005127918659438,0.8693136565586286,Schofield2018_NatMethods_TimeLapseSeq_SuppTable2
SLC39A14,RNA,K562,1.53009451864958,0.4530093874015693,1.57664201606594,1.48354702123323,0.060861422690169864,0.9409536255636507,Schofield2018_NatMethods_TimeLapseSeq_SuppTable2
SLC39A6,RNA,K562,0.4799587577847069,1.4441807120245682,0.486546974317468,0.473370541251946,0.027454985485515993,0.9729184770206288,Schofield2018_NatMethods_TimeLapseSeq_SuppTable2
SLC39A7,RNA,K562,2.11564049405987,0.32762994587507177,2.12471727310568,2.10656371501406,0.008580696733293796,0.9914560123733145,Schofield2018_NatMethods_TimeLapseSeq_SuppTable2
SLC39A9,RNA,K562,2.88369163983586,0.24036799600369174,2.6542939923105906,3.11308928736112,0.15943687007824506,0.852623791770702,Schofield2018_NatMethods_TimeLapseSeq_SuppTable2
SLC3A2,RNA,K562,0.4710296873267609,1.4715573120109897,0.4924986384764399,0.4495607361770819,0.09122073189452262,0.9128162010108541,Schofield2018_NatMethods_TimeLapseSeq_SuppTable2
SLC40A1,RNA,K562,0.449475896013593,1.542123140990375,0.486145396229407,0.412806395797778,0.1635290406111293,0.8491418390455742,Schofield2018_NatMethods_TimeLapseSeq_SuppTable2
SLC41A1,RNA,K562,0.649823644738145,1.0666696821093022,0.708760781964691,0.5908865075115999,0.18189410327710767,0.8336896207401,Schofield2018_NatMethods_TimeLapseSeq_SuppTable2
SLC43A3,RNA,K562,1.81872344602015,0.3811174162167071,2.22194418272815,1.41550270931214,0.45089783101768255,0.6370559262088014,Schofield2018_NatMethods_TimeLapseSeq_SuppTable2
SLC45A4,RNA,K562,0.948161660514036,0.7310432486630631,1.01288925651756,0.8834340645105119,0.13674551687438286,0.8721921560782161,Schofield2018_NatMethods_TimeLapseSeq_SuppTable2
SLC48A1,RNA,K562,0.8021416264415369,0.8641206960357948,0.585799267303845,1.01848398557923,0.5530933283766444,0.5751678726403249,Schofield2018_NatMethods_TimeLapseSeq_SuppTable2
SLC4A1AP,RNA,K562,1.91406051607891,0.36213441254193307,2.05480422498297,1.77331680717486,0.14732888038203568,0.8630101036460334,Schofield2018_NatMethods_TimeLapseSeq_SuppTable2
SLC4A2,RNA,K562,4.08461654347909,0.1696970017091382,4.57040903508156,3.59882405187662,0.2389955654519478,0.7874183742095632,Schofield2018_NatMethods_TimeLapseSeq_SuppTable2
SLC52A2,RNA,K562,2.52192060936422,0.27484892981412634,2.60072961752566,2.44311160120279,0.06251955452202249,0.9393946932196557,Schofield2018_NatMethods_TimeLapseSeq_SuppTable2
SLC5A6,RNA,K562,6.66156399328379,0.10405171837406028,7.37457948295435,5.94854850361324,0.21489164051521367,0.8066288413275295,Schofield2018_NatMethods_TimeLapseSeq_SuppTable2
SLC6A6,RNA,K562,1.00113396783094,0.6923620642517205,0.961294981593744,1.04097295406813,0.0796297729342374,0.9234581723156169,Schofield2018_NatMethods_TimeLapseSeq_SuppTable2
SLC6A8,RNA,K562,1.93148892917505,0.3588667634020519,2.16435650061448,1.69862135773561,0.2423061329063154,0.7848158828055158,Schofield2018_NatMethods_TimeLapseSeq_SuppTable2
SLC7A1,RNA,K562,1.42735575923786,0.4856162705575608,1.56230795087679,1.29240356759893,0.18966046822608454,0.8272399605171402,Schofield2018_NatMethods_TimeLapseSeq_SuppTable2
SLC7A11,RNA,K562,0.516212151415637,1.3427564203188351,0.488190336218187,0.5442339666130879,0.10867387703747947,0.8970229095701704,Schofield2018_NatMethods_TimeLapseSeq_SuppTable2
SLC7A5,RNA,K562,1.91224922299978,0.3624774282677405,1.93145903454295,1.89303941145661,0.02009200217159522,0.9801084970484857,Schofield2018_NatMethods_TimeLapseSeq_SuppTable2
SLC7A6,RNA,K562,4.24110754222306,0.16343541720156868,4.06768425958182,4.4145308248643,0.08182770043974946,0.9214307071254527,Schofield2018_NatMethods_TimeLapseSeq_SuppTable2
SLC7A6OS,RNA,K562,0.931318478471115,0.7442643913796706,1.00083196424544,0.861804992696789,0.14955787883640417,0.8610885977712872,Schofield2018_NatMethods_TimeLapseSeq_SuppTable2
SLC8B1,RNA,K562,1.24045529274067,0.5587844919654471,1.4351467318224,1.04576385365895,0.3165195172907434,0.7286807895461686,Schofield2018_NatMethods_TimeLapseSeq_SuppTable2
SLC9A1,RNA,K562,0.772132995347161,0.89770439126008,0.8865833990049349,0.657682591689387,0.2986527663108293,0.7418169485550296,Schofield2018_NatMethods_TimeLapseSeq_SuppTable2
SLC9A3R2,RNA,K562,2.66128386279108,0.26045593641897036,2.9990182634228306,2.32354946215933,0.2551890324884948,0.7747700274113781,Schofield2018_NatMethods_TimeLapseSeq_SuppTable2
SLCO4A1,RNA,K562,1.02301563841352,0.677552868727275,0.948905329292446,1.0971259475346,0.14514022931574283,0.8649010001310906,Schofield2018_NatMethods_TimeLapseSeq_SuppTable2
SLCO5A1,RNA,K562,17.0810928813571,0.04057979108096006,15.9795283492075,18.1826574135066,0.12915982559310965,0.8788334942359661,Schofield2018_NatMethods_TimeLapseSeq_SuppTable2
SLF1,RNA,K562,0.773088397633036,0.8965949853628037,0.699753291415748,0.846423503850324,0.19029199783092954,0.8267176989209504,Schofield2018_NatMethods_TimeLapseSeq_SuppTable2
SLF2,RNA,K562,0.838522313255532,0.826629380760098,0.797581233349222,0.8794633931618419,0.0977282515119574,0.9068953177024941,Schofield2018_NatMethods_TimeLapseSeq_SuppTable2
SLIRP,RNA,K562,7.80117443595088,0.0888516448710146,7.81010670484944,7.792242167052329,0.0022899815599058144,0.997712638447562,Schofield2018_NatMethods_TimeLapseSeq_SuppTable2
SLK,RNA,K562,2.02088665497426,0.3429916165034866,2.0131012890862894,2.02867202086224,0.007704939200161362,0.992324667755149,Schofield2018_NatMethods_TimeLapseSeq_SuppTable2
SLMAP,RNA,K562,1.70159061195166,0.4073524945961777,1.95648069983349,1.44670052406982,0.3018618350752782,0.7394402225347504,Schofield2018_NatMethods_TimeLapseSeq_SuppTable2
SLTM,RNA,K562,2.99022563004814,0.23180430720500053,3.389736339632,2.59071492046428,0.2688182737587211,0.7642821331483074,Schofield2018_NatMethods_TimeLapseSeq_SuppTable2
SLU7,RNA,K562,1.39893106527154,0.495483442871005,1.39796287405962,1.39989925648346,0.0013841873849844183,0.9986167701605155,Schofield2018_NatMethods_TimeLapseSeq_SuppTable2
SLX4,RNA,K562,0.5798931169482,1.1953016173183202,0.644832080763436,0.514954153132964,0.22491206934164631,0.7985864359032733,Schofield2018_NatMethods_TimeLapseSeq_SuppTable2
SLX4IP,RNA,K562,0.784381473236049,0.883686323824418,0.7956026115942149,0.773160334877882,0.028613383453923155,0.9717921027542088,Schofield2018_NatMethods_TimeLapseSeq_SuppTable2
SMAD2,RNA,K562,1.23339391572861,0.5619836223616187,1.46333411152525,1.00345371993198,0.37726970067482685,0.6857311068120107,Schofield2018_NatMethods_TimeLapseSeq_SuppTable2
SMAD3,RNA,K562,0.5677995733451279,1.2207603053949934,0.508741425742763,0.626857720947494,0.20877971150577695,0.8115739963668335,Schofield2018_NatMethods_TimeLapseSeq_SuppTable2
SMAD4,RNA,K562,0.8121718995528099,0.8534488584763881,0.574479738938168,1.04986406016745,0.6029511388924499,0.5471944042417646,Schofield2018_NatMethods_TimeLapseSeq_SuppTable2
SMAD5,RNA,K562,0.711060012683961,0.9748082696193221,0.7080731228754858,0.7140469024924369,0.008401280689230023,0.9916339114474146,Schofield2018_NatMethods_TimeLapseSeq_SuppTable2
SMAP2,RNA,K562,2.81405071753992,0.24631652025301934,2.5709561130624694,3.05714532201738,0.1732037210888471,0.8409662748272368,Schofield2018_NatMethods_TimeLapseSeq_SuppTable2
SMARCA2,RNA,K562,1.84514906044076,0.3756591786651479,1.88682091097652,1.80347720990499,0.04517677045090817,0.9558285046626945,Schofield2018_NatMethods_TimeLapseSeq_SuppTable2
SMARCA4,RNA,K562,4.50413609250363,0.15389126046026255,4.74851781008326,4.259754374924,0.1086210292190517,0.897070316526687,Schofield2018_NatMethods_TimeLapseSeq_SuppTable2
SMARCA5,RNA,K562,4.74991046384244,0.14592847293361902,5.25466134808966,4.24515957959521,0.2133361470784502,0.80788452354566,Schofield2018_NatMethods_TimeLapseSeq_SuppTable2
SMARCAD1,RNA,K562,0.916435755610117,0.7563510876967939,0.934097946637889,0.898773564582344,0.038550172674756945,0.9621834282125462,Schofield2018_NatMethods_TimeLapseSeq_SuppTable2
SMARCAL1,RNA,K562,2.41976759797303,0.28645196387478483,2.64402368150939,2.19551151443667,0.18588682307903648,0.8303675681086643,Schofield2018_NatMethods_TimeLapseSeq_SuppTable2
SMARCB1,RNA,K562,5.21806063184536,0.13283616835146178,5.71207863911205,4.72404262457868,0.18991807101517524,0.8270268886411968,Schofield2018_NatMethods_TimeLapseSeq_SuppTable2
SMARCC1,RNA,K562,8.45835415742043,0.08194823338673447,8.54643397142492,8.37027434341594,0.020827455625990057,0.9793879378699969,Schofield2018_NatMethods_TimeLapseSeq_SuppTable2
SMARCD1,RNA,K562,2.82199863237642,0.24562279109832255,3.26383278010118,2.38016448465167,0.3157326077093346,0.7292544211097371,Schofield2018_NatMethods_TimeLapseSeq_SuppTable2
SMARCD2,RNA,K562,2.40176072064181,0.28859959887041503,2.25877051110764,2.54475093017598,0.11921213526074949,0.8876194853975107,Schofield2018_NatMethods_TimeLapseSeq_SuppTable2
SMC1A,RNA,K562,3.52012522168015,0.1969098077224387,3.83944024386737,3.20081019949293,0.18192262104726054,0.8336658461101183,Schofield2018_NatMethods_TimeLapseSeq_SuppTable2
SMC2,RNA,K562,4.41448769558442,0.1570164486477704,4.65538050825135,4.17359488291749,0.10924590255971818,0.8965099363027517,Schofield2018_NatMethods_TimeLapseSeq_SuppTable2
SMC3,RNA,K562,1.25065368660564,0.5542279113582549,1.28892718600784,1.21238018720343,0.061224709347187704,0.9406118517513027,Schofield2018_NatMethods_TimeLapseSeq_SuppTable2
SMC4,RNA,K562,3.627520728986,0.19108014325632827,3.8842840290254705,3.37075742894653,0.14180120024848364,0.8677937565220278,Schofield2018_NatMethods_TimeLapseSeq_SuppTable2
SMC5,RNA,K562,1.74030197151629,0.3982913263932122,1.61269980458056,1.86790413845203,0.1469073489156796,0.8633739662448829,Schofield2018_NatMethods_TimeLapseSeq_SuppTable2
SMC6,RNA,K562,3.39106389280608,0.20440404618456515,3.46682610255525,3.31530168305691,0.04469088259925177,0.9562930429689975,Schofield2018_NatMethods_TimeLapseSeq_SuppTable2
SMCHD1,RNA,K562,2.3200296711860706,0.2987665154323596,2.27028078534618,2.36977855702596,0.04289299709867068,0.958013894849041,Schofield2018_NatMethods_TimeLapseSeq_SuppTable2
SMCR8,RNA,K562,0.3669407353650689,1.8889894573038724,0.3687034704607359,0.365178000269403,0.009607811210913267,0.9904381963453519,Schofield2018_NatMethods_TimeLapseSeq_SuppTable2
SMG1,RNA,K562,1.63421049287098,0.4241480418732502,1.61592108247478,1.65249990326718,0.022384110402252848,0.9778645549569597,Schofield2018_NatMethods_TimeLapseSeq_SuppTable2
SMG5,RNA,K562,2.34125209793439,0.2960583275809924,2.54766855004342,2.13483564582536,0.1767889840085695,0.8379565881083613,Schofield2018_NatMethods_TimeLapseSeq_SuppTable2
SMG6,RNA,K562,1.48496149767382,0.4667778805347847,1.46664645107163,1.50327654427601,0.02466861990594842,0.9756331638753657,Schofield2018_NatMethods_TimeLapseSeq_SuppTable2
SMG7,RNA,K562,2.71712931553476,0.25510275738331084,2.54887247338698,2.8853861576825306,0.12400764706652966,0.8833730856441656,Schofield2018_NatMethods_TimeLapseSeq_SuppTable2
SMG9,RNA,K562,1.65509736794122,0.4187954098568551,1.66203397238714,1.64816076349529,0.008382159496357238,0.9916528728519763,Schofield2018_NatMethods_TimeLapseSeq_SuppTable2
SMIM12,RNA,K562,0.89610323947624,0.7735126378575311,0.932574952131461,0.859631526821019,0.08144568566004687,0.9217827745172384,Schofield2018_NatMethods_TimeLapseSeq_SuppTable2
SMIM13,RNA,K562,0.545222557148893,1.2713105345174778,0.589171265558691,0.5012738487390949,0.16156435880866238,0.8508117724712083,Schofield2018_NatMethods_TimeLapseSeq_SuppTable2
SMIM15,RNA,K562,0.963946961425687,0.7190719077891732,1.00972855780676,0.9181653650446148,0.09505930845544275,0.9093190025633915,Schofield2018_NatMethods_TimeLapseSeq_SuppTable2
SMN1,RNA,K562,0.978771894174114,0.7081805113997697,0.980495135155187,0.977048653193041,0.003521234665363771,0.9964849576111354,Schofield2018_NatMethods_TimeLapseSeq_SuppTable2
SMNDC1,RNA,K562,0.8803382196813339,0.7873646344820195,0.9998749150532728,0.7608015243093939,0.2732576714212187,0.7608967010327076,Schofield2018_NatMethods_TimeLapseSeq_SuppTable2
SMPD4,RNA,K562,2.30723439910534,0.3004233903710529,2.23426649738949,2.3802023008212,0.06327249930386947,0.9386876471040464,Schofield2018_NatMethods_TimeLapseSeq_SuppTable2
SMS,RNA,K562,12.0250309672297,0.05764202873563418,13.8844697467311,10.1655921877284,0.31176222819418115,0.7321555934911914,Schofield2018_NatMethods_TimeLapseSeq_SuppTable2
SMTN,RNA,K562,1.75554056729872,0.3948340434117695,1.61992970454243,1.89115143005502,0.1548031097772834,0.8565838138595282,Schofield2018_NatMethods_TimeLapseSeq_SuppTable2
SMU1,RNA,K562,4.72780464480816,0.1466107914000053,4.34746231181996,5.10814697779636,0.1612444135191893,0.8510840292413518,Schofield2018_NatMethods_TimeLapseSeq_SuppTable2
SMUG1,RNA,K562,1.05463406670459,0.6572395131572214,1.05048211436425,1.05878601904494,0.007873771428154156,0.9921571455125744,Schofield2018_NatMethods_TimeLapseSeq_SuppTable2
SMURF1,RNA,K562,0.540267386168494,1.2829706147462554,0.535771392741819,0.5447633795951689,0.01664397049300645,0.9834937751138263,Schofield2018_NatMethods_TimeLapseSeq_SuppTable2
SMURF2,RNA,K562,0.934913924785576,0.7414021357302167,1.07598767017616,0.7938401793949859,0.30411212612221805,0.7377781376110183,Schofield2018_NatMethods_TimeLapseSeq_SuppTable2
SMYD3,RNA,K562,1.5608045165747,0.44409608839491804,1.61351602074067,1.50809301240873,0.06756971464619478,0.9346625586750935,Schofield2018_NatMethods_TimeLapseSeq_SuppTable2
SMYD5,RNA,K562,2.45175472376254,0.2827147323677712,2.43448355111577,2.46902589640931,0.014089058888871993,0.9860097274217436,Schofield2018_NatMethods_TimeLapseSeq_SuppTable2
SNAP29,RNA,K562,2.23448898607975,0.3102038921999889,2.19381614439401,2.27516182776549,0.03640862388859309,0.9642461989390125,Schofield2018_NatMethods_TimeLapseSeq_SuppTable2
SNAP47,RNA,K562,0.984580236039387,0.7040027365857227,1.15038809015562,0.818772381923157,0.3400485108518833,0.7117357950153992,Schofield2018_NatMethods_TimeLapseSeq_SuppTable2
SNAPC3,RNA,K562,0.6370071677458479,1.0881308965686491,0.705917601288438,0.568096734203259,0.2172068077093323,0.8047635207938875,Schofield2018_NatMethods_TimeLapseSeq_SuppTable2
SNAPC4,RNA,K562,0.464520734480584,1.4921770528392149,0.4307043282631919,0.498337140697976,0.14585499594561266,0.8642830186406396,Schofield2018_NatMethods_TimeLapseSeq_SuppTable2
SNAPC5,RNA,K562,2.30005836762828,0.301360691674398,2.43246893932362,2.16764779593293,0.11526415133247381,0.8911307194474076,Schofield2018_NatMethods_TimeLapseSeq_SuppTable2
SND1,RNA,K562,3.76868162912612,0.18392298654335307,3.735723688696,3.80163956955624,0.017490880847481786,0.9826611966615408,Schofield2018_NatMethods_TimeLapseSeq_SuppTable2
SNHG1,RNA,K562,1.45988960025157,0.47479424501722683,1.49735815391749,1.42242104658566,0.051341942397169854,0.9499537855149921,Schofield2018_NatMethods_TimeLapseSeq_SuppTable2
SNHG12,RNA,K562,0.72031688460582,0.9622809007722444,0.761296468350473,0.679337300861167,0.11390509390614802,0.8923426406181947,Schofield2018_NatMethods_TimeLapseSeq_SuppTable2
SNHG15,RNA,K562,0.473424306501734,1.4641140538005024,0.4246996453408339,0.5221489676626339,0.20657072359669093,0.8133687350603688,Schofield2018_NatMethods_TimeLapseSeq_SuppTable2
SNHG16,RNA,K562,1.40760956358961,0.49242858139747125,1.38631191665686,1.42890721052236,0.03026304014391934,0.9701903009853744,Schofield2018_NatMethods_TimeLapseSeq_SuppTable2
SNHG17,RNA,K562,1.43141336975091,0.48423969987129895,1.55873304558809,1.30409369391374,0.17836502894057102,0.8366369710354874,Schofield2018_NatMethods_TimeLapseSeq_SuppTable2
SNHG5,RNA,K562,2.8370109328712494,0.24432305583624694,2.98626540391982,2.68775646182268,0.10531676137084166,0.9000393797197956,Schofield2018_NatMethods_TimeLapseSeq_SuppTable2
SNHG7,RNA,K562,0.4601601199118129,1.5063173677301351,0.4686272458975869,0.451692993926039,0.03680493548869661,0.9638641326986596,Schofield2018_NatMethods_TimeLapseSeq_SuppTable2
SNHG8,RNA,K562,1.54080544921095,0.4498602863294049,1.53492977847356,1.54668111994834,0.0076267892506012664,0.9924022209082294,Schofield2018_NatMethods_TimeLapseSeq_SuppTable2
SNIP1,RNA,K562,0.381855864027051,1.8152063274608823,0.3851481249607109,0.3785636030933899,0.01724390181471804,0.9829039233463939,Schofield2018_NatMethods_TimeLapseSeq_SuppTable2
SNORD3A,RNA,K562,5.30581337297119,0.13063919362316195,5.8493267632865,4.76229998265588,0.20559583024390085,0.8141620694789388,Schofield2018_NatMethods_TimeLapseSeq_SuppTable2
SNRK,RNA,K562,0.342904109201617,2.0214023744824714,0.3806640304537289,0.3051441879495039,0.2211327639979655,0.8016102482438127,Schofield2018_NatMethods_TimeLapseSeq_SuppTable2
SNRNP200,RNA,K562,4.24446601377212,0.16330609747159572,4.33117373284563,4.15775829469861,0.04086251765975182,0.9599610985742925,Schofield2018_NatMethods_TimeLapseSeq_SuppTable2
SNRNP27,RNA,K562,2.53567146328232,0.27335843408621063,2.24422602007875,2.82711690648588,0.2308967268578683,0.7938214422368313,Schofield2018_NatMethods_TimeLapseSeq_SuppTable2
SNRNP40,RNA,K562,2.71569316670408,0.2552376642023916,2.7552725878578106,2.67611374555035,0.02915073349776056,0.9712700505001555,Schofield2018_NatMethods_TimeLapseSeq_SuppTable2
SNRNP48,RNA,K562,1.35068447288643,0.5131821639132942,1.44043572005424,1.26093322571861,0.13309354904397855,0.8753831970170313,Schofield2018_NatMethods_TimeLapseSeq_SuppTable2
SNRNP70,RNA,K562,3.19311951821384,0.21707523836992998,3.16822781765104,3.21801121877664,0.015591151317667203,0.9845297614765539,Schofield2018_NatMethods_TimeLapseSeq_SuppTable2
SNRPA,RNA,K562,2.98234682110979,0.23241669132968631,3.23771842136346,2.72697522085612,0.1716758735807163,0.8422521250960863,Schofield2018_NatMethods_TimeLapseSeq_SuppTable2
SNRPA1,RNA,K562,5.82861440268924,0.11892143358121907,6.01260791152419,5.64462089385428,0.0631555456516441,0.9387974364726828,Schofield2018_NatMethods_TimeLapseSeq_SuppTable2
SNRPB,RNA,K562,3.90793287859372,0.17736926454309423,4.1406945435253,3.67517121366213,0.11926381757176208,0.8875736123566281,Schofield2018_NatMethods_TimeLapseSeq_SuppTable2
SNRPC,RNA,K562,7.31205573858767,0.09479511717915697,7.65687039044266,6.96724108673268,0.09438401550595066,0.9099332666554238,Schofield2018_NatMethods_TimeLapseSeq_SuppTable2
SNRPD1,RNA,K562,3.275689918574,0.21160341723116816,3.13135884893709,3.42002098821092,0.08817964057701437,0.9155963836862783,Schofield2018_NatMethods_TimeLapseSeq_SuppTable2
SNRPD3,RNA,K562,4.98992373351646,0.1389093736852519,4.87843317081408,5.10141429621884,0.04469371751417102,0.9562903319634256,Schofield2018_NatMethods_TimeLapseSeq_SuppTable2
SNRPE,RNA,K562,5.36083882032392,0.129298269131334,6.04811493268998,4.67356270795786,0.2578249687950585,0.7727304722166102,Schofield2018_NatMethods_TimeLapseSeq_SuppTable2
SNRPF,RNA,K562,7.42871932744436,0.09330641662543508,7.29906359815288,7.55837505673583,0.034910161802540265,0.9656921684043903,Schofield2018_NatMethods_TimeLapseSeq_SuppTable2
SNU13,RNA,K562,4.90590305348393,0.14128839746796595,5.22991204938687,4.58189405758099,0.13228199904644258,0.8760939025959622,Schofield2018_NatMethods_TimeLapseSeq_SuppTable2
SNW1,RNA,K562,1.75169956720413,0.39569980694022233,1.76499226176486,1.7384068726434,0.015177202723784193,0.9849373905498733,Schofield2018_NatMethods_TimeLapseSeq_SuppTable2
SNX1,RNA,K562,3.1318540755166,0.22132167203403644,3.65296813949794,2.61074001153527,0.3359063155673697,0.7146900580124105,Schofield2018_NatMethods_TimeLapseSeq_SuppTable2
SNX13,RNA,K562,1.27026995110211,0.5456691941414168,1.5428781083382,0.997661793866012,0.435990517726847,0.6466238573704125,Schofield2018_NatMethods_TimeLapseSeq_SuppTable2
SNX18,RNA,K562,0.855858624921445,0.8098851380081211,0.9671848734090908,0.7445323764337989,0.26163332094437475,0.7697932390211024,Schofield2018_NatMethods_TimeLapseSeq_SuppTable2
SNX19,RNA,K562,1.56427370345139,0.4431111889374575,1.70128734139506,1.42726006550772,0.17562865591368687,0.8389294569942332,Schofield2018_NatMethods_TimeLapseSeq_SuppTable2
SNX3,RNA,K562,7.286585910729831,0.09512646787561434,7.56873678647528,7.00443503498437,0.077482657660769,0.9254430736051925,Schofield2018_NatMethods_TimeLapseSeq_SuppTable2
SNX33,RNA,K562,0.526583149476715,1.3163109781403963,0.587720168778155,0.4654461301752749,0.23325456581194737,0.791951943971767,Schofield2018_NatMethods_TimeLapseSeq_SuppTable2
SNX5,RNA,K562,2.432478847248,0.28495507015164456,2.57045904931695,2.29449864517905,0.1135701369800146,0.8926415870304445,Schofield2018_NatMethods_TimeLapseSeq_SuppTable2
SNX6,RNA,K562,2.73757123875266,0.2531978604786077,2.37667693853465,3.09846553897067,0.26520373380272255,0.7670496601115006,Schofield2018_NatMethods_TimeLapseSeq_SuppTable2
SNX8,RNA,K562,0.9203832958511388,0.7531070844989062,0.8309858756674499,1.00978071603483,0.19487567550517043,0.8229369629185779,Schofield2018_NatMethods_TimeLapseSeq_SuppTable2
SNX9,RNA,K562,0.82921058734213,0.8359121206853991,0.799312122318475,0.859109052365785,0.07214435593689253,0.9303965778469645,Schofield2018_NatMethods_TimeLapseSeq_SuppTable2
SOCS2,RNA,K562,0.7142461443915689,0.9704598141728903,0.777775918330603,0.650716370452536,0.17836459557797313,0.8366373336027373,Schofield2018_NatMethods_TimeLapseSeq_SuppTable2
SOCS4,RNA,K562,0.2783487812830169,2.4902109409818953,0.288489098488993,0.268208464077042,0.0728927691923683,0.9297005172182451,Schofield2018_NatMethods_TimeLapseSeq_SuppTable2
SOD1,RNA,K562,16.7125185191953,0.04147472924346055,14.4019051264763,19.023131911914305,0.2782952094193295,0.7570732933548286,Schofield2018_NatMethods_TimeLapseSeq_SuppTable2
SOD2,RNA,K562,2.5596767045478,0.27079481534852606,2.89940127532911,2.21995213376649,0.26701862460893483,0.7656588112366419,Schofield2018_NatMethods_TimeLapseSeq_SuppTable2
SOGA1,RNA,K562,0.506642320092723,1.3681193873284985,0.501328569222912,0.511956070962535,0.020977109540579665,0.9792413795979759,Schofield2018_NatMethods_TimeLapseSeq_SuppTable2
SON,RNA,K562,0.996116326607872,0.6958496332655809,1.05073826914559,0.9414943840701528,0.10977992635070667,0.8960313064791395,Schofield2018_NatMethods_TimeLapseSeq_SuppTable2
SORBS1,RNA,K562,1.03822197176365,0.6676290806892492,0.904489407770366,1.17195453575693,0.25905758319255906,0.7717785802895362,Schofield2018_NatMethods_TimeLapseSeq_SuppTable2
SORCS1,RNA,K562,1.09272567212474,0.63432863182592,0.968330702103609,1.21712064214587,0.2286695555060083,0.7955913888670669,Schofield2018_NatMethods_TimeLapseSeq_SuppTable2
SORT1,RNA,K562,4.23756078877602,0.16357220937004055,4.17278031174595,4.30234126580609,0.030576799880574938,0.9698859420823129,Schofield2018_NatMethods_TimeLapseSeq_SuppTable2
SOS1,RNA,K562,0.9348602236570808,0.741444724055562,0.948496141543862,0.9212243057703,0.029174168912018884,0.971247288650883,Schofield2018_NatMethods_TimeLapseSeq_SuppTable2
SOX12,RNA,K562,0.8709412930074059,0.795859819858204,0.856849460647298,0.8850331253675149,0.032362829454478874,0.9681552431062809,Schofield2018_NatMethods_TimeLapseSeq_SuppTable2
SOX5,RNA,K562,0.569375375992071,1.2173817305537953,0.6676335432344989,0.471117208749643,0.34863252112822174,0.7056523949758593,Schofield2018_NatMethods_TimeLapseSeq_SuppTable2
SP1,RNA,K562,0.634874257121947,1.0917865589670699,0.677592364301233,0.5921561499426619,0.13477550763485338,0.8739120762574157,Schofield2018_NatMethods_TimeLapseSeq_SuppTable2
SP2,RNA,K562,0.612114554145129,1.1323814731508637,0.603203192612729,0.6210259156775289,0.029118703759924373,0.9713011605234614,Schofield2018_NatMethods_TimeLapseSeq_SuppTable2
SP3,RNA,K562,0.4914065441094099,1.4105371384830776,0.509782935138224,0.4730301530805959,0.07482588269670869,0.9279050365864779,Schofield2018_NatMethods_TimeLapseSeq_SuppTable2
SPAG9,RNA,K562,2.70624614632293,0.25612865315364913,3.02454806463704,2.38794422800883,0.23632884004906754,0.7895210051143275,Schofield2018_NatMethods_TimeLapseSeq_SuppTable2
SPAST,RNA,K562,3.08105339516814,0.2249708432989097,2.1157009153654,4.04640587497087,0.648442889172454,0.5228592930956613,Schofield2018_NatMethods_TimeLapseSeq_SuppTable2
SPATA5,RNA,K562,1.61310364869359,0.4296978567504369,1.72024616487494,1.50596113251223,0.13303607907829101,0.8754335067049615,Schofield2018_NatMethods_TimeLapseSeq_SuppTable2
SPATA5L1,RNA,K562,0.7351136698756229,0.942911564516576,0.7324409971375209,0.737786342613725,0.0072714863672712895,0.9927548869266577,Schofield2018_NatMethods_TimeLapseSeq_SuppTable2
SPATS2,RNA,K562,1.24720695732316,0.5557595525666604,1.26941574525392,1.22499816939241,0.03561740188902365,0.9650094336488435,Schofield2018_NatMethods_TimeLapseSeq_SuppTable2
SPC24,RNA,K562,3.2066554369641,0.21615892140135334,3.19829811949367,3.2150127544345306,0.0052124941747780885,0.9948010672997157,Schofield2018_NatMethods_TimeLapseSeq_SuppTable2
SPC25,RNA,K562,3.48920575081401,0.19865471687883077,3.77050269752728,3.20790880410074,0.16158907213910217,0.8507907463385471,Schofield2018_NatMethods_TimeLapseSeq_SuppTable2
SPCS2,RNA,K562,4.44195488026937,0.15604552482935424,3.51917500911974,5.36473475141899,0.4216203445734612,0.6559830396440209,Schofield2018_NatMethods_TimeLapseSeq_SuppTable2
SPCS3,RNA,K562,7.35198442103072,0.09428028418792116,8.23889457102677,6.46507427103467,0.2424516805900733,0.784701662984014,Schofield2018_NatMethods_TimeLapseSeq_SuppTable2
SPDL1,RNA,K562,1.58973009846891,0.4360156363822541,2.00590695862392,1.1735532383139,0.5360602045220025,0.5850486899546795,Schofield2018_NatMethods_TimeLapseSeq_SuppTable2
SPEN,RNA,K562,0.50985394542491,1.3595014548377762,0.499734380572878,0.519973510276943,0.039701150092194055,0.9610766138965704,Schofield2018_NatMethods_TimeLapseSeq_SuppTable2
SPG11,RNA,K562,2.46138893509305,0.28160814842280973,2.43365025275158,2.48912761743453,0.022540002781749783,0.9777121252062887,Schofield2018_NatMethods_TimeLapseSeq_SuppTable2
SPG20,RNA,K562,2.23970876292928,0.3094809432514739,2.17973941862897,2.29967810722958,0.053563822844886824,0.947845444880501,Schofield2018_NatMethods_TimeLapseSeq_SuppTable2
SPG7,RNA,K562,1.37497185516324,0.5041173591714379,1.55857443070013,1.19136927962636,0.2686682762178185,0.7643967821871573,Schofield2018_NatMethods_TimeLapseSeq_SuppTable2
SPHK1,RNA,K562,1.5758729101274,0.43984967068436276,1.93016949234078,1.22157632791401,0.4574657221274999,0.6328855226245257,Schofield2018_NatMethods_TimeLapseSeq_SuppTable2
SPIDR,RNA,K562,2.67157872166889,0.25945227626567857,2.90138338667756,2.44177405666021,0.1724628056209098,0.8415895906319161,Schofield2018_NatMethods_TimeLapseSeq_SuppTable2
SPIN1,RNA,K562,1.06301187189795,0.6520596795615919,1.10181466597894,1.02420907781695,0.07303783356296967,0.9295656605795503,Schofield2018_NatMethods_TimeLapseSeq_SuppTable2
SPOP,RNA,K562,1.40891033322622,0.49197394909634107,1.28386762242521,1.53395304402723,0.17797099017167847,0.8369667033969648,Schofield2018_NatMethods_TimeLapseSeq_SuppTable2
SPOUT1,RNA,K562,1.53526325313035,0.4514842514120243,1.88626033261452,1.18426617364619,0.46547288892660604,0.6278381372759372,Schofield2018_NatMethods_TimeLapseSeq_SuppTable2
SPPL3,RNA,K562,0.8373563529571308,0.827780404498145,0.973747222250336,0.7009654836639259,0.32869309743784986,0.7198639109275097,Schofield2018_NatMethods_TimeLapseSeq_SuppTable2
SPRED1,RNA,K562,0.591154690355287,1.1725309667142458,0.5496376733553578,0.632671707355217,0.14069237241773397,0.8687565240636891,Schofield2018_NatMethods_TimeLapseSeq_SuppTable2
SPRED2,RNA,K562,0.474655265346887,1.4603170577985272,0.5030034273167389,0.446307103377036,0.11958969617052259,0.8872844182351833,Schofield2018_NatMethods_TimeLapseSeq_SuppTable2
SPRTN,RNA,K562,0.4520498410774019,1.5333423830167028,0.5109382890412009,0.3931613931136029,0.2620286207574187,0.7694890000344039,Schofield2018_NatMethods_TimeLapseSeq_SuppTable2
SPRY4,RNA,K562,0.3615002756860389,1.9174181243555677,0.398758475088489,0.3242420762835879,0.2068655221747327,0.8131289904537702,Schofield2018_NatMethods_TimeLapseSeq_SuppTable2
SPTA1,RNA,K562,1.83288596189487,0.3781725622707904,1.94958336013876,1.71618856365097,0.1275098076732087,0.8802847822464086,Schofield2018_NatMethods_TimeLapseSeq_SuppTable2
SPTB,RNA,K562,3.23261554875134,0.21442301755545498,3.42262257215557,3.04260852534712,0.11769187613416521,0.8889699232687767,Schofield2018_NatMethods_TimeLapseSeq_SuppTable2
SPTBN1,RNA,K562,3.37455234528574,0.20540418687778664,3.62406797303156,3.1250367175399294,0.14815111162800554,0.8623008014184163,Schofield2018_NatMethods_TimeLapseSeq_SuppTable2
SPTBN2,RNA,K562,2.68478605334908,0.2581759465322361,2.77409569904273,2.59547640765543,0.06655473333805817,0.9356117053031238,Schofield2018_NatMethods_TimeLapseSeq_SuppTable2
SPTLC1,RNA,K562,3.63086713490616,0.19090403333578873,4.3210336701929,2.94070059961942,0.38484679698968893,0.6805548912763137,Schofield2018_NatMethods_TimeLapseSeq_SuppTable2
SPTLC2,RNA,K562,1.39319124378916,0.497524789686981,1.5482447437797,1.23813774379861,0.22351343464900725,0.7997041480508879,Schofield2018_NatMethods_TimeLapseSeq_SuppTable2
SPTY2D1,RNA,K562,0.3806097314759709,1.8211493906684462,0.360766464109612,0.4004529988423289,0.10436556825265125,0.9008958982765847,Schofield2018_NatMethods_TimeLapseSeq_SuppTable2
SQLE,RNA,K562,2.71866809260546,0.2549583681970025,2.66153078009517,2.77580540511575,0.0420395026592359,0.9588319034144202,Schofield2018_NatMethods_TimeLapseSeq_SuppTable2
SQSTM1,RNA,K562,1.21801248409308,0.5690805222542984,1.24667899400312,1.18934597418305,0.04707965643692991,0.9540114014145918,Schofield2018_NatMethods_TimeLapseSeq_SuppTable2
SRA1,RNA,K562,2.40310510526225,0.28843814573158355,2.19753575439049,2.60867445613402,0.17150560018161945,0.8423955504387367,Schofield2018_NatMethods_TimeLapseSeq_SuppTable2
SRBD1,RNA,K562,1.18718481104888,0.5838578577732547,1.13308424243604,1.24128537966173,0.09120410651152684,0.9128313770559542,Schofield2018_NatMethods_TimeLapseSeq_SuppTable2
SREBF1,RNA,K562,0.958914497834908,0.7228456573813126,1.01711913514808,0.9007098605217359,0.1215463465426467,0.8855500102164567,Schofield2018_NatMethods_TimeLapseSeq_SuppTable2
SREBF2,RNA,K562,2.6104174009171106,0.26553116766553264,2.63675201305939,2.58408278877484,0.020177237229991027,0.980024961003656,Schofield2018_NatMethods_TimeLapseSeq_SuppTable2
SREK1,RNA,K562,1.35920162692269,0.5099664147174912,1.44958304312787,1.26882021071751,0.13318845784325586,0.8753001193913561,Schofield2018_NatMethods_TimeLapseSeq_SuppTable2
SREK1IP1,RNA,K562,1.76897616859639,0.39183522811951116,1.64529128961078,1.892661047582,0.14006635621396787,0.8693005499916368,Schofield2018_NatMethods_TimeLapseSeq_SuppTable2
SRF,RNA,K562,0.642133535957603,1.0794439812682677,0.625330571515399,0.658936500399808,0.0523467480130444,0.9489997460088814,Schofield2018_NatMethods_TimeLapseSeq_SuppTable2
SRFBP1,RNA,K562,0.5822688493783829,1.190424631679908,0.557898373222471,0.606639325534296,0.08375760363378248,0.9196541499038222,Schofield2018_NatMethods_TimeLapseSeq_SuppTable2
SRGAP2,RNA,K562,0.8852428179992359,0.7830023203425115,0.914953716576772,0.8555319194217,0.067150077545982,0.9350548600672459,Schofield2018_NatMethods_TimeLapseSeq_SuppTable2
SRM,RNA,K562,7.356728647397811,0.0942194844722351,7.85397950782487,6.85947778697076,0.13538903252183918,0.8733760738918029,Schofield2018_NatMethods_TimeLapseSeq_SuppTable2
SRP14,RNA,K562,12.0220248667771,0.05765644209200228,14.1580639877181,9.88598574583619,0.35916618185656657,0.6982583038480493,Schofield2018_NatMethods_TimeLapseSeq_SuppTable2
SRP68,RNA,K562,1.91682400757015,0.3616123221654601,1.98889206234696,1.84475595279335,0.07523073726802074,0.9275294460255804,Schofield2018_NatMethods_TimeLapseSeq_SuppTable2
SRP72,RNA,K562,6.46191647573712,0.10726650261768927,8.0518568643333,4.87197608714095,0.5024031090346317,0.6050748503394257,Schofield2018_NatMethods_TimeLapseSeq_SuppTable2
SRP9,RNA,K562,8.16834700738928,0.0848577049839959,8.12827662498432,8.20841738979423,0.009811214875967464,0.9902367580735415,Schofield2018_NatMethods_TimeLapseSeq_SuppTable2
SRPK1,RNA,K562,4.86059280100772,0.14260548228114045,4.63624712330089,5.08493847871456,0.09237770150437796,0.9117607111095087,Schofield2018_NatMethods_TimeLapseSeq_SuppTable2
SRPK2,RNA,K562,0.7729503382402129,0.8967551293632181,0.6912666003717008,0.8546340761087239,0.21214782861483958,0.8088451182746428,Schofield2018_NatMethods_TimeLapseSeq_SuppTable2
SRPRA,RNA,K562,2.37963279988141,0.29128325201875205,2.77125053772627,1.98801506203656,0.33216199130298674,0.7173711055614871,Schofield2018_NatMethods_TimeLapseSeq_SuppTable2
SRPRB,RNA,K562,3.44499388133259,0.20120418335600138,3.6797412076346494,3.21024655503053,0.13649468308263207,0.8724109587842694,Schofield2018_NatMethods_TimeLapseSeq_SuppTable2
SRRD,RNA,K562,1.12023105530936,0.6187537626945431,1.01451827246948,1.22594383814924,0.18929713602400414,0.8275405780423505,Schofield2018_NatMethods_TimeLapseSeq_SuppTable2
SRRM1,RNA,K562,2.14334842134278,0.3233945417636287,2.19403527858892,2.09266156409665,0.04730570986068778,0.9537957682442245,Schofield2018_NatMethods_TimeLapseSeq_SuppTable2
SRRM2,RNA,K562,2.07849058693209,0.3334858405988982,2.08994856701289,2.06703260685128,0.01102540104962689,0.9890351559252183,Schofield2018_NatMethods_TimeLapseSeq_SuppTable2
SRRT,RNA,K562,3.49626646649542,0.198253533362616,3.9756164866129895,3.01691644637785,0.27594456153249314,0.7588549993533455,Schofield2018_NatMethods_TimeLapseSeq_SuppTable2
SRSF1,RNA,K562,5.76833925391765,0.12016408017076743,6.01161535927371,5.52506314856159,0.08439881407153385,0.9190646470816617,Schofield2018_NatMethods_TimeLapseSeq_SuppTable2
SRSF10,RNA,K562,2.17893429640704,0.31811293332842216,2.41443579018003,1.94343280263405,0.21700973728152564,0.8049221315134414,Schofield2018_NatMethods_TimeLapseSeq_SuppTable2
SRSF11,RNA,K562,1.82011639091486,0.3808257450016935,1.80544067528874,1.83479210654097,0.01612647822880477,0.9840028572460099,Schofield2018_NatMethods_TimeLapseSeq_SuppTable2
SRSF2,RNA,K562,2.35259359274859,0.29463107554846535,2.45798266146187,2.24720452403532,0.08965394720430216,0.9142475084420688,Schofield2018_NatMethods_TimeLapseSeq_SuppTable2
SRSF3,RNA,K562,3.27218321601809,0.21183018639262932,3.39144140276397,3.15292502927222,0.0729244208848518,0.9296710910890681,Schofield2018_NatMethods_TimeLapseSeq_SuppTable2
SRSF4,RNA,K562,1.0535439470704,0.6579195699309806,1.07315614909235,1.03393174504846,0.0372352154598552,0.9634494904799593,Schofield2018_NatMethods_TimeLapseSeq_SuppTable2
SRSF5,RNA,K562,2.39444866946496,0.28948091032364004,2.4598582300327494,2.32903910889718,0.054647935313050074,0.9468184306158864,Schofield2018_NatMethods_TimeLapseSeq_SuppTable2
SRSF6,RNA,K562,1.12307863168133,0.6171849067435766,1.13835085736924,1.10780640599343,0.02719874947754318,0.9731678057093934,Schofield2018_NatMethods_TimeLapseSeq_SuppTable2
SRSF7,RNA,K562,2.9586792416931,0.23427587918022935,3.04192393052786,2.87543455285835,0.056286375475560334,0.9452683954392578,Schofield2018_NatMethods_TimeLapseSeq_SuppTable2
SRSF8,RNA,K562,1.40211378151223,0.49435872444842616,1.49646467980029,1.30776288322417,0.1347874914985072,0.8739016034770007,Schofield2018_NatMethods_TimeLapseSeq_SuppTable2
SRSF9,RNA,K562,5.96586787476012,0.11618547294559652,6.66281264722571,5.26892310229454,0.23471571804746097,0.7907956266019931,Schofield2018_NatMethods_TimeLapseSeq_SuppTable2
SS18,RNA,K562,1.27949969075108,0.5417329801409021,1.31452650030954,1.24447288119261,0.05476447331453399,0.9467080967173852,Schofield2018_NatMethods_TimeLapseSeq_SuppTable2
SS18L1,RNA,K562,0.5319545522126728,1.3030195487129292,0.504954060451105,0.558955043974242,0.10160159195887072,0.9033893975816318,Schofield2018_NatMethods_TimeLapseSeq_SuppTable2
SSB,RNA,K562,12.004825388915,0.057739047266775125,12.7936314790481,11.2160192987818,0.13160445547355623,0.8766876955264871,Schofield2018_NatMethods_TimeLapseSeq_SuppTable2
SSBP1,RNA,K562,6.26993973039095,0.11055085221955162,6.46960055499373,6.07027890578817,0.06370981633322911,0.9382772327578505,Schofield2018_NatMethods_TimeLapseSeq_SuppTable2
SSBP2,RNA,K562,1.16836485750312,0.5932626063755896,1.28242708083522,1.05430263417101,0.19587490129782398,0.8221150737743023,Schofield2018_NatMethods_TimeLapseSeq_SuppTable2
SSBP3,RNA,K562,1.98694717283676,0.3488503318235384,2.07591610935746,1.89797823631607,0.08961332125504809,0.9142846513694307,Schofield2018_NatMethods_TimeLapseSeq_SuppTable2
SSBP4,RNA,K562,3.45409987471934,0.2006737516865422,3.48789019581496,3.42030955362371,0.019565965259620226,0.9806242059247339,Schofield2018_NatMethods_TimeLapseSeq_SuppTable2
SSFA2,RNA,K562,0.833469028293597,0.8316411972488771,0.825225653881402,0.841712402705791,0.01978152262226942,0.9804128479378583,Schofield2018_NatMethods_TimeLapseSeq_SuppTable2
SSH2,RNA,K562,0.503487515626141,1.3766918921473992,0.618687948120402,0.3882870831318799,0.4658560519803153,0.6275976189798285,Schofield2018_NatMethods_TimeLapseSeq_SuppTable2
SSR1,RNA,K562,3.38396946301257,0.2048325755111492,3.9649516648356906,2.80298726118944,0.3468079370884741,0.706941092384186,Schofield2018_NatMethods_TimeLapseSeq_SuppTable2
SSR2,RNA,K562,3.85749511629038,0.17968841428541354,3.8383441685538706,3.87664606402689,0.00992929582610812,0.9901198368795027,Schofield2018_NatMethods_TimeLapseSeq_SuppTable2
SSR3,RNA,K562,5.49805917369823,0.1260712478097439,5.72058733158135,5.27553101581511,0.08099213966599879,0.9222009402235255,Schofield2018_NatMethods_TimeLapseSeq_SuppTable2
SSRP1,RNA,K562,8.27010798325706,0.08381355865766575,8.83704051580181,7.703175450712301,0.13731939727267972,0.8716917656921447,Schofield2018_NatMethods_TimeLapseSeq_SuppTable2
SSSCA1,RNA,K562,2.62836466283014,0.2637180412453066,2.55126446676644,2.70546485889385,0.058684643662451935,0.9430041045920456,Schofield2018_NatMethods_TimeLapseSeq_SuppTable2
SSU72,RNA,K562,2.47660107284305,0.27987841407346115,2.65973688441641,2.29346526126969,0.14816331392922602,0.862290279428491,Schofield2018_NatMethods_TimeLapseSeq_SuppTable2
SSX2IP,RNA,K562,0.955649321344317,0.7253154112900865,0.941086776435857,0.970211866252776,0.03047911387734302,0.9699806909913316,Schofield2018_NatMethods_TimeLapseSeq_SuppTable2
ST13,RNA,K562,8.02301708333016,0.08639482795071361,8.8171018063712,7.22893236028912,0.19860186538123947,0.8198762494797921,Schofield2018_NatMethods_TimeLapseSeq_SuppTable2
ST3GAL2,RNA,K562,1.33316918751931,0.5199243929794961,1.42811885475023,1.23821952028838,0.14268361504011182,0.8670283402321844,Schofield2018_NatMethods_TimeLapseSeq_SuppTable2
ST3GAL3,RNA,K562,1.06536884161471,0.6506170947419369,1.2266944153176,0.904043267911815,0.30520114144073696,0.7369751232443262,Schofield2018_NatMethods_TimeLapseSeq_SuppTable2
ST6GAL1,RNA,K562,1.26042083324545,0.5499331352490936,1.26506981625264,1.25577185023825,0.0073769077235349406,0.992650234876418,Schofield2018_NatMethods_TimeLapseSeq_SuppTable2
STAG1,RNA,K562,2.16646275233432,0.31994419466159446,2.5104535588084,1.82247194586025,0.3202696459755324,0.7259532603046024,Schofield2018_NatMethods_TimeLapseSeq_SuppTable2
STAG2,RNA,K562,2.74901165356012,0.25214414048128236,2.79137043996027,2.70665286715997,0.03081990520126824,0.9696501863072299,Schofield2018_NatMethods_TimeLapseSeq_SuppTable2
STAM,RNA,K562,1.47042626659613,0.47139200128987246,1.33356215780901,1.60729037538325,0.1866960884263142,0.829695852245136,Schofield2018_NatMethods_TimeLapseSeq_SuppTable2
STAR,RNA,K562,5.02900716836652,0.13782982552102577,5.19986911669758,4.85814522003546,0.06797673230420538,0.9342822119186053,Schofield2018_NatMethods_TimeLapseSeq_SuppTable2
STARD4,RNA,K562,0.589001082287259,1.1768181781063243,0.462730248119253,0.715271916455264,0.43551850628616895,0.6469291432724579,Schofield2018_NatMethods_TimeLapseSeq_SuppTable2
STARD7,RNA,K562,4.41858725992513,0.15687076881937378,4.82323520292874,4.01393931692153,0.18367177443026986,0.8322089112478293,Schofield2018_NatMethods_TimeLapseSeq_SuppTable2
STARD8,RNA,K562,0.3700959333446119,1.872885157899119,0.415106424122402,0.3250854425668219,0.24444688303993967,0.7831375851484397,Schofield2018_NatMethods_TimeLapseSeq_SuppTable2
STAT1,RNA,K562,3.75384427648738,0.18464995602016565,3.01227778889034,4.49541076408443,0.40036051311996795,0.6700784304198826,Schofield2018_NatMethods_TimeLapseSeq_SuppTable2
STAT2,RNA,K562,2.37457911142596,0.29190317442980585,2.7256655917221506,2.0234926311297694,0.29788760845171,0.7423847728331454,Schofield2018_NatMethods_TimeLapseSeq_SuppTable2
STAT3,RNA,K562,1.72354451294568,0.4021637824574078,1.76712545840252,1.67996356748885,0.050582084449370984,0.9506758897625388,Schofield2018_NatMethods_TimeLapseSeq_SuppTable2
STAT5A,RNA,K562,2.9258231198478506,0.23690672749759067,2.94200602057849,2.90964021911722,0.011062231103196644,0.9889987303782247,Schofield2018_NatMethods_TimeLapseSeq_SuppTable2
STAT5B,RNA,K562,4.41218105895471,0.15709853500983906,4.14114874163148,4.68321337627794,0.12301127000496706,0.8842536969611079,Schofield2018_NatMethods_TimeLapseSeq_SuppTable2
STAU1,RNA,K562,2.70903218631656,0.25586524370624386,2.9153861740804,2.50267819855271,0.1526408513867679,0.8584379732616827,Schofield2018_NatMethods_TimeLapseSeq_SuppTable2
STEAP1B,RNA,K562,3.56480813149958,0.19444165155344967,3.34051090503244,3.78910535796673,0.1260061770532939,0.8816094010183422,Schofield2018_NatMethods_TimeLapseSeq_SuppTable2
STEAP3,RNA,K562,2.00978348515813,0.3448864943307106,2.28554078011185,1.73402619020442,0.2761566794337863,0.7586940496942524,Schofield2018_NatMethods_TimeLapseSeq_SuppTable2
STIL,RNA,K562,0.619431619300919,1.1190051637051086,0.633624977650727,0.6052382609511119,0.04583506126233094,0.9551994985979503,Schofield2018_NatMethods_TimeLapseSeq_SuppTable2
STIM1,RNA,K562,2.31718975517895,0.29913267957911177,2.23929912935673,2.39508038100116,0.06725386407730544,0.9349578190025872,Schofield2018_NatMethods_TimeLapseSeq_SuppTable2
STIM2,RNA,K562,0.761864562083294,0.9098036777882892,0.9190967045780108,0.604632419588576,0.4187706424128128,0.6578550620156818,Schofield2018_NatMethods_TimeLapseSeq_SuppTable2
STIP1,RNA,K562,3.7457921264341105,0.18504688919291473,3.6647904926547294,3.82679376021348,0.043256144917142636,0.9576660573550969,Schofield2018_NatMethods_TimeLapseSeq_SuppTable2
STK11,RNA,K562,1.62025915345484,0.42780019423557275,1.85710242619947,1.38341588071021,0.294461721064557,0.7449324610174293,Schofield2018_NatMethods_TimeLapseSeq_SuppTable2
STK17A,RNA,K562,0.6390802342382969,1.084601186869892,0.512947465289245,0.7652130031873489,0.39998079752631954,0.6703329179622668,Schofield2018_NatMethods_TimeLapseSeq_SuppTable2
STK17B,RNA,K562,0.322431909666618,2.1497474653691455,0.360469969597758,0.2843938497354779,0.23704857887595557,0.788952960638657,Schofield2018_NatMethods_TimeLapseSeq_SuppTable2
STK24,RNA,K562,2.63273123110757,0.2632806464898217,3.2106887700715,2.05477369214365,0.44631976783438215,0.6399790946096252,Schofield2018_NatMethods_TimeLapseSeq_SuppTable2
STK25,RNA,K562,2.96650754311199,0.2336576497738499,3.0657197199941306,2.86729536622985,0.06691315639723325,0.9352764205839857,Schofield2018_NatMethods_TimeLapseSeq_SuppTable2
STK26,RNA,K562,1.7877283316358,0.38772511924432307,1.93354627863752,1.64191038463407,0.163495334359385,0.849170460916533,Schofield2018_NatMethods_TimeLapseSeq_SuppTable2
STK3,RNA,K562,0.914023020600348,0.7583476180990198,0.877717091201604,0.950328949999092,0.07948386569319313,0.9235929213799523,Schofield2018_NatMethods_TimeLapseSeq_SuppTable2
STK35,RNA,K562,0.4432963711377619,1.5636202452569548,0.4355935598174069,0.4509991824581169,0.03475592044494488,0.9658411295631546,Schofield2018_NatMethods_TimeLapseSeq_SuppTable2
STK38,RNA,K562,0.901167806045683,0.7691654938290233,0.9703424528036448,0.831993159287722,0.1538248345420253,0.8574221986102067,Schofield2018_NatMethods_TimeLapseSeq_SuppTable2
STK4,RNA,K562,0.932768430739332,0.7431074613133531,0.919571298944809,0.945965562533855,0.028298583114969567,0.9720980713945373,Schofield2018_NatMethods_TimeLapseSeq_SuppTable2
STK40,RNA,K562,2.07822343445796,0.3335287096984984,2.36812586549244,1.78832100342348,0.28082167551308623,0.7551629875262595,Schofield2018_NatMethods_TimeLapseSeq_SuppTable2
STMN1,RNA,K562,8.22311725756325,0.08429250840639783,8.98111726438322,7.46511725074328,0.18488315394581992,0.8312014007820605,Schofield2018_NatMethods_TimeLapseSeq_SuppTable2
STMN3,RNA,K562,4.11402677474615,0.16848387687090707,4.37393968367238,3.8541138658199094,0.1265230180209519,0.8811538668919132,Schofield2018_NatMethods_TimeLapseSeq_SuppTable2
STON2,RNA,K562,0.791072525107379,0.8762119256585968,0.824492323314302,0.757652726900455,0.08454269450829908,0.918932421171413,Schofield2018_NatMethods_TimeLapseSeq_SuppTable2
STRAP,RNA,K562,6.23048987478673,0.11125083171468468,6.76229658409406,5.6986831654794,0.17112743918376072,0.8427141718219754,Schofield2018_NatMethods_TimeLapseSeq_SuppTable2
STRBP,RNA,K562,4.87945138199027,0.14205432666432652,5.41631858593969,4.34258417804085,0.22094675334462877,0.8017593701585123,Schofield2018_NatMethods_TimeLapseSeq_SuppTable2
STRIP1,RNA,K562,0.759580885270784,0.9125389988096453,0.798916574347852,0.7202451961937169,0.1036648234289196,0.901527417655149,Schofield2018_NatMethods_TimeLapseSeq_SuppTable2
STRIP2,RNA,K562,0.949239519687155,0.7302131508266626,0.9831883146598928,0.915290724714418,0.07155892643520459,0.9309414189193633,Schofield2018_NatMethods_TimeLapseSeq_SuppTable2
STRN,RNA,K562,1.86435033299099,0.3717901985985244,2.0368710714519,1.69182959453007,0.18560429823491753,0.8306022007196159,Schofield2018_NatMethods_TimeLapseSeq_SuppTable2
STRN3,RNA,K562,0.4284952140825519,1.6176310908023508,0.392416999076219,0.4645734290888839,0.16879458022163915,0.8446824000370033,Schofield2018_NatMethods_TimeLapseSeq_SuppTable2
STRN4,RNA,K562,1.03775213950976,0.6679313433045698,1.05685021462697,1.01865406439254,0.03681077761322275,0.9638585017008185,Schofield2018_NatMethods_TimeLapseSeq_SuppTable2
STT3A,RNA,K562,5.50169864232614,0.1259878495029455,5.9059186534387,5.09747863121358,0.14720897823645102,0.8631135866129127,Schofield2018_NatMethods_TimeLapseSeq_SuppTable2
STT3B,RNA,K562,5.30513045325542,0.13065601056701728,5.35721614045155,5.25304476605929,0.01963659944420851,0.9805549427797625,Schofield2018_NatMethods_TimeLapseSeq_SuppTable2
STUB1,RNA,K562,6.34337187974178,0.10927109330821091,6.59562504413753,6.09111871534603,0.07957479518244455,0.9235089433654319,Schofield2018_NatMethods_TimeLapseSeq_SuppTable2
STX18,RNA,K562,1.21521252918357,0.5703917330622242,1.24485631197204,1.1855687463951,0.04879749697609029,0.9523739687811683,Schofield2018_NatMethods_TimeLapseSeq_SuppTable2
STX2,RNA,K562,1.0996211055423,0.6303509245742478,1.18725243233921,1.0119897787454,0.15972328640163955,0.8523796213678881,Schofield2018_NatMethods_TimeLapseSeq_SuppTable2
STX3,RNA,K562,2.54920003268836,0.2719077246476258,2.81891520687806,2.27948485849867,0.212402654347005,0.8086390299845849,Schofield2018_NatMethods_TimeLapseSeq_SuppTable2
STXBP5,RNA,K562,1.17407478844817,0.5903773655476502,1.19264762160062,1.15550195529572,0.031640884922377085,0.9688544498541423,Schofield2018_NatMethods_TimeLapseSeq_SuppTable2
SUB1,RNA,K562,7.633203601352819,0.09080685080076994,8.81092681527353,6.45548038743211,0.31106319227602297,0.7326675754747718,Schofield2018_NatMethods_TimeLapseSeq_SuppTable2
SUCLG1,RNA,K562,4.50318977222351,0.1539235998525762,4.36092033134944,4.64545921309758,0.06320710892967811,0.9387490302474508,Schofield2018_NatMethods_TimeLapseSeq_SuppTable2
SUCO,RNA,K562,0.608345959129008,1.1393963749711602,0.633311310343316,0.5833806079147,0.08212228563449069,0.9211593072583076,Schofield2018_NatMethods_TimeLapseSeq_SuppTable2
SUDS3,RNA,K562,2.78944826379969,0.248488989580959,3.16033241695663,2.41856411064275,0.26750319594408817,0.7652878848016261,Schofield2018_NatMethods_TimeLapseSeq_SuppTable2
SUGP1,RNA,K562,1.30067687883277,0.532912664044568,1.39337461742865,1.2079791402369,0.14277975581536623,0.8669449874622511,Schofield2018_NatMethods_TimeLapseSeq_SuppTable2
SUGP2,RNA,K562,1.35717637060323,0.5107274158124777,1.48051147664952,1.23384126455694,0.18225533807540933,0.8333885174258775,Schofield2018_NatMethods_TimeLapseSeq_SuppTable2
SUMO2,RNA,K562,4.49831198704282,0.15409050829656185,4.61514347595457,4.38148049813107,0.05195627597246613,0.9493703762318744,Schofield2018_NatMethods_TimeLapseSeq_SuppTable2
SUMO3,RNA,K562,4.57879717745407,0.15138193584397924,5.16147532603459,3.99611902887355,0.2558988071774106,0.7742203103668911,Schofield2018_NatMethods_TimeLapseSeq_SuppTable2
SUN1,RNA,K562,1.81703405578864,0.381471760725531,1.74491193736955,1.88915617420772,0.07942617201142116,0.9236462083931924,Schofield2018_NatMethods_TimeLapseSeq_SuppTable2
SUPT16H,RNA,K562,3.52027953825679,0.19690117589445336,3.40026063054745,3.6402984459661294,0.06821358421007614,0.9340609516000896,Schofield2018_NatMethods_TimeLapseSeq_SuppTable2
SUPT5H,RNA,K562,2.90469570997059,0.2386298771952823,3.21202965468396,2.59736176525722,0.21240680431406653,0.8086356741662091,Schofield2018_NatMethods_TimeLapseSeq_SuppTable2
SUPT6H,RNA,K562,2.17961775646592,0.31801318304720977,2.21473819447558,2.14449731845627,0.032229025340703044,0.9682847949276722,Schofield2018_NatMethods_TimeLapseSeq_SuppTable2
SUPT7L,RNA,K562,1.24979959486823,0.5546066612647813,1.30554307213177,1.19405611760469,0.08926308790194427,0.9146049204297508,Schofield2018_NatMethods_TimeLapseSeq_SuppTable2
SUPV3L1,RNA,K562,2.20360007049996,0.3145521684443774,2.04615935222763,2.36104078877228,0.14313798475105627,0.8666344783020943,Schofield2018_NatMethods_TimeLapseSeq_SuppTable2
SURF4,RNA,K562,3.89590636783213,0.17791679653370257,4.0609338391396,3.73087889652465,0.08476912181114554,0.918724373336533,Schofield2018_NatMethods_TimeLapseSeq_SuppTable2
SURF6,RNA,K562,0.685329361257989,1.011407389999468,0.6828008524187619,0.6878578700972169,0.007378993094904039,0.992648164834197,Schofield2018_NatMethods_TimeLapseSeq_SuppTable2
SUSD1,RNA,K562,1.42985302097775,0.4847681337806058,1.31189178168537,1.54781426027013,0.16537357741449804,0.847577009308865,Schofield2018_NatMethods_TimeLapseSeq_SuppTable2
SUSD6,RNA,K562,0.316638449599831,2.1890808947427187,0.309321786147469,0.3239551130521939,0.046222852075728786,0.954829152820418,Schofield2018_NatMethods_TimeLapseSeq_SuppTable2
SUV39H1,RNA,K562,0.4570233567070889,1.5166559222577998,0.4435595071235979,0.47048720629058,0.058936798023526915,0.942766351971001,Schofield2018_NatMethods_TimeLapseSeq_SuppTable2
SUV39H2,RNA,K562,0.976536387210965,0.709801692632885,1.13402303991457,0.8190497345073589,0.32538199356274655,0.722251405552625,Schofield2018_NatMethods_TimeLapseSeq_SuppTable2
SUZ12,RNA,K562,1.12194249510952,0.6178098998668222,1.15483029336633,1.08905469685272,0.05864333165995425,0.9430430627846849,Schofield2018_NatMethods_TimeLapseSeq_SuppTable2
SYAP1,RNA,K562,6.58902278870227,0.10519726563223239,6.57056391023685,6.60748166716771,0.005602933043971823,0.9944127341110452,Schofield2018_NatMethods_TimeLapseSeq_SuppTable2
SYDE2,RNA,K562,0.522451198603617,1.3267213902706252,0.486548366195425,0.558354031011809,0.13765691204818917,0.8713976064858654,Schofield2018_NatMethods_TimeLapseSeq_SuppTable2
SYF2,RNA,K562,0.839003702316485,0.8261550916237549,0.783211606695278,0.894795797937693,0.13319262282708316,0.8752964737881067,Schofield2018_NatMethods_TimeLapseSeq_SuppTable2
SYK,RNA,K562,3.39192999186597,0.20435185343510903,4.11429298715573,2.6695669965762,0.43255072010284973,0.6488519424625881,Schofield2018_NatMethods_TimeLapseSeq_SuppTable2
SYMPK,RNA,K562,2.39664119518268,0.28921608372300023,2.4717129711272894,2.32156941923808,0.06266799006793543,0.9392552640039218,Schofield2018_NatMethods_TimeLapseSeq_SuppTable2
SYNCRIP,RNA,K562,2.3761317865381306,0.2917124313082885,2.2566448664345,2.49561870664175,0.1006575392351424,0.9042426474960884,Schofield2018_NatMethods_TimeLapseSeq_SuppTable2
SYNGR2,RNA,K562,5.6498687970871,0.12268376584555571,5.3999951443042,5.89974244987,0.08851064302756745,0.9152933691915973,Schofield2018_NatMethods_TimeLapseSeq_SuppTable2
SYNJ1,RNA,K562,0.480295376615738,1.4431685464973778,0.551035296761833,0.4095554564696439,0.2967265476017528,0.7432472273126649,Schofield2018_NatMethods_TimeLapseSeq_SuppTable2
SYNJ2,RNA,K562,1.24765116956402,0.5555616805955138,1.23122069025318,1.26408164887485,0.026339780916987552,0.9740040853761943,Schofield2018_NatMethods_TimeLapseSeq_SuppTable2
SYNRG,RNA,K562,0.965671006905806,0.7177881241158115,1.00485340386599,0.9264886099456228,0.08119519104039546,0.9220137050649647,Schofield2018_NatMethods_TimeLapseSeq_SuppTable2
SYT10,RNA,K562,0.368913044544446,1.8788904074017803,0.3411652023513829,0.3966608867375079,0.150714901739226,0.8600928746905931,Schofield2018_NatMethods_TimeLapseSeq_SuppTable2
SYVN1,RNA,K562,1.24631156233545,0.5561588301893502,1.14510889160326,1.34751423306764,0.16276185199740112,0.8497935409531069,Schofield2018_NatMethods_TimeLapseSeq_SuppTable2
SZRD1,RNA,K562,2.07554637515455,0.3339588981760679,2.27982772798202,1.87126502232708,0.19748519752590402,0.8207922902944172,Schofield2018_NatMethods_TimeLapseSeq_SuppTable2
SZT2,RNA,K562,0.8371522716713449,0.8279822011067371,0.9319864756095128,0.7423180677331769,0.22754048940076863,0.796490171434844,Schofield2018_NatMethods_TimeLapseSeq_SuppTable2
TAB2,RNA,K562,0.4797910320593259,1.4446855698508305,0.4763769903819459,0.483205073736707,0.014231609480061577,0.9858691811698946,Schofield2018_NatMethods_TimeLapseSeq_SuppTable2
TAB3,RNA,K562,2.69211893530677,0.25747271841129127,3.20663839945934,2.1775994711542,0.3870000507753791,0.6790910604455299,Schofield2018_NatMethods_TimeLapseSeq_SuppTable2
TACC1,RNA,K562,1.35715162823805,0.5107367269343647,1.39013862950866,1.32416462696744,0.04862168523400461,0.9525414220274289,Schofield2018_NatMethods_TimeLapseSeq_SuppTable2
TACC3,RNA,K562,1.91482644723268,0.3619895586681948,2.02859207691463,1.80106081755073,0.11896615986940766,0.8878378448022131,Schofield2018_NatMethods_TimeLapseSeq_SuppTable2
TACO1,RNA,K562,1.38870456286476,0.4991322122036175,1.57821180770826,1.19919731802127,0.27464000750291273,0.7598456127144547,Schofield2018_NatMethods_TimeLapseSeq_SuppTable2
TADA1,RNA,K562,0.310398071620669,2.2330911301763043,0.308924971652553,0.311871171588784,0.009491753734947175,0.9905531507730515,Schofield2018_NatMethods_TimeLapseSeq_SuppTable2
TADA2B,RNA,K562,0.4792074869156129,1.446444806239028,0.507132448612367,0.4512825252188579,0.11667862424366889,0.8898711302218434,Schofield2018_NatMethods_TimeLapseSeq_SuppTable2
TADA3,RNA,K562,3.76849595729232,0.18393204833314308,4.19315444997308,3.3438374646115694,0.22633421374441492,0.7974515378590542,Schofield2018_NatMethods_TimeLapseSeq_SuppTable2
TAF1,RNA,K562,1.11590230476668,0.6211540003090799,1.21099463697743,1.02080997255594,0.17084563305702483,0.8429516873037691,Schofield2018_NatMethods_TimeLapseSeq_SuppTable2
TAF12,RNA,K562,2.4406576789172,0.2840001637867792,2.00292756065284,2.87838779718156,0.36262045415590727,0.6958504905468446,Schofield2018_NatMethods_TimeLapseSeq_SuppTable2
TAF13,RNA,K562,2.5722515780148494,0.26947099050664625,2.79127497008989,2.35322818593981,0.17071038833392568,0.8430656997809237,Schofield2018_NatMethods_TimeLapseSeq_SuppTable2
TAF15,RNA,K562,4.52301210391246,0.1532490218101262,4.35533537259337,4.69068883523155,0.0741778288853919,0.9285065638719507,Schofield2018_NatMethods_TimeLapseSeq_SuppTable2
TAF1A,RNA,K562,0.5705974590848099,1.2147743904638042,0.613725888722602,0.527469029447019,0.15145824148219592,0.8594537710391906,Schofield2018_NatMethods_TimeLapseSeq_SuppTable2
TAF1C,RNA,K562,1.09288036650848,0.6342388442519128,1.16495941960015,1.02080131341681,0.13209833318777853,0.87625482591246,Schofield2018_NatMethods_TimeLapseSeq_SuppTable2
TAF1D,RNA,K562,0.673990619877318,1.0284225924184438,0.64139089999189,0.7065903397627469,0.09681196396338664,0.9077266754131552,Schofield2018_NatMethods_TimeLapseSeq_SuppTable2
TAF2,RNA,K562,2.70460552781035,0.2562840212491607,2.8406770574812894,2.56853399813942,0.10070711687057396,0.9041978183950388,Schofield2018_NatMethods_TimeLapseSeq_SuppTable2
TAF3,RNA,K562,0.751133891325913,0.9228010991973632,0.722881463697699,0.779386318954127,0.07526158135380183,0.9275008376689843,Schofield2018_NatMethods_TimeLapseSeq_SuppTable2
TAF4,RNA,K562,0.876949457739145,0.7904072172493742,0.877845075773301,0.876053839704991,0.0020425768843040687,0.9979595077562723,Schofield2018_NatMethods_TimeLapseSeq_SuppTable2
TAF4B,RNA,K562,1.00243182313197,0.6914656583769414,1.05972110384808,0.945142542415863,0.11442528825537293,0.8918785697329635,Schofield2018_NatMethods_TimeLapseSeq_SuppTable2
TAF5,RNA,K562,0.810911292845453,0.8547755921954441,0.918747015315431,0.7030755703754749,0.2675464188743094,0.7652548075316356,Schofield2018_NatMethods_TimeLapseSeq_SuppTable2
TAF5L,RNA,K562,0.7146503650758639,0.9699109024961655,0.7066002167157859,0.7227005134359429,0.022529867102790396,0.9777220350327258,Schofield2018_NatMethods_TimeLapseSeq_SuppTable2
TAF7,RNA,K562,0.772858792204496,0.8968613510662381,0.7894467800576879,0.756270804351303,0.042932902890941184,0.957975665308356,Schofield2018_NatMethods_TimeLapseSeq_SuppTable2
TAF8,RNA,K562,1.17347705633332,0.5906780851138009,1.11176563885276,1.23518847381387,0.10527415162300541,0.9000777309878714,Schofield2018_NatMethods_TimeLapseSeq_SuppTable2
TAGLN2,RNA,K562,8.00757909891551,0.0865613904024776,8.77129711375156,7.243861084079459,0.19133033580359168,0.8258597320483648,Schofield2018_NatMethods_TimeLapseSeq_SuppTable2
TAL1,RNA,K562,0.502462376196892,1.3795006619328103,0.496545005432861,0.508379746960923,0.02355457694161822,0.9767206667873579,Schofield2018_NatMethods_TimeLapseSeq_SuppTable2
TALDO1,RNA,K562,7.63459767048292,0.09079026956977823,7.957471424681009,7.31172391628483,0.08463221335632184,0.9188501630815388,Schofield2018_NatMethods_TimeLapseSeq_SuppTable2
TAMM41,RNA,K562,1.3399562362748,0.5172909098038585,1.19192154954858,1.48799092300102,0.22186008391835577,0.801027433114095,Schofield2018_NatMethods_TimeLapseSeq_SuppTable2
TANC2,RNA,K562,0.5373586841796159,1.2899152855753533,0.518012432045415,0.556704936313818,0.07203612018963944,0.9304972854657934,Schofield2018_NatMethods_TimeLapseSeq_SuppTable2
TANGO2,RNA,K562,1.08079084378483,0.6413333204532042,1.03856497207286,1.1230167154968,0.07817863456691143,0.9247992106808666,Schofield2018_NatMethods_TimeLapseSeq_SuppTable2
TANGO6,RNA,K562,2.10405296631824,0.32943428309832107,2.23379860827336,1.97430732436311,0.12348593309906565,0.8838340739629942,Schofield2018_NatMethods_TimeLapseSeq_SuppTable2
TANK,RNA,K562,0.645355188793385,1.074055330454407,0.567676558176037,0.7230338194107339,0.24190418086869017,0.7851314045568275,Schofield2018_NatMethods_TimeLapseSeq_SuppTable2
TAOK1,RNA,K562,0.5229253780021579,1.325518342995939,0.555321244123789,0.490529511880526,0.12406132040859515,0.8833256733307684,Schofield2018_NatMethods_TimeLapseSeq_SuppTable2
TAOK2,RNA,K562,0.99976370299546,0.6933110078743205,1.02813933193594,0.9713880740549808,0.05677992096639735,0.9448019775937381,Schofield2018_NatMethods_TimeLapseSeq_SuppTable2
TAOK3,RNA,K562,0.9940065955524507,0.6973265405494686,1.00718272465442,0.980830466450478,0.02651270317395372,0.9738356729530047,Schofield2018_NatMethods_TimeLapseSeq_SuppTable2
TAPBP,RNA,K562,5.86967545776884,0.11808952395187824,6.58861138948259,5.15073952605509,0.2462023098543568,0.781764050354711,Schofield2018_NatMethods_TimeLapseSeq_SuppTable2
TARS,RNA,K562,4.6608379687643,0.14871728757902203,4.39365298627045,4.92802295125815,0.11477688714274231,0.8915650413415236,Schofield2018_NatMethods_TimeLapseSeq_SuppTable2
TARS2,RNA,K562,3.13321520557407,0.22122552556454428,3.33814775238874,2.92828265875939,0.1309999601061472,0.8772178093866411,Schofield2018_NatMethods_TimeLapseSeq_SuppTable2
TAX1BP1,RNA,K562,3.67539533588528,0.18859119012104567,3.8522851221436305,3.49850554962692,0.0963306189545913,0.9081637102915563,Schofield2018_NatMethods_TimeLapseSeq_SuppTable2
TBC1D10B,RNA,K562,1.39872647876382,0.4955559153870752,1.35985756555434,1.43759539197329,0.055591888068038074,0.9459251004469035,Schofield2018_NatMethods_TimeLapseSeq_SuppTable2
TBC1D13,RNA,K562,1.50514215092569,0.4605194134877208,1.66879345036192,1.34149085148946,0.2183193092500014,0.8038687179641818,Schofield2018_NatMethods_TimeLapseSeq_SuppTable2
TBC1D14,RNA,K562,0.910692814344723,0.761120730988407,0.8968966636929339,0.924488964996513,0.030300461273978778,0.970153996047229,Schofield2018_NatMethods_TimeLapseSeq_SuppTable2
TBC1D15,RNA,K562,1.8849136411578,0.36773418443413813,1.93071366052675,1.83911362178886,0.04860597859715705,0.9525563833671228,Schofield2018_NatMethods_TimeLapseSeq_SuppTable2
TBC1D20,RNA,K562,0.6932566032074279,0.9998421614060705,0.75753860464813,0.628974601766726,0.18598362218084402,0.8302871931640753,Schofield2018_NatMethods_TimeLapseSeq_SuppTable2
TBC1D22A,RNA,K562,0.9989373226824108,0.6938845559385667,1.0285853268752,0.9692893184896187,0.05937652647829706,0.9423518819136569,Schofield2018_NatMethods_TimeLapseSeq_SuppTable2
TBC1D22B,RNA,K562,0.813543761525472,0.8520097053663448,0.924889654307426,0.7021978687435179,0.2754592091393359,0.7592234008383804,Schofield2018_NatMethods_TimeLapseSeq_SuppTable2
TBC1D23,RNA,K562,1.40680343034377,0.49271075518387536,1.49053518327204,1.32307167741551,0.11917917726458506,0.8876487400391904,Schofield2018_NatMethods_TimeLapseSeq_SuppTable2
TBC1D5,RNA,K562,3.77622982670898,0.18355534815634608,3.80021289279592,3.75224676062204,0.012702292845228327,0.9873780407763972,Schofield2018_NatMethods_TimeLapseSeq_SuppTable2
TBC1D9B,RNA,K562,2.00104060045854,0.3463933617344446,2.03312237159562,1.96895882932145,0.032067835451435815,0.9684408852262967,Schofield2018_NatMethods_TimeLapseSeq_SuppTable2
TBCA,RNA,K562,7.60941106201052,0.09109077889357779,8.26226794376308,6.95655418025796,0.17201485660254737,0.8419666643114908,Schofield2018_NatMethods_TimeLapseSeq_SuppTable2
TBCCD1,RNA,K562,0.6845490034893519,1.0125603529137666,0.609884065332571,0.7592139416461339,0.2190147284560269,0.8033098865521561,Schofield2018_NatMethods_TimeLapseSeq_SuppTable2
TBCD,RNA,K562,2.44314834146028,0.2837106404049327,2.80615686149022,2.08013982143035,0.2993807689927746,0.74127710035628,Schofield2018_NatMethods_TimeLapseSeq_SuppTable2
TBCK,RNA,K562,1.11052315298413,0.6241627459070642,1.20094675805689,1.02009954791137,0.16320999224650445,0.849412799583116,Schofield2018_NatMethods_TimeLapseSeq_SuppTable2
TBK1,RNA,K562,0.5823026445828489,1.1903555427890997,0.5682251495845049,0.5963801395811928,0.0483605515421813,0.9527901951656879,Schofield2018_NatMethods_TimeLapseSeq_SuppTable2
TBKBP1,RNA,K562,1.06722088613137,0.649488020303439,0.981422289556414,1.15301948270632,0.16113658213237675,0.8511758077607325,Schofield2018_NatMethods_TimeLapseSeq_SuppTable2
TBL1X,RNA,K562,1.62728800977085,0.4259523676190254,1.73816841162149,1.51640760792021,0.13648780007516031,0.8724169636160829,Schofield2018_NatMethods_TimeLapseSeq_SuppTable2
TBL1XR1,RNA,K562,1.3181192955153,0.5258607342433063,1.37840200509159,1.25783658593901,0.09153161093096933,0.9125324696951751,Schofield2018_NatMethods_TimeLapseSeq_SuppTable2
TBL2,RNA,K562,1.25498310008385,0.5523159479307996,1.22852505088955,1.28144114927815,0.042171038241735605,0.9587057911957891,Schofield2018_NatMethods_TimeLapseSeq_SuppTable2
TBL3,RNA,K562,2.54391413402915,0.27247271096454495,2.65193607973848,2.43589218831983,0.0849768781705546,0.9185335223313698,Schofield2018_NatMethods_TimeLapseSeq_SuppTable2
TBP,RNA,K562,0.5787762567405659,1.1976081818965247,0.515161915272356,0.6423905982087759,0.22071527727151932,0.8019449797503563,Schofield2018_NatMethods_TimeLapseSeq_SuppTable2
TBPL1,RNA,K562,0.4299899093781289,1.6120080156355447,0.451795850055891,0.4081839687003669,0.10151244218010719,0.9034699381365966,Schofield2018_NatMethods_TimeLapseSeq_SuppTable2
TBRG4,RNA,K562,1.78603031117508,0.38809373851214435,1.95112117927775,1.6209394430724,0.1853982867829592,0.8307733319118734,Schofield2018_NatMethods_TimeLapseSeq_SuppTable2
TBX1,RNA,K562,1.14347870562041,0.606174104644886,1.32372347049076,0.963233940750056,0.31790754411348604,0.7276700626853316,Schofield2018_NatMethods_TimeLapseSeq_SuppTable2
TBX18,RNA,K562,0.724321217165874,0.9569610334929762,0.819630724287077,0.62901171004467,0.2647040291408994,0.7674330541864335,Schofield2018_NatMethods_TimeLapseSeq_SuppTable2
TCAF1,RNA,K562,2.24289267440577,0.3090416177597919,2.32713283379706,2.15865251501448,0.07515277501440201,0.927601761130378,Schofield2018_NatMethods_TimeLapseSeq_SuppTable2
TCAIM,RNA,K562,2.18660492050777,0.3169969911157905,2.20364445071024,2.16956539030531,0.01558569174460591,0.9845351366033906,Schofield2018_NatMethods_TimeLapseSeq_SuppTable2
TCEA1,RNA,K562,4.81813933182839,0.14386200415190348,5.14999144754325,4.48628721611353,0.13796959496267777,0.871125177936687,Schofield2018_NatMethods_TimeLapseSeq_SuppTable2
TCEAL8,RNA,K562,1.62609416467392,0.4262650931404958,1.56849157234624,1.6836967570016,0.07087745099728135,0.931576048848296,Schofield2018_NatMethods_TimeLapseSeq_SuppTable2
TCEAL9,RNA,K562,1.78109391791258,0.3891693602391867,1.72194439938318,1.84024343644197,0.06644374819492412,0.935715550064661,Schofield2018_NatMethods_TimeLapseSeq_SuppTable2
TCERG1,RNA,K562,2.15168615040642,0.3221413961460042,2.32741072083641,1.97596157997643,0.16370121523382908,0.8489956509551188,Schofield2018_NatMethods_TimeLapseSeq_SuppTable2
TCF12,RNA,K562,1.03343032576944,0.6707246374291009,1.05403671036897,1.01282394116991,0.03988486836044272,0.96090006278374,Schofield2018_NatMethods_TimeLapseSeq_SuppTable2
TCF19,RNA,K562,1.71984472782665,0.40302893008014057,1.6708026973782,1.76888675827511,0.057046230523847344,0.9445504012972801,Schofield2018_NatMethods_TimeLapseSeq_SuppTable2
TCF20,RNA,K562,0.770114153425782,0.9000577089468409,0.800836040354671,0.739392266496894,0.07982764513863645,0.923275463688466,Schofield2018_NatMethods_TimeLapseSeq_SuppTable2
TCF25,RNA,K562,2.3181775932743,0.2990052110636237,2.3782162555186,2.25813893103,0.0518097420256754,0.9495095014131018,Schofield2018_NatMethods_TimeLapseSeq_SuppTable2
TCF3,RNA,K562,3.5639330499562,0.1944893943977045,3.31417414865739,3.81369195125501,0.1403892690156973,0.869019887032764,Schofield2018_NatMethods_TimeLapseSeq_SuppTable2
TCF4,RNA,K562,1.18787100787588,0.5835205809083707,1.13551091366986,1.2402311020819,0.08821504104703654,0.915563971717648,Schofield2018_NatMethods_TimeLapseSeq_SuppTable2
TCHP,RNA,K562,1.7283325443077,0.40104966075124854,1.93982101973736,1.51684406887804,0.24596380500639356,0.7819505271076047,Schofield2018_NatMethods_TimeLapseSeq_SuppTable2
TCOF1,RNA,K562,3.09581040537143,0.22389845946550552,3.11814838725003,3.07347242349282,0.014431355047866065,0.9856722778364596,Schofield2018_NatMethods_TimeLapseSeq_SuppTable2
TCP1,RNA,K562,7.08804431994317,0.09779103364374883,7.20467829624939,6.97141034363695,0.03291302922703132,0.9676227108247324,Schofield2018_NatMethods_TimeLapseSeq_SuppTable2
TDG,RNA,K562,1.75160742536597,0.39572062239638167,1.70167910421452,1.80153574651741,0.057024021689249665,0.9445713788938548,Schofield2018_NatMethods_TimeLapseSeq_SuppTable2
TDP1,RNA,K562,2.16601168288527,0.3200108226732313,1.74872643818721,2.58329692758333,0.39017868865963484,0.6769359029212104,Schofield2018_NatMethods_TimeLapseSeq_SuppTable2
TDP2,RNA,K562,2.13794396765171,0.3242120425266754,2.3073369794566694,1.96855095584675,0.15879632008783862,0.8531701148872947,Schofield2018_NatMethods_TimeLapseSeq_SuppTable2
TEAD1,RNA,K562,0.6455079823024599,1.0738010986131594,0.657710426057679,0.633305538547241,0.037811763462586856,0.9628941756986868,Schofield2018_NatMethods_TimeLapseSeq_SuppTable2
TEAD4,RNA,K562,1.48955958323185,0.46533699515130905,1.28367983595956,1.69543933050415,0.27821107405180623,0.7571369926742524,Schofield2018_NatMethods_TimeLapseSeq_SuppTable2
TEC,RNA,K562,0.393707898406971,1.7605620394322077,0.422946974973651,0.364468821840291,0.14880580551559672,0.8617364431155864,Schofield2018_NatMethods_TimeLapseSeq_SuppTable2
TELO2,RNA,K562,1.69014976310879,0.4101099178838446,1.88462244695228,1.49567707926531,0.23114850729863062,0.7936215986836229,Schofield2018_NatMethods_TimeLapseSeq_SuppTable2
TERF1,RNA,K562,1.79356922518123,0.3864624631312497,1.7798125629847,1.80732588737775,0.015340285477098486,0.984776777345358,Schofield2018_NatMethods_TimeLapseSeq_SuppTable2
TERF2,RNA,K562,0.72712733642267,0.9532679433702758,0.819075630846678,0.635179041998662,0.25426950989163777,0.7754827736018441,Schofield2018_NatMethods_TimeLapseSeq_SuppTable2
TERF2IP,RNA,K562,0.631781475334791,1.0971312196082286,0.635078167808106,0.628484782861477,0.010436274325213588,0.9896179946330304,Schofield2018_NatMethods_TimeLapseSeq_SuppTable2
TET1,RNA,K562,0.9607612885822427,0.7214561918734206,0.9961583916979468,0.925364185466538,0.07371889870492279,0.9289327813514269,Schofield2018_NatMethods_TimeLapseSeq_SuppTable2
TET2,RNA,K562,0.549404906878399,1.2616326717907544,0.575287302757938,0.52352251099886,0.09428954264168952,0.9100192347181719,Schofield2018_NatMethods_TimeLapseSeq_SuppTable2
TET3,RNA,K562,0.559420140137879,1.2390458098078252,0.580819951997911,0.5380203282778468,0.07654447118301806,0.9263117191948356,Schofield2018_NatMethods_TimeLapseSeq_SuppTable2
TEX10,RNA,K562,1.53284496597322,0.45219653386137365,1.52658393572654,1.53910599621991,0.008169208504827885,0.9918640688008984,Schofield2018_NatMethods_TimeLapseSeq_SuppTable2
TEX15,RNA,K562,3.0947278717932294,0.22397677898519186,2.9806995355545,3.20875620803195,0.07372537147703755,0.9289267686006829,Schofield2018_NatMethods_TimeLapseSeq_SuppTable2
TEX2,RNA,K562,0.6975729187574429,0.9936555189020512,0.687291871751994,0.707853965762892,0.02947875766076369,0.9709515027033336,Schofield2018_NatMethods_TimeLapseSeq_SuppTable2
TFAM,RNA,K562,2.04630142041556,0.3387317106094673,2.12055444346845,1.97204839736266,0.07260478627643535,0.9299682936398046,Schofield2018_NatMethods_TimeLapseSeq_SuppTable2
TFAP4,RNA,K562,0.4852473718037689,1.428440875389738,0.47088593915315,0.4996088044543879,0.05920950381724194,0.9425092891775486,Schofield2018_NatMethods_TimeLapseSeq_SuppTable2
TFB2M,RNA,K562,1.44672970332841,0.47911311903340364,1.34680019699791,1.54665920965891,0.13836570164134346,0.8707801877667184,Schofield2018_NatMethods_TimeLapseSeq_SuppTable2
TFCP2,RNA,K562,1.39919899600113,0.49538856341445336,1.40055812623517,1.39783986576709,0.0019427267535097204,0.9980591591186673,Schofield2018_NatMethods_TimeLapseSeq_SuppTable2
TFDP1,RNA,K562,4.08769132055666,0.16956935497408177,4.76734992497445,3.40803271613887,0.3356553705021591,0.714869428460747,Schofield2018_NatMethods_TimeLapseSeq_SuppTable2
TFDP2,RNA,K562,2.1594396849506,0.32098473756436585,2.08062958035694,2.23824978954426,0.0730236857272865,0.9295788120148047,Schofield2018_NatMethods_TimeLapseSeq_SuppTable2
TFE3,RNA,K562,2.16038912513288,0.3208436723256101,2.41140711051714,1.90937113974862,0.233436498765637,0.7918078749212714,Schofield2018_NatMethods_TimeLapseSeq_SuppTable2
TFG,RNA,K562,1.75754132756828,0.3943845699031033,1.72548056157826,1.78960209355829,0.036487702932642606,0.9641699502862471,Schofield2018_NatMethods_TimeLapseSeq_SuppTable2
TFIP11,RNA,K562,0.637227095865816,1.0877553466525922,0.699109896331855,0.575344295399777,0.19483931302334895,0.8229668874929948,Schofield2018_NatMethods_TimeLapseSeq_SuppTable2
TFPI,RNA,K562,4.63986448978116,0.14938953111379288,5.22466551469365,4.05506346486867,0.25342444101456596,0.7761383869387168,Schofield2018_NatMethods_TimeLapseSeq_SuppTable2
TFR2,RNA,K562,2.3525574071476494,0.29463560738368944,2.23673359373128,2.46838122056402,0.09854597494764507,0.906154031272443,Schofield2018_NatMethods_TimeLapseSeq_SuppTable2
TFRC,RNA,K562,1.87832739685712,0.36902362267607997,1.96862582994068,1.78802896377355,0.09622187549784095,0.9082624725224845,Schofield2018_NatMethods_TimeLapseSeq_SuppTable2
TGFB1,RNA,K562,4.19416617210288,0.16526459661287424,4.37602072955651,4.01231161464926,0.08677226447619489,0.916885879344518,Schofield2018_NatMethods_TimeLapseSeq_SuppTable2
TGFBR1,RNA,K562,0.878136862777213,0.7893384390763238,0.8138612386363299,0.942412486918096,0.14665317996945837,0.8635934369862203,Schofield2018_NatMethods_TimeLapseSeq_SuppTable2
TGFBR3,RNA,K562,0.806760686743031,0.8591732244145979,0.872501203105832,0.74102017038023,0.163336187581734,0.8493056144134008,Schofield2018_NatMethods_TimeLapseSeq_SuppTable2
TGFBRAP1,RNA,K562,0.76040778795052,0.9115466615986956,0.7744579554137289,0.746357620487311,0.036958502913835,0.9637161259304178,Schofield2018_NatMethods_TimeLapseSeq_SuppTable2
TGIF1,RNA,K562,0.307456505550715,2.2544560549089128,0.311994323198014,0.3029186879034149,0.029520580024947354,0.9709108960651216,Schofield2018_NatMethods_TimeLapseSeq_SuppTable2
TGM2,RNA,K562,2.93297767337241,0.23632882952121062,2.86002307672332,3.00593227002149,0.0497580658970454,0.9514595871792125,Schofield2018_NatMethods_TimeLapseSeq_SuppTable2
TGOLN2,RNA,K562,1.27480730208917,0.5437270240168903,1.27699461975744,1.27261998442091,0.003431608543748041,0.996574272695557,Schofield2018_NatMethods_TimeLapseSeq_SuppTable2
TGS1,RNA,K562,0.6000990302622459,1.1550546586569836,0.603688176322406,0.596509884202087,0.011961988526515104,0.9881092716374729,Schofield2018_NatMethods_TimeLapseSeq_SuppTable2
THADA,RNA,K562,2.88285279604542,0.24043793755642895,2.64899059799264,3.11671499409819,0.16260089962304639,0.8499303282490593,Schofield2018_NatMethods_TimeLapseSeq_SuppTable2
THAP12,RNA,K562,2.03966627007055,0.33983362412321017,2.13127544416342,1.94805709597767,0.08988808574787659,0.9140334729199362,Schofield2018_NatMethods_TimeLapseSeq_SuppTable2
THAP4,RNA,K562,1.85686488983443,0.37328896914074927,1.9903076317868,1.72342214788205,0.14397728061348014,0.8659074207211105,Schofield2018_NatMethods_TimeLapseSeq_SuppTable2
THAP7,RNA,K562,0.718283208014443,0.9650054084878561,0.6897426602913679,0.746823755737518,0.07951064927474998,0.9235681845848887,Schofield2018_NatMethods_TimeLapseSeq_SuppTable2
THG1L,RNA,K562,1.29025099857584,0.5372188677435871,0.956135127052672,1.624366870099,0.529974151089891,0.5886201846719508,Schofield2018_NatMethods_TimeLapseSeq_SuppTable2
THOC1,RNA,K562,3.60445190571042,0.19230307372441674,3.21847876589952,3.9904250455213095,0.21498893795342536,0.8065503622256505,Schofield2018_NatMethods_TimeLapseSeq_SuppTable2
THOC2,RNA,K562,3.92247536392892,0.17671167215838401,3.80440830448211,4.04054242337573,0.06021847168615986,0.9415588071721473,Schofield2018_NatMethods_TimeLapseSeq_SuppTable2
THOC5,RNA,K562,3.33044254404896,0.2081246475182415,2.59511137783797,4.06577371025994,0.44897462365014584,0.6382822957630997,Schofield2018_NatMethods_TimeLapseSeq_SuppTable2
THOP1,RNA,K562,2.27744464408825,0.30435303108648737,2.24237099105713,2.31251829711938,0.030803318416541735,0.9696662698195166,Schofield2018_NatMethods_TimeLapseSeq_SuppTable2
THRA,RNA,K562,1.03276728768264,0.6711552436127732,1.12415144320576,0.941383132159524,0.17743354634425532,0.8374166468843088,Schofield2018_NatMethods_TimeLapseSeq_SuppTable2
THRAP3,RNA,K562,3.41401295734282,0.20303003802874628,3.6399793247319305,3.1880465899537,0.1325696266289899,0.8758419500606603,Schofield2018_NatMethods_TimeLapseSeq_SuppTable2
THRB,RNA,K562,0.65115323857565,1.064491642667944,0.685531105292113,0.6167753718591878,0.10568898147768516,0.8997044293072194,Schofield2018_NatMethods_TimeLapseSeq_SuppTable2
THUMPD1,RNA,K562,0.6074195215843639,1.1411341847426528,0.6524640757148918,0.5623749674538349,0.14858725201692097,0.861924799212358,Schofield2018_NatMethods_TimeLapseSeq_SuppTable2
THUMPD2,RNA,K562,0.67890152073979,1.0209833965383255,0.6229929572550609,0.7348100842245189,0.16507686285747755,0.8478285350595534,Schofield2018_NatMethods_TimeLapseSeq_SuppTable2
THUMPD3,RNA,K562,1.0810616525413,0.641172664787927,1.07542886045123,1.08669444463138,0.010420946949132166,0.9896331629964563,Schofield2018_NatMethods_TimeLapseSeq_SuppTable2
TIAL1,RNA,K562,2.16260559351287,0.32051483758257476,1.82104018747272,2.50417099955302,0.31854987205732394,0.7272028099509837,Schofield2018_NatMethods_TimeLapseSeq_SuppTable2
TICRR,RNA,K562,0.421868925078401,1.6430391985641732,0.427878166284452,0.41585968387235,0.028490591865465268,0.9719114379766877,Schofield2018_NatMethods_TimeLapseSeq_SuppTable2
TIMELESS,RNA,K562,6.59063346201363,0.10517155665764617,5.63121169212216,7.5500552319051,0.2932302390977262,0.7458503970044786,Schofield2018_NatMethods_TimeLapseSeq_SuppTable2
TIMM10,RNA,K562,2.25445328662718,0.30745688308181446,2.58585052955053,1.92305604370383,0.2961388687410233,0.743684146367924,Schofield2018_NatMethods_TimeLapseSeq_SuppTable2
TIMM13,RNA,K562,4.13160578190211,0.1677670177528007,3.58636934314409,4.67684222066013,0.26548277727896386,0.766835649768377,Schofield2018_NatMethods_TimeLapseSeq_SuppTable2
TIMM17A,RNA,K562,1.75645958432073,0.3946274578404284,1.70977952237722,1.80313964626425,0.053164965473378796,0.9482235754283072,Schofield2018_NatMethods_TimeLapseSeq_SuppTable2
TIMM21,RNA,K562,3.52739419136457,0.19650403185922402,4.24750855638544,2.80727982634369,0.4141166078449094,0.6609238778632713,Schofield2018_NatMethods_TimeLapseSeq_SuppTable2
TIMM22,RNA,K562,0.939849071848478,0.7375090334415887,0.9281400838278628,0.951558059869094,0.02491803038526073,0.9753898610827249,Schofield2018_NatMethods_TimeLapseSeq_SuppTable2
TIMM23,RNA,K562,2.88582004411058,0.24019071527849747,3.28350922962222,2.48813085859895,0.2773809681609899,0.757765757486608,Schofield2018_NatMethods_TimeLapseSeq_SuppTable2
TIMM23B,RNA,K562,0.641575985913834,1.080382052599203,0.5982815996766039,0.684870372151064,0.13516803703873653,0.8735691073881627,Schofield2018_NatMethods_TimeLapseSeq_SuppTable2
TIMM44,RNA,K562,2.66569832106902,0.26002461534431015,2.81508030852884,2.5163163336092,0.11219473025489858,0.8938701769841253,Schofield2018_NatMethods_TimeLapseSeq_SuppTable2
TIMM50,RNA,K562,4.3739922799153,0.15847014265269066,4.70298813880718,4.04499642102341,0.1507174151916953,0.8600907128907502,Schofield2018_NatMethods_TimeLapseSeq_SuppTable2
TIMM8A,RNA,K562,1.25096048384864,0.5540919873243676,0.971688039916492,1.53023292778078,0.4541404368205962,0.6349935505084722,Schofield2018_NatMethods_TimeLapseSeq_SuppTable2
TIMM9,RNA,K562,0.968800191042438,0.7154696984670414,1.03675778637285,0.90084259571203,0.14052306666125747,0.8689036219961016,Schofield2018_NatMethods_TimeLapseSeq_SuppTable2
TIMP1,RNA,K562,6.01073196423185,0.11531826484439271,5.77966464060298,6.24179928786072,0.0769228278866887,0.9259613092403474,Schofield2018_NatMethods_TimeLapseSeq_SuppTable2
TIPARP,RNA,K562,0.349620394233778,1.9825707881802337,0.42203125172337,0.277209536744187,0.4203056969474941,0.656845993305468,Schofield2018_NatMethods_TimeLapseSeq_SuppTable2
TIPIN,RNA,K562,0.914429503341873,0.7580105169690724,0.853793033444573,0.9750659732391728,0.13281631874873157,0.8756259134018075,Schofield2018_NatMethods_TimeLapseSeq_SuppTable2
TIPRL,RNA,K562,4.39189157490255,0.15782429250324226,3.12570516732599,5.6580779824791,0.5934243442010173,0.5524323236627529,Schofield2018_NatMethods_TimeLapseSeq_SuppTable2
TJAP1,RNA,K562,0.640361561162957,1.082430961816516,0.650675295801549,0.6300478265243639,0.03221500858486471,0.9682983672343443,Schofield2018_NatMethods_TimeLapseSeq_SuppTable2
TJP1,RNA,K562,2.42394195837274,0.28595865431747974,2.7236115795663,2.12427233717918,0.24852947201280498,0.7799468738921441,Schofield2018_NatMethods_TimeLapseSeq_SuppTable2
TJP2,RNA,K562,2.87519238671116,0.24107853921831435,2.48813405833131,3.2622507150910094,0.27088430517066325,0.762704732294586,Schofield2018_NatMethods_TimeLapseSeq_SuppTable2
TK1,RNA,K562,5.1456112633292,0.13470647996667368,5.55768529930646,4.73353722735193,0.16050895729330203,0.8517101945197627,Schofield2018_NatMethods_TimeLapseSeq_SuppTable2
TKT,RNA,K562,6.36593969747273,0.10888371764425035,7.14754265530748,5.58433673963799,0.2468029450421914,0.781294636344882,Schofield2018_NatMethods_TimeLapseSeq_SuppTable2
TLE3,RNA,K562,0.6022759452500959,1.1508797354875513,0.638822804386874,0.5657290861133168,0.1215117973208871,0.8855806058086629,Schofield2018_NatMethods_TimeLapseSeq_SuppTable2
TLK1,RNA,K562,1.55554374531169,0.44559799918777393,1.68896382450395,1.42212366611943,0.17196392537536745,0.8420095477989938,Schofield2018_NatMethods_TimeLapseSeq_SuppTable2
TLK2,RNA,K562,0.636938460029937,1.088248275237401,0.6279594116353229,0.6459175084245519,0.028196266465984096,0.9721975383001611,Schofield2018_NatMethods_TimeLapseSeq_SuppTable2
TLN1,RNA,K562,4.68623834033067,0.1479112094224033,5.02289194730801,4.34958473335334,0.1439254760047036,0.8659522798782232,Schofield2018_NatMethods_TimeLapseSeq_SuppTable2
TM9SF2,RNA,K562,4.76172535972282,0.14556639205254235,5.55336993871751,3.97008078072813,0.3356184973721101,0.7148957884201348,Schofield2018_NatMethods_TimeLapseSeq_SuppTable2
TM9SF3,RNA,K562,5.36525267439971,0.12919189880232396,5.6996630251276,5.03084232367183,0.12481962462796597,0.8826560976487208,Schofield2018_NatMethods_TimeLapseSeq_SuppTable2
TM9SF4,RNA,K562,1.61383226937618,0.4295038547146405,1.6175384242075,1.61012611454487,0.004592994472766929,0.9954175371962112,Schofield2018_NatMethods_TimeLapseSeq_SuppTable2
TMA16,RNA,K562,1.09917909531757,0.6306044060633125,1.15243024830435,1.04592794233079,0.09696849749378235,0.9075845968723364,Schofield2018_NatMethods_TimeLapseSeq_SuppTable2
TMBIM1,RNA,K562,2.20560058320824,0.31426686492424744,2.13505322522489,2.2761479411916,0.06399293845762413,0.9380116233161695,Schofield2018_NatMethods_TimeLapseSeq_SuppTable2
TMBIM6,RNA,K562,5.36424645077698,0.1292161325771203,6.11255721060071,4.61593569095325,0.2808306170251439,0.7551562352574889,Schofield2018_NatMethods_TimeLapseSeq_SuppTable2
TMC6,RNA,K562,2.20823838430648,0.3138914645656045,2.35686587218085,2.05961089643211,0.13481563644146696,0.8738770079123405,Schofield2018_NatMethods_TimeLapseSeq_SuppTable2
TMCO1,RNA,K562,6.42914279049678,0.10781331246593542,6.56246392197942,6.29582165901413,0.041479945663389604,0.9593685746488854,Schofield2018_NatMethods_TimeLapseSeq_SuppTable2
TMED10,RNA,K562,5.8281394439231,0.11893112497208312,6.51669216742342,5.13958672042279,0.23739423926776695,0.7886802979762182,Schofield2018_NatMethods_TimeLapseSeq_SuppTable2
TMED2,RNA,K562,5.23659336169876,0.13236605034672524,5.72981507794271,4.74337164545482,0.18893505714850542,0.8278402672565703,Schofield2018_NatMethods_TimeLapseSeq_SuppTable2
TMED3,RNA,K562,2.19713079657826,0.31547834186268303,2.22766615521723,2.16659543793928,0.027797457375206964,0.972585336840118,Schofield2018_NatMethods_TimeLapseSeq_SuppTable2
TMED4,RNA,K562,2.96533199742086,0.23375027860719136,3.05155288521695,2.87911110962477,0.0581689997276796,0.9434904843276474,Schofield2018_NatMethods_TimeLapseSeq_SuppTable2
TMED5,RNA,K562,3.38634457415444,0.2046889102338388,3.7866163684790695,2.9860727798298,0.23751376905749436,0.7885860328198984,Schofield2018_NatMethods_TimeLapseSeq_SuppTable2
TMED8,RNA,K562,1.8627673704913,0.3721061424739953,1.89762446652147,1.82791027446112,0.03742943530664009,0.9632623876376641,Schofield2018_NatMethods_TimeLapseSeq_SuppTable2
TMED9,RNA,K562,3.73762693907892,0.18545114102017912,3.62680687052118,3.84844700763666,0.05931708111892807,0.9424079020249807,Schofield2018_NatMethods_TimeLapseSeq_SuppTable2
TMEM104,RNA,K562,1.31813743005148,0.525853499610336,1.32941219290757,1.30686266719538,0.0171075300306336,0.9830379728480814,Schofield2018_NatMethods_TimeLapseSeq_SuppTable2
TMEM109,RNA,K562,2.25641909627962,0.30718902428312417,2.17343067708109,2.33940751547814,0.07359082246044625,0.9290517631926446,Schofield2018_NatMethods_TimeLapseSeq_SuppTable2
TMEM123,RNA,K562,4.45026933119084,0.15575398452894698,4.70738151426054,4.19315714812114,0.11567786549470593,0.8907621223005594,Schofield2018_NatMethods_TimeLapseSeq_SuppTable2
TMEM127,RNA,K562,0.503298903128345,1.3772078108089727,0.48605454733911,0.52054325891758,0.06855213998827814,0.9337447733927321,Schofield2018_NatMethods_TimeLapseSeq_SuppTable2
TMEM131,RNA,K562,1.78408276790091,0.3885173900174364,1.79244873583074,1.77571679997108,0.00937852144584386,0.9906653197242458,Schofield2018_NatMethods_TimeLapseSeq_SuppTable2
TMEM161B,RNA,K562,0.783228897230816,0.8849867299465538,0.994778409935136,0.571679384526496,0.5539416911040952,0.5746801285763451,Schofield2018_NatMethods_TimeLapseSeq_SuppTable2
TMEM161B-AS1,RNA,K562,1.41670943876736,0.4892655908067032,1.62492865677676,1.20849022075796,0.2960920822169408,0.7437189415781149,Schofield2018_NatMethods_TimeLapseSeq_SuppTable2
TMEM164,RNA,K562,2.11757578891203,0.3273305183169246,2.0608797290256,2.17427184879847,0.05356088176157539,0.9478482325770202,Schofield2018_NatMethods_TimeLapseSeq_SuppTable2
TMEM165,RNA,K562,2.41396961415741,0.2871399774441181,2.22242289432434,2.60551633399048,0.1590328698033723,0.8529683216073287,Schofield2018_NatMethods_TimeLapseSeq_SuppTable2
TMEM167A,RNA,K562,3.18938897585794,0.21732914542776643,3.00202691712557,3.37675103459031,0.11762631527643556,0.8890282068099806,Schofield2018_NatMethods_TimeLapseSeq_SuppTable2
TMEM167B,RNA,K562,0.63312827674213,1.0947973831253484,0.7367267964288519,0.529529757055408,0.3302277647568707,0.7187600065888826,Schofield2018_NatMethods_TimeLapseSeq_SuppTable2
TMEM18,RNA,K562,1.47614294536389,0.46956643510501944,1.68602528762484,1.26626060310294,0.28630570788751003,0.7510329841415151,Schofield2018_NatMethods_TimeLapseSeq_SuppTable2
TMEM181,RNA,K562,1.40147426193865,0.4945843098118116,1.22220118849408,1.58074733538322,0.2572442463888733,0.773179344438232,Schofield2018_NatMethods_TimeLapseSeq_SuppTable2
TMEM183A,RNA,K562,6.10409408353826,0.11355447197795485,5.33299902220897,6.87518914486754,0.25400540688374956,0.7756876079824153,Schofield2018_NatMethods_TimeLapseSeq_SuppTable2
TMEM184B,RNA,K562,1.17403844340312,0.590395642029198,1.21901912923757,1.12905775756868,0.07666310091735187,0.9262018375994182,Schofield2018_NatMethods_TimeLapseSeq_SuppTable2
TMEM184C,RNA,K562,2.14629811407634,0.3229500953357737,1.60108408465455,2.69151214349812,0.5194222180849067,0.594864150445052,Schofield2018_NatMethods_TimeLapseSeq_SuppTable2
TMEM185B,RNA,K562,0.581393721519837,1.1922164875602208,0.5489790175664119,0.6138084254732619,0.11162264742169307,0.8943816910677548,Schofield2018_NatMethods_TimeLapseSeq_SuppTable2
TMEM192,RNA,K562,1.36282291496427,0.508611333834314,1.26417427988479,1.46147155004374,0.14502467323204887,0.8650009504782729,Schofield2018_NatMethods_TimeLapseSeq_SuppTable2
TMEM2,RNA,K562,0.5947918990467849,1.165360829007229,0.610261533337983,0.579322264755588,0.052028697200899046,0.9493016241525749,Schofield2018_NatMethods_TimeLapseSeq_SuppTable2
TMEM201,RNA,K562,0.7993140117815108,0.8671775676934013,0.824268872041091,0.774359151521931,0.06246099168572486,0.9394497084482017,Schofield2018_NatMethods_TimeLapseSeq_SuppTable2
TMEM203,RNA,K562,1.08506078160996,0.6388095416475079,0.929692928737052,1.24042863448287,0.28835792436719815,0.7494932823157838,Schofield2018_NatMethods_TimeLapseSeq_SuppTable2
TMEM209,RNA,K562,2.05713494089898,0.33694784273949274,2.25580225316763,1.85846762863033,0.19375338346174156,0.8238610569790162,Schofield2018_NatMethods_TimeLapseSeq_SuppTable2
TMEM214,RNA,K562,2.3546693614825,0.29437134227777095,2.4056341917564,2.30370453120861,0.04329507304468817,0.9576287779342839,Schofield2018_NatMethods_TimeLapseSeq_SuppTable2
TMEM222,RNA,K562,1.14558945372083,0.6050572291047462,1.12259832330962,1.16858058413204,0.04014390641337097,0.960651185338174,Schofield2018_NatMethods_TimeLapseSeq_SuppTable2
TMEM245,RNA,K562,1.14719533864132,0.6042102484315126,1.27605113117485,1.01833954610779,0.22559685071238456,0.7980397659850927,Schofield2018_NatMethods_TimeLapseSeq_SuppTable2
TMEM248,RNA,K562,1.17027412336908,0.5922947168689477,1.02687903199657,1.3136692147416,0.24630001293484818,0.7816876733299699,Schofield2018_NatMethods_TimeLapseSeq_SuppTable2
TMEM259,RNA,K562,2.24336761049783,0.3089761915596738,1.97453709255537,2.51219812844029,0.24082413091768945,0.7859798437877472,Schofield2018_NatMethods_TimeLapseSeq_SuppTable2
TMEM263,RNA,K562,1.60238083507923,0.4325733092817929,1.90411030515832,1.30065136500015,0.38114967908860137,0.6830756398285475,Schofield2018_NatMethods_TimeLapseSeq_SuppTable2
TMEM30A,RNA,K562,1.9084589960886,0.36319731363396085,2.13940377349861,1.6775142186786,0.2432141137597651,0.7841036084251302,Schofield2018_NatMethods_TimeLapseSeq_SuppTable2
TMEM33,RNA,K562,2.8964293109031094,0.23931092602561094,3.0816565130894,2.71120210871682,0.12807516224218762,0.8797872498771141,Schofield2018_NatMethods_TimeLapseSeq_SuppTable2
TMEM39B,RNA,K562,0.913274823598484,0.7589688915641054,0.7108234034835978,1.11572624371337,0.4508367902256563,0.6370948137939546,Schofield2018_NatMethods_TimeLapseSeq_SuppTable2
TMEM41A,RNA,K562,0.7472315676302849,0.9276203128812414,0.7740453059964119,0.7204178292641579,0.07179904464279005,0.9307179097698675,Schofield2018_NatMethods_TimeLapseSeq_SuppTable2
TMEM41B,RNA,K562,1.33442693975133,0.5194343428716397,1.34156260004827,1.32729127945439,0.010694820523319892,0.9893621657361598,Schofield2018_NatMethods_TimeLapseSeq_SuppTable2
TMEM43,RNA,K562,1.32254410743461,0.5241013714880706,1.2455690686675,1.39951914620173,0.11653620187114545,0.88999787680501,Schofield2018_NatMethods_TimeLapseSeq_SuppTable2
TMEM57,RNA,K562,0.6216273640137479,1.1150525550941088,0.645016779636407,0.598237948391089,0.0752877495824138,0.9274765669325888,Schofield2018_NatMethods_TimeLapseSeq_SuppTable2
TMEM63A,RNA,K562,1.36197717393347,0.5089271639979807,1.44904845857053,1.2749058892964,0.12803474197756265,0.8798228118292747,Schofield2018_NatMethods_TimeLapseSeq_SuppTable2
TMEM63B,RNA,K562,1.84433196005295,0.3758256081730782,2.09754789336779,1.59111602673812,0.2763333190250621,0.7585600461229275,Schofield2018_NatMethods_TimeLapseSeq_SuppTable2
TMEM69,RNA,K562,1.27751601384445,0.5425741619269774,1.18697742289926,1.36805460478964,0.141979639042912,0.8676389222649314,Schofield2018_NatMethods_TimeLapseSeq_SuppTable2
TMEM70,RNA,K562,1.57252949959787,0.44078485060992373,1.38974902924406,1.75530996995168,0.2335222860372573,0.7917399507975886,Schofield2018_NatMethods_TimeLapseSeq_SuppTable2
TMEM87A,RNA,K562,0.814386760921425,0.8511277611827762,0.8092146871835059,0.8195588346593439,0.01270193358750289,0.98737839549965,Schofield2018_NatMethods_TimeLapseSeq_SuppTable2
TMEM9,RNA,K562,2.07731256559806,0.33367495678744313,2.16227383330494,1.99235129789118,0.08184487062263897,0.9214148861275164,Schofield2018_NatMethods_TimeLapseSeq_SuppTable2
TMEM97,RNA,K562,2.02899748059653,0.3416205230359174,1.74154687832358,2.31644808286949,0.2852612849174682,0.7518177900047067,Schofield2018_NatMethods_TimeLapseSeq_SuppTable2
TMF1,RNA,K562,0.621795576884828,1.1147509025917908,0.557681637289223,0.6859095164804329,0.20695746178441882,0.8130542351283038,Schofield2018_NatMethods_TimeLapseSeq_SuppTable2
TMOD1,RNA,K562,2.95150738002501,0.23484514565370046,2.87055331044323,3.03246144960679,0.054869847057088195,0.9466083437978893,Schofield2018_NatMethods_TimeLapseSeq_SuppTable2
TMOD3,RNA,K562,2.72766556255366,0.2541173632411944,2.61752794897382,2.83780317613349,0.08079988187282963,0.9223782575859276,Schofield2018_NatMethods_TimeLapseSeq_SuppTable2
TMPO,RNA,K562,2.54409470284472,0.2724533720324529,2.69547333057803,2.3927160751114,0.11914466801372037,0.8876793726607916,Schofield2018_NatMethods_TimeLapseSeq_SuppTable2
TMSB10,RNA,K562,8.14151536892296,0.08513736683538825,9.57366774984869,6.70936298799724,0.35551237523676044,0.700814271322846,Schofield2018_NatMethods_TimeLapseSeq_SuppTable2
TMSB4X,RNA,K562,9.642865074373487,0.07188187071102208,10.9737953232092,8.3119348255378,0.27781777463979257,0.7574348327746139,Schofield2018_NatMethods_TimeLapseSeq_SuppTable2
TMUB1,RNA,K562,3.73356072059054,0.1856531157340625,3.7841768820272694,3.6829445591538095,0.027115810645021398,0.9732485224582769,Schofield2018_NatMethods_TimeLapseSeq_SuppTable2
TMX1,RNA,K562,3.25550620865771,0.2129153305610618,3.51542815916189,2.99558425815354,0.16002203660459743,0.8521250108173778,Schofield2018_NatMethods_TimeLapseSeq_SuppTable2
TMX4,RNA,K562,3.26992289460916,0.2119766131802916,2.98735881587494,3.55248697334338,0.17325825622759816,0.8409204138652825,Schofield2018_NatMethods_TimeLapseSeq_SuppTable2
TNFAIP2,RNA,K562,0.967022036825994,0.7167852997797508,0.954446875023061,0.979597198628927,0.026009481136009295,0.9743258518490384,Schofield2018_NatMethods_TimeLapseSeq_SuppTable2
TNFAIP3,RNA,K562,0.3203652231587619,2.163615556412768,0.3137433381811349,0.3269871081363889,0.04134548812896035,0.9594975776545602,Schofield2018_NatMethods_TimeLapseSeq_SuppTable2
TNFAIP8,RNA,K562,0.557001983696706,1.2444249766574835,0.548712220042682,0.5652917473507288,0.029767850150654678,0.9706708484853217,Schofield2018_NatMethods_TimeLapseSeq_SuppTable2
TNFRSF10A,RNA,K562,0.6455945915029219,1.0736570437282051,0.582628706473014,0.708560476532829,0.19568529768681545,0.8222709645392133,Schofield2018_NatMethods_TimeLapseSeq_SuppTable2
TNFRSF1A,RNA,K562,0.4676947124299419,1.4820504960568162,0.472879756016571,0.462509668843313,0.022173678222757155,0.9780703507787831,Schofield2018_NatMethods_TimeLapseSeq_SuppTable2
TNFRSF1B,RNA,K562,2.10970170900747,0.32855222025015246,2.12902568516706,2.09037773284787,0.018319667200060147,0.9818471178678349,Schofield2018_NatMethods_TimeLapseSeq_SuppTable2
TNFRSF8,RNA,K562,1.13782045026137,0.6091885414792129,1.15524100164437,1.12039989887837,0.03062330749088355,0.9698408360537697,Schofield2018_NatMethods_TimeLapseSeq_SuppTable2
TNIK,RNA,K562,3.12851906438435,0.22155760163038904,2.92098229274883,3.33605583601987,0.13286926043629807,0.8755795575153653,Schofield2018_NatMethods_TimeLapseSeq_SuppTable2
TNIP1,RNA,K562,1.03917559306687,0.667016416844715,1.04101572433528,1.03733546179845,0.0035415250396500044,0.9964647387634995,Schofield2018_NatMethods_TimeLapseSeq_SuppTable2
TNIP2,RNA,K562,0.894886569052559,0.7745642906383088,0.805626162535155,0.984146975569962,0.2001554345998772,0.8186035038806903,Schofield2018_NatMethods_TimeLapseSeq_SuppTable2
TNKS,RNA,K562,1.08705343541295,0.6376385538919092,1.03801392910944,1.13609294171646,0.09028592800931558,0.9136699041023545,Schofield2018_NatMethods_TimeLapseSeq_SuppTable2
TNKS1BP1,RNA,K562,0.51204597071792,1.353681544624031,0.4937769824733779,0.530314958962462,0.07138712946610844,0.9311013655723215,Schofield2018_NatMethods_TimeLapseSeq_SuppTable2
TNKS2,RNA,K562,0.514857500949428,1.3462893699358376,0.5435350322237739,0.4861799696750809,0.1115152978706593,0.8944777076943224,Schofield2018_NatMethods_TimeLapseSeq_SuppTable2
TNNT1,RNA,K562,9.718143230535908,0.07132506324685252,11.0976065494442,8.33867991162762,0.28582453902650284,0.7513944447819018,Schofield2018_NatMethods_TimeLapseSeq_SuppTable2
TNPO1,RNA,K562,2.71461841512028,0.25533871600485447,2.45395196586345,2.9752848643771,0.1926400148610161,0.8247788288255904,Schofield2018_NatMethods_TimeLapseSeq_SuppTable2
TNPO2,RNA,K562,0.691490549733989,1.0023957389245501,0.710447156310971,0.6725339431570079,0.0548419861189618,0.946634717561783,Schofield2018_NatMethods_TimeLapseSeq_SuppTable2
TNPO3,RNA,K562,4.32105150479665,0.1604116914113397,4.53205484213986,4.11004816745344,0.09774069616802195,0.9068840317724036,Schofield2018_NatMethods_TimeLapseSeq_SuppTable2
TNRC18,RNA,K562,1.20913450707777,0.5732589521699615,1.25005242070568,1.16821659344987,0.06770718018771066,0.9345340836109801,Schofield2018_NatMethods_TimeLapseSeq_SuppTable2
TNRC6A,RNA,K562,0.500302004804765,1.3854575314572946,0.4952273429081059,0.505376666701424,0.02028709017059442,0.9799173082929167,Schofield2018_NatMethods_TimeLapseSeq_SuppTable2
TNRC6B,RNA,K562,0.454050114498526,1.526587392947779,0.449639092621513,0.4584611363755399,0.019430280983742262,0.9807572702371865,Schofield2018_NatMethods_TimeLapseSeq_SuppTable2
TOB1,RNA,K562,0.310598156623256,2.2316525896214734,0.296437094279122,0.324759218967389,0.0912490080569732,0.9127903904365806,Schofield2018_NatMethods_TimeLapseSeq_SuppTable2
TOB2,RNA,K562,0.2863775751345349,2.420396150900843,0.3087421341372639,0.264013016131806,0.1565080056786533,0.8551246718221758,Schofield2018_NatMethods_TimeLapseSeq_SuppTable2
TOE1,RNA,K562,0.680356748934611,1.018799595426022,0.749624449369219,0.611089048500002,0.2043296561686671,0.8151935932908947,Schofield2018_NatMethods_TimeLapseSeq_SuppTable2
TOLLIP,RNA,K562,0.7865359151914049,0.8812657720674671,0.813170754129368,0.759901076253443,0.06775285519004064,0.9344913997393341,Schofield2018_NatMethods_TimeLapseSeq_SuppTable2
TOMM20,RNA,K562,3.98293525470814,0.17402923628763267,3.8386563694976705,4.12721413991861,0.0724802353818972,0.9300841292362334,Schofield2018_NatMethods_TimeLapseSeq_SuppTable2
TOMM22,RNA,K562,6.2063079807417,0.11168430292386312,6.23234981192802,6.18026614955538,0.008392101747155782,0.9916430136394209,Schofield2018_NatMethods_TimeLapseSeq_SuppTable2
TOMM34,RNA,K562,2.75248634379706,0.25182583816337756,2.92959760241604,2.57537508517809,0.1288698888834676,0.8790883372699982,Schofield2018_NatMethods_TimeLapseSeq_SuppTable2
TOMM40,RNA,K562,2.9837318856694,0.23230880223825398,3.21527436578259,2.75218940555621,0.15551595093140477,0.8559734232466765,Schofield2018_NatMethods_TimeLapseSeq_SuppTable2
TOMM70,RNA,K562,1.55425059995241,0.44596873926326225,1.61605250621968,1.49244869368514,0.07956826144025113,0.9235149773544934,Schofield2018_NatMethods_TimeLapseSeq_SuppTable2
TONSL,RNA,K562,1.65936650246291,0.417717954129569,1.715885563058,1.60284744186781,0.06814761193708914,0.9341225757568956,Schofield2018_NatMethods_TimeLapseSeq_SuppTable2
TOP1,RNA,K562,4.21469928515343,0.16445946286170504,4.54863628919674,3.88076228111012,0.15879587283653024,0.8531704964688301,Schofield2018_NatMethods_TimeLapseSeq_SuppTable2
TOP1MT,RNA,K562,6.0205430874453,0.11513034131511693,6.36448735165808,5.67659882323252,0.11438143234466579,0.8919176847375853,Schofield2018_NatMethods_TimeLapseSeq_SuppTable2
TOP2A,RNA,K562,4.06706623950322,0.17042928237249735,4.15876791730054,3.9753645617059,0.045102399141679045,0.9558995935234379,Schofield2018_NatMethods_TimeLapseSeq_SuppTable2
TOP2B,RNA,K562,7.39932494136297,0.09367708352490142,7.37906061973283,7.41958926299312,0.0054773570437691285,0.9945376163256859,Schofield2018_NatMethods_TimeLapseSeq_SuppTable2
TOP3A,RNA,K562,1.26217404451531,0.5491692556759256,1.45762843540655,1.06671965362407,0.3122225605313266,0.7318186361578142,Schofield2018_NatMethods_TimeLapseSeq_SuppTable2
TOP3B,RNA,K562,0.757228355852101,0.9153740416653496,0.813918698051997,0.700538013652205,0.15001185071087272,0.8606977764841217,Schofield2018_NatMethods_TimeLapseSeq_SuppTable2
TOPBP1,RNA,K562,2.3048878744045,0.3007292407831464,2.45014449376446,2.15963125504454,0.12620950799886832,0.8814301607683681,Schofield2018_NatMethods_TimeLapseSeq_SuppTable2
TOPORS,RNA,K562,0.3178308730290789,2.1808680004995233,0.3330925831999559,0.302569162858202,0.09611059008032988,0.9083635545153204,Schofield2018_NatMethods_TimeLapseSeq_SuppTable2
TOR1A,RNA,K562,0.7205120941051159,0.9620201884617106,0.6740456742006738,0.7669785140095589,0.12916091345686262,0.8788325381853829,Schofield2018_NatMethods_TimeLapseSeq_SuppTable2
TOR1AIP1,RNA,K562,0.759951623350337,0.9120938218463481,0.768062064097342,0.7518411826033319,0.02134543421050364,0.9788807672553473,Schofield2018_NatMethods_TimeLapseSeq_SuppTable2
TOR1AIP2,RNA,K562,0.98765355471103,0.7018120648214018,0.999164816113777,0.9761422933082828,0.023311378025056503,0.9769582330820659,Schofield2018_NatMethods_TimeLapseSeq_SuppTable2
TOR1B,RNA,K562,0.510168398907545,1.3586634962969562,0.5760964185157669,0.4442403792993219,0.2599092291945261,0.7711215779536454,Schofield2018_NatMethods_TimeLapseSeq_SuppTable2
TOR3A,RNA,K562,1.8404710529598,0.376614008378585,1.36619284296058,2.31474926295903,0.5272734472803826,0.5902120220200977,Schofield2018_NatMethods_TimeLapseSeq_SuppTable2
TOR4A,RNA,K562,0.585613111082384,1.1836264718848368,0.600713776153955,0.5705124460108119,0.05158359005995059,0.9497242591363461,Schofield2018_NatMethods_TimeLapseSeq_SuppTable2
TOX4,RNA,K562,2.05630871210391,0.3370832290306996,2.24225352388801,1.87036390031981,0.18134838656438013,0.8341447032611402,Schofield2018_NatMethods_TimeLapseSeq_SuppTable2
TP53BP1,RNA,K562,2.55929941472164,0.2708347356986892,2.46154636730131,2.65705246214197,0.07642765441198252,0.9264199342593884,Schofield2018_NatMethods_TimeLapseSeq_SuppTable2
TP53BP2,RNA,K562,0.511376589579556,1.3554534851308653,0.514338739599814,0.5084144395592989,0.01158513397382517,0.9884817152891796,Schofield2018_NatMethods_TimeLapseSeq_SuppTable2
TP53RK,RNA,K562,0.507782054687635,1.3650485954773226,0.538869273273975,0.4766948361012949,0.12259647626695554,0.8846205559375641,Schofield2018_NatMethods_TimeLapseSeq_SuppTable2
TP73,RNA,K562,0.7501448922792459,0.9240177300333029,0.7419695324457048,0.7583202521127869,0.021797611676589015,0.9784382394884924,Schofield2018_NatMethods_TimeLapseSeq_SuppTable2
TP73-AS1,RNA,K562,1.66335934311929,0.4167152356027229,1.54486120176672,1.78185748447187,0.1427222815366736,0.8669948159319857,Schofield2018_NatMethods_TimeLapseSeq_SuppTable2
TPD52L2,RNA,K562,3.35064079229707,0.20687003577150098,2.93258400581894,3.7686975787752,0.2508455243298088,0.7781425663695756,Schofield2018_NatMethods_TimeLapseSeq_SuppTable2
TPGS2,RNA,K562,4.91070984812073,0.1411500988650764,5.26785488865752,4.55356480758394,0.14571283728728038,0.8644058926885869,Schofield2018_NatMethods_TimeLapseSeq_SuppTable2
TPI1,RNA,K562,9.24594612348905,0.07496768543773207,8.41943802684838,10.0724542201297,0.17926130966525536,0.8358874453876611,Schofield2018_NatMethods_TimeLapseSeq_SuppTable2
TPM3,RNA,K562,7.833189616911179,0.08848849759279419,8.2788223529586,7.38755688086376,0.11390364806638771,0.892343930803597,Schofield2018_NatMethods_TimeLapseSeq_SuppTable2
TPM4,RNA,K562,2.56150412337972,0.2706016259093066,3.02251348512164,2.1004947616378,0.36391584731578763,0.6949496741627493,Schofield2018_NatMethods_TimeLapseSeq_SuppTable2
TPP2,RNA,K562,3.05323201772066,0.2270208017395949,3.43772710154666,2.66873693389466,0.2532052246966348,0.7763085477884426,Schofield2018_NatMethods_TimeLapseSeq_SuppTable2
TPR,RNA,K562,3.66149284232355,0.18930726083847277,4.05023552732145,3.27275015732564,0.21314437617224313,0.8080394671492138,Schofield2018_NatMethods_TimeLapseSeq_SuppTable2
TPST2,RNA,K562,1.46550119787427,0.47297619515109574,1.40953347820614,1.5214689175424,0.0764174781997742,0.9264293617532015,Schofield2018_NatMethods_TimeLapseSeq_SuppTable2
TPT1,RNA,K562,8.80333704114094,0.07873686731754521,7.701818984687391,9.90485509759449,0.25156851808649444,0.7775801774786052,Schofield2018_NatMethods_TimeLapseSeq_SuppTable2
TPTEP1,RNA,K562,3.03826433315366,0.22813919545982092,3.05442153805228,3.02210712825505,0.01063591277043173,0.989420448554774,Schofield2018_NatMethods_TimeLapseSeq_SuppTable2
TPX2,RNA,K562,1.97384902418431,0.3511652472237015,1.95877060678895,1.98892744157967,0.015278484347082188,0.9848376395436687,Schofield2018_NatMethods_TimeLapseSeq_SuppTable2
TRA2A,RNA,K562,2.22153481222217,0.3120127475592426,2.1486891384871294,2.29438048595721,0.0656049131467051,0.9365007903607154,Schofield2018_NatMethods_TimeLapseSeq_SuppTable2
TRA2B,RNA,K562,2.26648215579129,0.3058251214503601,2.34195106482998,2.1910132467526,0.06662026377023984,0.9355503962725465,Schofield2018_NatMethods_TimeLapseSeq_SuppTable2
TRAF2,RNA,K562,0.793967437736172,0.8730171385067201,0.789034091530443,0.7989007839419,0.012427234321386564,0.9876496648773165,Schofield2018_NatMethods_TimeLapseSeq_SuppTable2
TRAF3,RNA,K562,1.34797088059789,0.5142152479232349,1.41787697300597,1.2780647881898,0.10381361376472051,0.9013932890667086,Schofield2018_NatMethods_TimeLapseSeq_SuppTable2
TRAF4,RNA,K562,0.4817504793342309,1.438809529609312,0.499694788946963,0.463806169721499,0.07453076265230643,0.9281789203743864,Schofield2018_NatMethods_TimeLapseSeq_SuppTable2
TRAF7,RNA,K562,2.45010245117569,0.2829053863553078,2.11131085085293,2.78889405149844,0.2783361090181499,0.7570423299940516,Schofield2018_NatMethods_TimeLapseSeq_SuppTable2
TRAFD1,RNA,K562,1.11662001957348,0.6207547495205304,1.19899655276059,1.03424348638637,0.1478147725164763,0.8625908756827619,Schofield2018_NatMethods_TimeLapseSeq_SuppTable2
TRAK1,RNA,K562,1.18121357184068,0.5868093603765634,1.23635492259822,1.12607222108313,0.09343180485420806,0.910800127455853,Schofield2018_NatMethods_TimeLapseSeq_SuppTable2
TRAM1,RNA,K562,6.32217021869749,0.10963753846898941,7.51777956886778,5.12656086852719,0.3828357858953812,0.6819248717742437,Schofield2018_NatMethods_TimeLapseSeq_SuppTable2
TRAM2,RNA,K562,0.5263360437545999,1.3169289635104675,0.4547881184749579,0.597883969034241,0.2735650665988491,0.7606628410016996,Schofield2018_NatMethods_TimeLapseSeq_SuppTable2
TRAP1,RNA,K562,8.33716647480872,0.08313941944836219,9.7770585358896,6.89727441372784,0.348912354544919,0.7054549574812654,Schofield2018_NatMethods_TimeLapseSeq_SuppTable2
TRAPPC10,RNA,K562,0.729182368492676,0.9505813778695437,0.800930728180769,0.657434008804583,0.1974300694789596,0.8208375402175867,Schofield2018_NatMethods_TimeLapseSeq_SuppTable2
TRAPPC12,RNA,K562,1.08994556275503,0.6359466052670495,1.04956696995713,1.13032415555293,0.07412678536742968,0.9285539593230268,Schofield2018_NatMethods_TimeLapseSeq_SuppTable2
TRAPPC3,RNA,K562,2.95437157289975,0.23461746887836904,3.40943717199241,2.49930597380709,0.3105341426151029,0.7330552955596902,Schofield2018_NatMethods_TimeLapseSeq_SuppTable2
TRAPPC8,RNA,K562,1.68844379440675,0.4105242844660333,1.52954441762176,1.84734317119174,0.18877855839322308,0.8279698333661716,Schofield2018_NatMethods_TimeLapseSeq_SuppTable2
TRAPPC9,RNA,K562,2.00358645006846,0.34595321830822984,2.08684988520329,1.92032301493362,0.0831622881658022,0.9202017972397434,Schofield2018_NatMethods_TimeLapseSeq_SuppTable2
TRG-AS1,RNA,K562,0.5953247948443549,1.164317674255724,0.5609990865036238,0.6296505031850849,0.11544563141640826,0.8909690116434624,Schofield2018_NatMethods_TimeLapseSeq_SuppTable2
TRIAP1,RNA,K562,1.55391312785425,0.44606559281540437,1.96193172142871,1.1458945342798,0.5377439754092469,0.5840644308688486,Schofield2018_NatMethods_TimeLapseSeq_SuppTable2
TRIB2,RNA,K562,1.00661066702827,0.6885951075863959,1.09535885305856,0.917862480997994,0.17678973168592044,0.8379559615874335,Schofield2018_NatMethods_TimeLapseSeq_SuppTable2
TRIB3,RNA,K562,0.874786400557332,0.7923616326435079,0.832463904285975,0.91710889682869,0.09683635586363379,0.9077045345046674,Schofield2018_NatMethods_TimeLapseSeq_SuppTable2
TRIM11,RNA,K562,0.3223355047577359,2.1503904172173267,0.3091322704364239,0.335538739079047,0.08196817147839151,0.9213012818874478,Schofield2018_NatMethods_TimeLapseSeq_SuppTable2
TRIM13,RNA,K562,0.3995755002943339,1.7347089099540929,0.3503450746539629,0.4488059259347049,0.24767196171681535,0.7806159732056063,Schofield2018_NatMethods_TimeLapseSeq_SuppTable2
TRIM14,RNA,K562,4.34146082752384,0.1596575917869753,4.66543677679246,4.01748487825521,0.1495254037285163,0.8611165621704718,Schofield2018_NatMethods_TimeLapseSeq_SuppTable2
TRIM24,RNA,K562,0.88408494910522,0.7840278032800782,0.868409845045619,0.8997600531648219,0.035464345249638186,0.9651571460536268,Schofield2018_NatMethods_TimeLapseSeq_SuppTable2
TRIM25,RNA,K562,2.44344589913717,0.28367609072282285,2.56962119900303,2.3172705992713,0.10336846739191545,0.9017946303409864,Schofield2018_NatMethods_TimeLapseSeq_SuppTable2
TRIM27,RNA,K562,0.569101976524768,1.217966566893093,0.576283770159709,0.561920182889826,0.0252403794280682,0.9750754957650425,Schofield2018_NatMethods_TimeLapseSeq_SuppTable2
TRIM28,RNA,K562,4.11203685328671,0.16856541059594823,4.33403097392552,3.8900427326479,0.10807790699155198,0.8975576676888672,Schofield2018_NatMethods_TimeLapseSeq_SuppTable2
TRIM33,RNA,K562,0.760360063017909,0.9116038759437308,0.736927537640736,0.783792588395083,0.06165486307990552,0.940207331061513,Schofield2018_NatMethods_TimeLapseSeq_SuppTable2
TRIM35,RNA,K562,0.3812934583036999,1.817883746664896,0.372354660162143,0.390232256445257,0.046895303592725694,0.9541872923423441,Schofield2018_NatMethods_TimeLapseSeq_SuppTable2
TRIM37,RNA,K562,1.31117204497421,0.5286470095338093,1.25414776680434,1.36819632314409,0.08703704833820447,0.9166431348991873,Schofield2018_NatMethods_TimeLapseSeq_SuppTable2
TRIM38,RNA,K562,0.528818880021928,1.3107459032688153,0.611233619956145,0.446404140087711,0.31425455739813263,0.7303330928029446,Schofield2018_NatMethods_TimeLapseSeq_SuppTable2
TRIM4,RNA,K562,0.505133494841978,1.372205936921257,0.458191901689151,0.5520750879948049,0.18639597032231686,0.8299448963606608,Schofield2018_NatMethods_TimeLapseSeq_SuppTable2
TRIM41,RNA,K562,2.77137683717552,0.25010932156969823,2.6214601048381,2.92129356951295,0.10829506697460704,0.897362775243147,Schofield2018_NatMethods_TimeLapseSeq_SuppTable2
TRIM44,RNA,K562,5.48170783549878,0.1264473046285357,5.43785424216051,5.52556142883705,0.01600031604404968,0.9841270090277506,Schofield2018_NatMethods_TimeLapseSeq_SuppTable2
TRIM58,RNA,K562,1.93377912026772,0.3584417544357306,2.21912638455405,1.64843185598139,0.2972891522725823,0.74282919055674,Schofield2018_NatMethods_TimeLapseSeq_SuppTable2
TRIM65,RNA,K562,1.00155941876556,0.6920679568010669,1.08632948192451,0.916789355606609,0.16968210931805575,0.8439330524128383,Schofield2018_NatMethods_TimeLapseSeq_SuppTable2
TRIM8,RNA,K562,0.687701772217841,1.0079182700439215,0.702336951906123,0.673066592529559,0.04256900380791429,0.958324335211005,Schofield2018_NatMethods_TimeLapseSeq_SuppTable2
TRIP10,RNA,K562,0.664037925186138,1.0438367362310632,0.620054757957563,0.708021092414713,0.1326660913705546,0.8757574662682154,Schofield2018_NatMethods_TimeLapseSeq_SuppTable2
TRIP11,RNA,K562,0.672304390965991,1.0310020131863287,0.692793365761428,0.651815416170554,0.06097036341066373,0.9408511229811845,Schofield2018_NatMethods_TimeLapseSeq_SuppTable2
TRIP12,RNA,K562,4.21569378574332,0.16442066615560127,4.1468217174501,4.28456585403654,0.0326770396937881,0.9678510866027022,Schofield2018_NatMethods_TimeLapseSeq_SuppTable2
TRIP13,RNA,K562,2.3741941498167294,0.2919505048116858,2.41532189757858,2.33306640205487,0.03464911442111379,0.9659442927229811,Schofield2018_NatMethods_TimeLapseSeq_SuppTable2
TRIP4,RNA,K562,1.62350572706889,0.4269447092197003,1.71637050579416,1.53064094834361,0.1145253220598122,0.8917893561887948,Schofield2018_NatMethods_TimeLapseSeq_SuppTable2
TRIP6,RNA,K562,2.96288627114843,0.2339432287055952,3.13841806183512,2.78735448046174,0.11862593990108888,0.8881399563549212,Schofield2018_NatMethods_TimeLapseSeq_SuppTable2
TRIT1,RNA,K562,1.87152758709018,0.3703643939535185,2.21796592715078,1.52508924702959,0.3745375958509413,0.6876071576936864,Schofield2018_NatMethods_TimeLapseSeq_SuppTable2
TRMO,RNA,K562,0.4701063935774519,1.4744474655730173,0.484955729087584,0.4552570580673199,0.06319538433452575,0.9387600367643035,Schofield2018_NatMethods_TimeLapseSeq_SuppTable2
TRMT1,RNA,K562,3.0125968973821906,0.2300829497508474,2.92524330743937,3.099950487325,0.058008480277963965,0.9436419450568748,Schofield2018_NatMethods_TimeLapseSeq_SuppTable2
TRMT10C,RNA,K562,0.494760729871966,1.400974529121011,0.5234698539818718,0.466051605762061,0.11618307316264545,0.8903122161036626,Schofield2018_NatMethods_TimeLapseSeq_SuppTable2
TRMT11,RNA,K562,1.01700718831887,0.6815558321723657,1.19166759698049,0.842346779657252,0.34691716536365746,0.7068638786450472,Schofield2018_NatMethods_TimeLapseSeq_SuppTable2
TRMT12,RNA,K562,0.4472605052195319,1.549761654496462,0.4818623171991279,0.4126586932399359,0.15503758160352873,0.8563829926327403,Schofield2018_NatMethods_TimeLapseSeq_SuppTable2
TRMT2A,RNA,K562,1.58172101037673,0.43822341361884887,1.54743664038065,1.6160053803728,0.043357508004768515,0.9575689902862009,Schofield2018_NatMethods_TimeLapseSeq_SuppTable2
TRMT5,RNA,K562,0.514113267387539,1.3482382667970525,0.530232227859297,0.497994306915781,0.06272643128854966,0.9392003743837489,Schofield2018_NatMethods_TimeLapseSeq_SuppTable2
TRMT6,RNA,K562,1.48990401603187,0.465229419547466,1.64059969403613,1.33920833802761,0.2029831952319438,0.8162919589073856,Schofield2018_NatMethods_TimeLapseSeq_SuppTable2
TRMU,RNA,K562,1.08409726369475,0.6393772992264606,1.10709784871202,1.06109667867749,0.04243906488977853,0.9584488669289287,Schofield2018_NatMethods_TimeLapseSeq_SuppTable2
TRNT1,RNA,K562,0.884225637346555,0.7839030574141561,0.913021578382455,0.855429696310655,0.06515560343187418,0.9369216638079552,Schofield2018_NatMethods_TimeLapseSeq_SuppTable2
TROAP,RNA,K562,0.727373834113008,0.9529448930551643,0.833073108702359,0.621674559523657,0.29270466425081043,0.7462425002434804,Schofield2018_NatMethods_TimeLapseSeq_SuppTable2
TROVE2,RNA,K562,1.75125807024174,0.3957995639467715,1.69252479390465,1.80999134657883,0.06710068939467247,0.9351010418385644,Schofield2018_NatMethods_TimeLapseSeq_SuppTable2
TRPC4AP,RNA,K562,2.13370357293269,0.3248563621268358,2.49868690229255,1.76872024357282,0.3455090959586406,0.7078598931102634,Schofield2018_NatMethods_TimeLapseSeq_SuppTable2
TRPM7,RNA,K562,2.072689056728,0.334419279298056,2.23381995176917,1.91155816168682,0.1557944019057321,0.8557351097938215,Schofield2018_NatMethods_TimeLapseSeq_SuppTable2
TRPS1,RNA,K562,0.5120355634651919,1.3537090585448472,0.6122620368247849,0.411809090105599,0.3966004871936008,0.6726026853490007,Schofield2018_NatMethods_TimeLapseSeq_SuppTable2
TRRAP,RNA,K562,1.65158219758137,0.41968675950552886,1.68654568716851,1.61661870799422,0.0423457144005221,0.9585383427758258,Schofield2018_NatMethods_TimeLapseSeq_SuppTable2
TRUB1,RNA,K562,0.3723298795863549,1.8616480131275173,0.37562167573312,0.3690380834395899,0.0176826094201717,0.9824728104929499,Schofield2018_NatMethods_TimeLapseSeq_SuppTable2
TRUB2,RNA,K562,2.41358522654596,0.28718570736028914,2.3777714316613,2.44939902143063,0.029679021330526335,0.970757075861207,Schofield2018_NatMethods_TimeLapseSeq_SuppTable2
TSC1,RNA,K562,0.563429819678498,1.2302280716265,0.607601662702273,0.519257976654723,0.15711868271048962,0.8546026262425837,Schofield2018_NatMethods_TimeLapseSeq_SuppTable2
TSC2,RNA,K562,3.40639393453303,0.2034841518278379,2.77786243641982,4.03492543264624,0.37330609723521424,0.6884544665793252,Schofield2018_NatMethods_TimeLapseSeq_SuppTable2
TSC22D2,RNA,K562,0.360877141885727,1.9207289686954812,0.3529917691186619,0.3687625146527919,0.04370810540246482,0.9572333279347036,Schofield2018_NatMethods_TimeLapseSeq_SuppTable2
TSC22D4,RNA,K562,1.55721215818965,0.44512058097836155,1.65055335578605,1.46387096059326,0.1200263288494153,0.8868970854299435,Schofield2018_NatMethods_TimeLapseSeq_SuppTable2
TSEN2,RNA,K562,0.84751501667641,0.817858287960691,0.846843552917505,0.8481864804353159,0.0015845474975315114,0.9984167072350392,Schofield2018_NatMethods_TimeLapseSeq_SuppTable2
TSHZ1,RNA,K562,0.494808872238504,1.400838221481687,0.423416543287543,0.566201201189466,0.290593063752477,0.7478199311446825,Schofield2018_NatMethods_TimeLapseSeq_SuppTable2
TSN,RNA,K562,4.207145048455,0.16475476185792345,4.28296435305857,4.13132574385143,0.0360470168915223,0.9645949401612808,Schofield2018_NatMethods_TimeLapseSeq_SuppTable2
TSPAN14,RNA,K562,1.61010042131655,0.43049934735944695,1.7123612244598,1.5078396181733,0.12719534112549638,0.8805616458927813,Schofield2018_NatMethods_TimeLapseSeq_SuppTable2
TSPAN17,RNA,K562,3.9589134812787705,0.1750852055337293,3.7353210274636,4.18250593509395,0.11307680688873493,0.893082062627054,Schofield2018_NatMethods_TimeLapseSeq_SuppTable2
TSPAN3,RNA,K562,2.72369583819589,0.2544877334831444,2.57416456992459,2.8732271064672,0.10991078280729334,0.8959140626686051,Schofield2018_NatMethods_TimeLapseSeq_SuppTable2
TSPYL1,RNA,K562,0.7997908980677259,0.8666605011817101,0.7347914492216239,0.864790346913828,0.1629003876499601,0.8496758224046668,Schofield2018_NatMethods_TimeLapseSeq_SuppTable2
TSPYL4,RNA,K562,0.6908001784330359,1.003397512334512,0.6242455891888609,0.7573547676772099,0.19328792980494405,0.8242446153780851,Schofield2018_NatMethods_TimeLapseSeq_SuppTable2
TSR1,RNA,K562,2.25918731759753,0.30681262025543476,2.42014637645549,2.09822825873958,0.14273472216672872,0.8669840300373127,Schofield2018_NatMethods_TimeLapseSeq_SuppTable2
TSR2,RNA,K562,3.57255625520795,0.19401994847512874,3.16880840950696,3.9763041009089495,0.2269971488336238,0.7969230544471178,Schofield2018_NatMethods_TimeLapseSeq_SuppTable2
TSSC2,RNA,K562,1.34937472828339,0.5136802743013678,1.42091910590933,1.27783035065745,0.10614031873550532,0.8992984508007519,Schofield2018_NatMethods_TimeLapseSeq_SuppTable2
TSTD2,RNA,K562,0.8768988440603999,0.7904528387224126,0.91895313754058,0.834844550580219,0.09598958762273117,0.9084734753880235,Schofield2018_NatMethods_TimeLapseSeq_SuppTable2
TTBK2,RNA,K562,0.663203756346971,1.0451496601555867,0.656263077752486,0.670144434941456,0.02093152198058444,0.9792860218406758,Schofield2018_NatMethods_TimeLapseSeq_SuppTable2
TTC1,RNA,K562,6.27420003568092,0.11047578601543903,6.06401477475943,6.48438529660241,0.06702493997155036,0.9351718778859055,Schofield2018_NatMethods_TimeLapseSeq_SuppTable2
TTC14,RNA,K562,1.11243891895344,0.6230878556568697,1.17177711249,1.05310072541688,0.10678261176887774,0.8987210231296161,Schofield2018_NatMethods_TimeLapseSeq_SuppTable2
TTC17,RNA,K562,1.13845131725578,0.6088509627541794,1.10995304348016,1.1669495910314,0.05007544576721762,0.9511576609741438,Schofield2018_NatMethods_TimeLapseSeq_SuppTable2
TTC21B,RNA,K562,1.24238314980408,0.5579174030726772,1.0908555118144,1.39391078779375,0.24515105139854768,0.7825863185555664,Schofield2018_NatMethods_TimeLapseSeq_SuppTable2
TTC27,RNA,K562,3.82026126132422,0.1814397322971778,3.49547984720984,4.1450426754386,0.170442422576223,0.8432916427911016,Schofield2018_NatMethods_TimeLapseSeq_SuppTable2
TTC3,RNA,K562,4.24989746229402,0.16309738922166764,4.41088909730736,4.08890582728068,0.07579886813350929,0.9270026375808825,Schofield2018_NatMethods_TimeLapseSeq_SuppTable2
TTC7A,RNA,K562,1.06532157319548,0.6506459626841303,1.01427165389129,1.11637149249967,0.09591291461609626,0.908543133451242,Schofield2018_NatMethods_TimeLapseSeq_SuppTable2
TTC7B,RNA,K562,2.2843984314132,0.30342657000125095,2.61648162013518,1.95231524269122,0.29281454997390866,0.7461605033519609,Schofield2018_NatMethods_TimeLapseSeq_SuppTable2
TTC9C,RNA,K562,0.484341889231917,1.431111361561474,0.450754846383352,0.5179289320804809,0.13891442224461206,0.8703025038062738,Schofield2018_NatMethods_TimeLapseSeq_SuppTable2
TTF1,RNA,K562,0.565930105088388,1.2247929105161992,0.536291140584085,0.5955690695926908,0.1048401816140524,0.9004684224969138,Schofield2018_NatMethods_TimeLapseSeq_SuppTable2
TTF2,RNA,K562,1.49448744958491,0.46380261055552197,1.60647866648236,1.38249623268747,0.15015389057443054,0.8605755317714021,Schofield2018_NatMethods_TimeLapseSeq_SuppTable2
TTI1,RNA,K562,0.789559900600691,0.8778905565399209,0.7825159418717959,0.7966038593295869,0.017843220282106814,0.9823150273592105,Schofield2018_NatMethods_TimeLapseSeq_SuppTable2
TTI2,RNA,K562,0.7014526929961579,0.9881595544230691,0.7953302001468179,0.6075751858454969,0.26928144425327666,0.7639282221816027,Schofield2018_NatMethods_TimeLapseSeq_SuppTable2
TTK,RNA,K562,1.32147228111924,0.5245264622371604,1.3042783114454,1.33866625079308,0.02602391330445676,0.9743117903156913,Schofield2018_NatMethods_TimeLapseSeq_SuppTable2
TTL,RNA,K562,2.3284476956187894,0.29768638645573703,2.47610601572188,2.18078937551571,0.12700026112143936,0.8807334426187426,Schofield2018_NatMethods_TimeLapseSeq_SuppTable2
TTLL12,RNA,K562,4.0509773854584,0.17110615898476814,4.24442184032276,3.85753293059405,0.09557777069400242,0.9088476771905194,Schofield2018_NatMethods_TimeLapseSeq_SuppTable2
TTLL4,RNA,K562,1.53759521419103,0.45079951742996843,1.59379325401496,1.48139717436711,0.07313119014229034,0.9294788835598904,Schofield2018_NatMethods_TimeLapseSeq_SuppTable2
TTN-AS1,RNA,K562,0.869367046620456,0.7973009596515751,0.968043563246064,0.770690529994847,0.2279901844463756,0.7961320742741693,Schofield2018_NatMethods_TimeLapseSeq_SuppTable2
TUBA1B,RNA,K562,5.36667584977878,0.12915763872500657,5.97429915688002,4.75905254267755,0.22741819224307214,0.7965875858755769,Schofield2018_NatMethods_TimeLapseSeq_SuppTable2
TUBA1C,RNA,K562,2.85220893535636,0.24302117981877167,3.10085792985348,2.60355994085925,0.1747991082284146,0.8396256777176089,Schofield2018_NatMethods_TimeLapseSeq_SuppTable2
TUBB,RNA,K562,3.31497490576088,0.20909575494986998,3.47439252050666,3.15555729101509,0.0962545316919164,0.9082328126112028,Schofield2018_NatMethods_TimeLapseSeq_SuppTable2
TUBB4B,RNA,K562,1.7129835361059,0.4046432239130952,1.7497242495335,1.67624282267831,0.042903329992791964,0.9580039958440416,Schofield2018_NatMethods_TimeLapseSeq_SuppTable2
TUBB6,RNA,K562,3.20366901952671,0.21636042185854346,3.82842780266606,2.57891023638736,0.39508730282378873,0.6736212276463579,Schofield2018_NatMethods_TimeLapseSeq_SuppTable2
TUBG1,RNA,K562,3.18715101364611,0.21748175018760182,3.64708553480194,2.72721649249029,0.2906468757896765,0.747779690513454,Schofield2018_NatMethods_TimeLapseSeq_SuppTable2
TUBGCP2,RNA,K562,4.42567454515365,0.15661955561530805,4.98705421195915,3.8642948783481494,0.25506616944965377,0.7748652238592915,Schofield2018_NatMethods_TimeLapseSeq_SuppTable2
TUBGCP3,RNA,K562,0.8770609512198309,0.7903067393388165,0.956806395928265,0.797315506511396,0.18235059978346108,0.8333091311935309,Schofield2018_NatMethods_TimeLapseSeq_SuppTable2
TUBGCP4,RNA,K562,2.99604351641705,0.2313541765203984,3.34931611318158,2.64277091965252,0.23692822217713652,0.7890479221270341,Schofield2018_NatMethods_TimeLapseSeq_SuppTable2
TUFM,RNA,K562,9.08718097837678,0.07627747067097153,9.208835532057268,8.96552642469629,0.026776581779103484,0.9735787324560216,Schofield2018_NatMethods_TimeLapseSeq_SuppTable2
TUG1,RNA,K562,2.66708224505303,0.25988969100807136,2.9717356474751706,2.36242884263088,0.22945591480190886,0.7949660140995494,Schofield2018_NatMethods_TimeLapseSeq_SuppTable2
TULP4,RNA,K562,0.5719616204769818,1.21187708360904,0.539280273405567,0.6046429675483979,0.11440272402061034,0.8918986945174401,Schofield2018_NatMethods_TimeLapseSeq_SuppTable2
TUSC3,RNA,K562,2.76351398885449,0.25082094150978523,2.70808559679956,2.81894238090943,0.04011980896045141,0.9606743348638059,Schofield2018_NatMethods_TimeLapseSeq_SuppTable2
TWF1,RNA,K562,0.384151654824541,1.8043581795229704,0.4030110827232539,0.365292226925829,0.09826640715204073,0.9064073981724065,Schofield2018_NatMethods_TimeLapseSeq_SuppTable2
TWISTNB,RNA,K562,0.822629279866673,0.8425996952993049,0.897120047641305,0.7481385120920419,0.18160154805503248,0.8339335566728631,Schofield2018_NatMethods_TimeLapseSeq_SuppTable2
TWNK,RNA,K562,0.441270370165111,1.570799281856584,0.429331400651975,0.453209339678247,0.05412502083515071,0.9473136651525673,Schofield2018_NatMethods_TimeLapseSeq_SuppTable2
TWSG1,RNA,K562,2.82024807758989,0.2457752514992549,3.48199427658578,2.15850187859399,0.4781907912932037,0.6199039134293116,Schofield2018_NatMethods_TimeLapseSeq_SuppTable2
TXLNA,RNA,K562,0.4654919377360979,1.489063771826081,0.4338754687493899,0.4971084067228049,0.13605056992987236,0.872798494014054,Schofield2018_NatMethods_TimeLapseSeq_SuppTable2
TXLNG,RNA,K562,0.525786899822919,1.3183043944103436,0.557117173692609,0.4944566259532299,0.11931614921948266,0.8875271653823541,Schofield2018_NatMethods_TimeLapseSeq_SuppTable2
TXNDC11,RNA,K562,0.6903240054543869,1.004089637740035,0.6931217678247849,0.687526243083989,0.008105694330650668,0.9919270682287815,Schofield2018_NatMethods_TimeLapseSeq_SuppTable2
TXNDC9,RNA,K562,1.24287080288712,0.5576984984680651,0.900360220421988,1.58538138535225,0.5657853508789714,0.5679139598462867,Schofield2018_NatMethods_TimeLapseSeq_SuppTable2
TXNIP,RNA,K562,0.287226599732112,2.41324160508262,0.257997422825038,0.316455776639186,0.2042339097416255,0.8152716489015128,Schofield2018_NatMethods_TimeLapseSeq_SuppTable2
TXNL1,RNA,K562,5.41604371549444,0.12798035188987886,5.67195982237203,5.16012760861685,0.0945733961621386,0.9097609592126606,Schofield2018_NatMethods_TimeLapseSeq_SuppTable2
TXNL4A,RNA,K562,3.3519736774057,0.20678777558194156,3.32708349934558,3.37686385546583,0.014851331149715498,0.9852584059497469,Schofield2018_NatMethods_TimeLapseSeq_SuppTable2
TXNL4B,RNA,K562,1.30504551749874,0.5311287393932713,1.21152381744112,1.39856721755635,0.14356937599667327,0.8662607004030582,Schofield2018_NatMethods_TimeLapseSeq_SuppTable2
TXNRD1,RNA,K562,1.78928462094925,0.3873878825338684,1.98581837414399,1.59275086775451,0.22056848151161323,0.8020627105140387,Schofield2018_NatMethods_TimeLapseSeq_SuppTable2
TXNRD2,RNA,K562,1.42730280570274,0.48563428712568857,1.44856011822674,1.40604549317875,0.02978889182482118,0.9706504241604867,Schofield2018_NatMethods_TimeLapseSeq_SuppTable2
TYK2,RNA,K562,2.48665432602951,0.27874689831405197,2.42461383765825,2.54869481440078,0.04990912114064554,0.9513158750740023,Schofield2018_NatMethods_TimeLapseSeq_SuppTable2
TYMS,RNA,K562,6.87438757027391,0.10083039012191261,7.41457595166841,6.33419918887941,0.15748439086003496,0.8542901482389028,Schofield2018_NatMethods_TimeLapseSeq_SuppTable2
TYRO3,RNA,K562,1.67460259304527,0.41391741744496824,1.70330698645645,1.64589819963409,0.03428539437570474,0.9662956899262224,Schofield2018_NatMethods_TimeLapseSeq_SuppTable2
TYW1,RNA,K562,0.890850878863174,0.7780731848684699,0.8049051152855509,0.976796642440797,0.1935540842249698,0.8240252682219222,Schofield2018_NatMethods_TimeLapseSeq_SuppTable2
TYW1B,RNA,K562,0.7867355687046829,0.8810421291885585,0.735073578264925,0.83839755914444,0.13152180155132046,0.8767601601978016,Schofield2018_NatMethods_TimeLapseSeq_SuppTable2
TYW3,RNA,K562,2.5158249075399306,0.275514873265855,2.80694417230552,2.22470564277433,0.23247179695742476,0.7925721019763066,Schofield2018_NatMethods_TimeLapseSeq_SuppTable2
U1,RNA,K562,2.55102490730184,0.2717132155691381,2.50185121105318,2.60019860355049,0.0385568858190305,0.9621769689580559,Schofield2018_NatMethods_TimeLapseSeq_SuppTable2
U2AF1,RNA,K562,0.996560950079543,0.6955391745026934,1.10472619696974,0.888395703189343,0.21793554226372333,0.804177275442738,Schofield2018_NatMethods_TimeLapseSeq_SuppTable2
U2AF2,RNA,K562,3.20582198656908,0.21621511845134048,3.6045355602834106,2.80710841285474,0.250038011383616,0.7787711803387031,Schofield2018_NatMethods_TimeLapseSeq_SuppTable2
U2SURP,RNA,K562,2.89261965582307,0.2396261047195008,3.03213875340117,2.75310055824498,0.09654047744762273,0.9079731444205212,Schofield2018_NatMethods_TimeLapseSeq_SuppTable2
UAP1,RNA,K562,4.27912026163838,0.16198357096291438,4.10891094524181,4.44932957803496,0.07959541163817194,0.9234899040804491,Schofield2018_NatMethods_TimeLapseSeq_SuppTable2
UBA1,RNA,K562,6.31050173154331,0.1098402646964218,6.89194729262454,5.72905617046208,0.18480287105713503,0.8312681347103547,Schofield2018_NatMethods_TimeLapseSeq_SuppTable2
UBA2,RNA,K562,6.63053474675698,0.10453865442737725,7.601929160696151,5.6591403328178,0.29513005599656356,0.7444347629647684,Schofield2018_NatMethods_TimeLapseSeq_SuppTable2
UBA52,RNA,K562,6.41627072794948,0.10802960316817276,6.40287788086921,6.42966357502975,0.004174657553815956,0.995834044215849,Schofield2018_NatMethods_TimeLapseSeq_SuppTable2
UBA6,RNA,K562,3.8286865143325906,0.1810404633456321,4.27408098776278,3.38329204090241,0.23371989357001763,0.7915835124765281,Schofield2018_NatMethods_TimeLapseSeq_SuppTable2
UBA6-AS1,RNA,K562,1.33388651945949,0.5196447902036063,1.39246635910791,1.27530667981108,0.08788985102552896,0.9158617524003316,Schofield2018_NatMethods_TimeLapseSeq_SuppTable2
UBAC1,RNA,K562,3.7286442834989906,0.18589791030145955,3.55261520680069,3.9046733601972905,0.09449012299136667,0.9098367210467991,Schofield2018_NatMethods_TimeLapseSeq_SuppTable2
UBAC2,RNA,K562,1.5340519736181,0.45184074104421657,1.76876349159263,1.29934045564358,0.30842391622241305,0.7346038415083002,Schofield2018_NatMethods_TimeLapseSeq_SuppTable2
UBALD2,RNA,K562,0.895513082941641,0.7740223942715044,0.9269153441471008,0.864110821736182,0.07016121253150254,0.9322435184534482,Schofield2018_NatMethods_TimeLapseSeq_SuppTable2
UBAP1,RNA,K562,0.520122805200784,1.3326606209707885,0.51607868985964,0.524166920541927,0.015550930664442164,0.984569360703028,Schofield2018_NatMethods_TimeLapseSeq_SuppTable2
UBAP2,RNA,K562,2.69174842708608,0.2575081584835562,2.5198119024491,2.86368495172307,0.12792498330543794,0.8799193853125978,Schofield2018_NatMethods_TimeLapseSeq_SuppTable2
UBAP2L,RNA,K562,3.6250173317885506,0.191212101106825,3.8644286718929295,3.38560599168417,0.1322809371320675,0.8760948329331653,Schofield2018_NatMethods_TimeLapseSeq_SuppTable2
UBB,RNA,K562,8.35376657972503,0.08297420977050579,9.482803683934101,7.22472947551596,0.2719702293304315,0.7618769423389201,Schofield2018_NatMethods_TimeLapseSeq_SuppTable2
UBC,RNA,K562,1.01061045151475,0.6858697923824397,1.01289896365748,1.00832193937202,0.004528977611619993,0.995481262742206,Schofield2018_NatMethods_TimeLapseSeq_SuppTable2
UBE2D2,RNA,K562,2.48365228077182,0.2790838258343244,2.04125428700628,2.92605027453736,0.3600890189650356,0.6976142224107972,Schofield2018_NatMethods_TimeLapseSeq_SuppTable2
UBE2D3,RNA,K562,3.08410584138165,0.22474818187479,3.07593911836216,3.0922725644011506,0.0052960193506587745,0.9947179798355991,Schofield2018_NatMethods_TimeLapseSeq_SuppTable2
UBE2E1,RNA,K562,5.20915148090047,0.13306335649892173,5.77432543040045,4.64397753140048,0.2178502153723196,0.8042458963173503,Schofield2018_NatMethods_TimeLapseSeq_SuppTable2
UBE2E3,RNA,K562,2.99302581281479,0.23158743823464567,3.16427804473995,2.82177358088963,0.11455930699837681,0.891759049297304,Schofield2018_NatMethods_TimeLapseSeq_SuppTable2
UBE2G1,RNA,K562,1.44137657363071,0.4808924976586542,1.56326235926951,1.31949078799191,0.1695289980731779,0.8440622779457755,Schofield2018_NatMethods_TimeLapseSeq_SuppTable2
UBE2G2,RNA,K562,5.35678651738875,0.12939608071180533,5.25670470567862,5.45686832909887,0.037370710488004694,0.9633189567076644,Schofield2018_NatMethods_TimeLapseSeq_SuppTable2
UBE2H,RNA,K562,1.27272964572219,0.5446146264367324,1.2827254682835,1.26273382316088,0.015708014858106027,0.9844147125656029,Schofield2018_NatMethods_TimeLapseSeq_SuppTable2
UBE2I,RNA,K562,3.12653741690424,0.22169802824437942,3.70886982933616,2.54420500447232,0.3769089762492754,0.6859785113913529,Schofield2018_NatMethods_TimeLapseSeq_SuppTable2
UBE2J2,RNA,K562,1.01710683310372,0.681489060932561,1.09055916252818,0.943654503679264,0.14468572954336256,0.8652941867836353,Schofield2018_NatMethods_TimeLapseSeq_SuppTable2
UBE2K,RNA,K562,3.42941613572467,0.20211813122920305,3.6455554165817894,3.21327685486755,0.12621748800151933,0.8814231269814133,Schofield2018_NatMethods_TimeLapseSeq_SuppTable2
UBE2L3,RNA,K562,2.45887043902004,0.28189658534273676,2.61807943666755,2.29966144137252,0.12967909683140155,0.8783772597441383,Schofield2018_NatMethods_TimeLapseSeq_SuppTable2
UBE2M,RNA,K562,3.69472522485218,0.18760452763782373,4.05233772326285,3.33711272644151,0.19418795024176433,0.8235031121134057,Schofield2018_NatMethods_TimeLapseSeq_SuppTable2
UBE2N,RNA,K562,4.25458478746514,0.16291770294532523,3.94322217599215,4.56594739893812,0.1466278276287458,0.8636153313788077,Schofield2018_NatMethods_TimeLapseSeq_SuppTable2
UBE2O,RNA,K562,0.9729866495041108,0.7123912552276153,1.01765757433992,0.928315724668301,0.0918868740706113,0.9122083381243749,Schofield2018_NatMethods_TimeLapseSeq_SuppTable2
UBE2Q1,RNA,K562,1.15648650550847,0.599356047181191,1.21725195382812,1.09572105718881,0.105183174927467,0.9001596208105406,Schofield2018_NatMethods_TimeLapseSeq_SuppTable2
UBE2Q2,RNA,K562,0.607745773115369,1.1405215983762416,0.5374457629623979,0.6780457832683409,0.23238696381102555,0.7926393412134831,Schofield2018_NatMethods_TimeLapseSeq_SuppTable2
UBE2R2,RNA,K562,1.16087255657206,0.5970915382880092,1.1080382561214,1.21370685702273,0.09108807988483535,0.9129372959459591,Schofield2018_NatMethods_TimeLapseSeq_SuppTable2
UBE2S,RNA,K562,1.90506751828019,0.36384389209768675,2.03893639558685,1.77119864097353,0.14077178150016717,0.8686875396442864,Schofield2018_NatMethods_TimeLapseSeq_SuppTable2
UBE2T,RNA,K562,0.735058444577485,0.9429824059206197,0.7713326959033429,0.6987841932516279,0.09877783452692311,0.9059439551350146,Schofield2018_NatMethods_TimeLapseSeq_SuppTable2
UBE2Z,RNA,K562,0.5846888327685819,1.185497553079299,0.5596634718715578,0.6097141936656069,0.08565465239211191,0.9179111749176386,Schofield2018_NatMethods_TimeLapseSeq_SuppTable2
UBE3A,RNA,K562,1.26236910018683,0.549084400479511,1.40555707750247,1.11918112287119,0.2278364430447989,0.796254482144446,Schofield2018_NatMethods_TimeLapseSeq_SuppTable2
UBE3C,RNA,K562,0.974505354573169,0.7112810384336391,1.04070746740223,0.90830324174411,0.13607772845757984,0.8727747904138501,Schofield2018_NatMethods_TimeLapseSeq_SuppTable2
UBE4A,RNA,K562,3.23705287451784,0.2141290882260271,3.20350016112842,3.27060558790726,0.02073115044678705,0.979482262542767,Schofield2018_NatMethods_TimeLapseSeq_SuppTable2
UBE4B,RNA,K562,4.37094059182026,0.1585807827855393,4.68567991389144,4.05620126974908,0.14426414308096594,0.8656590600061751,Schofield2018_NatMethods_TimeLapseSeq_SuppTable2
UBFD1,RNA,K562,4.52753662751899,0.15309587477369072,3.83801305918042,5.21706019585756,0.3069792621982935,0.7356658568417269,Schofield2018_NatMethods_TimeLapseSeq_SuppTable2
UBIAD1,RNA,K562,0.5183120371863859,1.3373163863271198,0.560621873452108,0.4760022009206629,0.1636241778968537,0.8490610578385257,Schofield2018_NatMethods_TimeLapseSeq_SuppTable2
UBL4A,RNA,K562,1.13594644715482,0.610193537112648,1.1092979111769,1.16259498313275,0.046927258311665054,0.9541568020427589,Schofield2018_NatMethods_TimeLapseSeq_SuppTable2
UBN1,RNA,K562,1.18084972971148,0.5869901674358715,1.07588990226543,1.28580955715753,0.17824039035729447,0.8367412547810282,Schofield2018_NatMethods_TimeLapseSeq_SuppTable2
UBN2,RNA,K562,0.6504218201949759,1.065688694687644,0.6484621672900939,0.652381473099858,0.006025809017093586,0.9939923097583672,Schofield2018_NatMethods_TimeLapseSeq_SuppTable2
UBP1,RNA,K562,3.06093824750213,0.22644925330512175,3.09888581436077,3.02299068064349,0.024795999188485258,0.975508896337655,Schofield2018_NatMethods_TimeLapseSeq_SuppTable2
UBQLN1,RNA,K562,3.16369706568643,0.21909404287719075,3.23251515792803,3.09487897344484,0.04351171940348482,0.9574213336183047,Schofield2018_NatMethods_TimeLapseSeq_SuppTable2
UBQLN2,RNA,K562,0.73241477568168,0.9463861237845902,0.7510136221625558,0.713815929200805,0.05079866343500144,0.95047001563748,Schofield2018_NatMethods_TimeLapseSeq_SuppTable2
UBQLN4,RNA,K562,3.49990151634912,0.19804762428943812,3.8302079572065906,3.16959507549165,0.1893152553470806,0.8275255837031021,Schofield2018_NatMethods_TimeLapseSeq_SuppTable2
UBR1,RNA,K562,1.07096254253489,0.6472188830426474,1.01656460820963,1.12536047686015,0.1016744966626204,0.9033235386459728,Schofield2018_NatMethods_TimeLapseSeq_SuppTable2
UBR2,RNA,K562,3.04992902223589,0.2272666594882926,2.90544415252863,3.19441389194314,0.09481735454640164,0.9095390424693113,Schofield2018_NatMethods_TimeLapseSeq_SuppTable2
UBR3,RNA,K562,2.08317660206947,0.3327356787088328,2.2956886012686306,1.8706646028703,0.2047390723036488,0.8148599081933603,Schofield2018_NatMethods_TimeLapseSeq_SuppTable2
UBR4,RNA,K562,2.09414411633271,0.33099306545042984,2.26006250997251,1.92822572269291,0.15879220676053735,0.8531736242624385,Schofield2018_NatMethods_TimeLapseSeq_SuppTable2
UBR5,RNA,K562,1.47448492618916,0.4700944501015687,1.54899877520025,1.39997107717806,0.10115719348161964,0.9037909516726866,Schofield2018_NatMethods_TimeLapseSeq_SuppTable2
UBR7,RNA,K562,3.36400670298,0.20604809733164978,3.20659122826099,3.52142217769901,0.09365648552572929,0.9105955112591076,Schofield2018_NatMethods_TimeLapseSeq_SuppTable2
UBTF,RNA,K562,1.48112669827585,0.4679864196404157,1.57905253500942,1.38320086154227,0.13242472753520723,0.8759688679604433,Schofield2018_NatMethods_TimeLapseSeq_SuppTable2
UBXN1,RNA,K562,6.64805535588037,0.10426314816209216,6.60772613662158,6.68838457513916,0.012132785248859962,0.987940520224063,Schofield2018_NatMethods_TimeLapseSeq_SuppTable2
UBXN2A,RNA,K562,1.45901366569266,0.47507929285287187,1.33419019849151,1.58383713289381,0.17152595305302662,0.8423784054449002,Schofield2018_NatMethods_TimeLapseSeq_SuppTable2
UBXN4,RNA,K562,2.06825959757118,0.33513548365685286,2.70687316645234,1.42964602869003,0.6383672743735515,0.5281540511052983,Schofield2018_NatMethods_TimeLapseSeq_SuppTable2
UBXN6,RNA,K562,3.4398988737786,0.20150219701038743,3.56731436814195,3.3124833794152506,0.074114861092469,0.9285650317217686,Schofield2018_NatMethods_TimeLapseSeq_SuppTable2
UBXN7,RNA,K562,0.961940490919016,0.7205717891111209,0.9221373879700528,1.00174359386798,0.082803131285841,0.9205323534033816,Schofield2018_NatMethods_TimeLapseSeq_SuppTable2
UBXN8,RNA,K562,2.28281303834037,0.30363729701836245,2.63321590654451,1.93241017013623,0.3094378607188472,0.733859371475571,Schofield2018_NatMethods_TimeLapseSeq_SuppTable2
UCA1,RNA,K562,1.84986915450177,0.37470065321816365,1.96237342865594,1.7373648803476,0.12178514491574456,0.8853385675618061,Schofield2018_NatMethods_TimeLapseSeq_SuppTable2
UCHL5,RNA,K562,3.86167476551429,0.17949393013360962,3.9689113328187906,3.7544381982098,0.0555531739238252,0.945961721836535,Schofield2018_NatMethods_TimeLapseSeq_SuppTable2
UCK2,RNA,K562,1.06888533273081,0.6484766507077786,1.1109966916152,1.02677397384643,0.07883570997312492,0.9241917474602697,Schofield2018_NatMethods_TimeLapseSeq_SuppTable2
UCKL1,RNA,K562,1.43234599837291,0.483924401888464,1.54284243761638,1.32184955912945,0.1545945168362152,0.856762509833244,Schofield2018_NatMethods_TimeLapseSeq_SuppTable2
UFD1L,RNA,K562,2.50020142208591,0.27723653559946176,2.72231990513592,2.2780829390359,0.17815015002017748,0.8368167660009671,Schofield2018_NatMethods_TimeLapseSeq_SuppTable2
UFL1,RNA,K562,1.90996787036298,0.3629103878214538,2.22572240714061,1.59421333358534,0.3337011335021227,0.7162678186959662,Schofield2018_NatMethods_TimeLapseSeq_SuppTable2
UFM1,RNA,K562,3.02000537914474,0.22951852514787352,3.27848228092888,2.76152847736061,0.17159627349376136,0.8423191711068807,Schofield2018_NatMethods_TimeLapseSeq_SuppTable2
UGCG,RNA,K562,0.5400729836946069,1.2834324276288864,0.56767451673217,0.512471450657044,0.10230321712634,0.9027557791515752,Schofield2018_NatMethods_TimeLapseSeq_SuppTable2
UGGT1,RNA,K562,5.37676349788593,0.1289153188219049,5.28801778872932,5.46550920704255,0.03301382680063833,0.9675251817187455,Schofield2018_NatMethods_TimeLapseSeq_SuppTable2
UGP2,RNA,K562,2.3408285604499306,0.29611189485261386,2.3708852732642,2.31077184763565,0.02568181652456686,0.974645156260224,Schofield2018_NatMethods_TimeLapseSeq_SuppTable2
UHMK1,RNA,K562,0.5195737021790389,1.3340690216863498,0.501986891710056,0.537160512648022,0.06772294886053494,0.9345193473649583,Schofield2018_NatMethods_TimeLapseSeq_SuppTable2
UHRF1,RNA,K562,1.38072281361879,0.5020176198459769,1.49568887893175,1.26575674830583,0.16691672597346777,0.8462700807201683,Schofield2018_NatMethods_TimeLapseSeq_SuppTable2
UHRF1BP1,RNA,K562,1.22229533065389,0.5670864996180041,1.21959857586528,1.2249920854425,0.004412614687668101,0.9955971065925119,Schofield2018_NatMethods_TimeLapseSeq_SuppTable2
UIMC1,RNA,K562,1.02489989272506,0.6763072037376914,1.07380973009893,0.975990055351194,0.09551570214541928,0.908904089797432,Schofield2018_NatMethods_TimeLapseSeq_SuppTable2
UMPS,RNA,K562,0.7912189779580568,0.8760497408047379,0.844957965324432,0.737479990591682,0.13604792449685177,0.8728008029470644,Schofield2018_NatMethods_TimeLapseSeq_SuppTable2
UNC119B,RNA,K562,1.78554399533943,0.38819944082541563,1.71498207518172,1.85610591549715,0.07907807050099015,0.9239677870011903,Schofield2018_NatMethods_TimeLapseSeq_SuppTable2
UNC13D,RNA,K562,4.42687999606365,0.1565769077039104,3.96120600199909,4.89255399012822,0.21116593065041345,0.8096397116908011,Schofield2018_NatMethods_TimeLapseSeq_SuppTable2
UNC45A,RNA,K562,3.77754996053564,0.18349120138748876,3.95706851806932,3.59803140300196,0.09511661451886572,0.9092668945640253,Schofield2018_NatMethods_TimeLapseSeq_SuppTable2
UNG,RNA,K562,0.99401649384696,0.6973195966571789,1.19174362942892,0.796289358264996,0.40321011331373835,0.668171692804916,Schofield2018_NatMethods_TimeLapseSeq_SuppTable2
UNK,RNA,K562,1.32312439608553,0.5238715139790519,1.38024793188172,1.26600086028933,0.08640014056071302,0.9172271379993051,Schofield2018_NatMethods_TimeLapseSeq_SuppTable2
UNKL,RNA,K562,0.561955734954598,1.2334551236779292,0.423042548668258,0.700868921240938,0.5048481194502031,0.6035972431467375,Schofield2018_NatMethods_TimeLapseSeq_SuppTable2
UPF1,RNA,K562,1.59008635503039,0.4359179477058639,1.72766804743844,1.45250466262235,0.1734831299452493,0.8407313342258854,Schofield2018_NatMethods_TimeLapseSeq_SuppTable2
UPF2,RNA,K562,2.08588645025465,0.3323034101282571,1.87979504109925,2.29197785941004,0.1982523886557901,0.8201628272199424,Schofield2018_NatMethods_TimeLapseSeq_SuppTable2
UPF3A,RNA,K562,2.9535629535735106,0.2346817018818941,2.67101276048542,3.23611314666161,0.19191525202562124,0.8253768145408791,Schofield2018_NatMethods_TimeLapseSeq_SuppTable2
UQCC1,RNA,K562,2.1264708626137,0.3259612876651318,2.51021585390431,1.74272587132308,0.3649182669029866,0.6942533920389752,Schofield2018_NatMethods_TimeLapseSeq_SuppTable2
UQCC2,RNA,K562,2.86884293843182,0.2416121047528787,2.59751169912745,3.14017417773618,0.18972432102207115,0.8271871406190764,Schofield2018_NatMethods_TimeLapseSeq_SuppTable2
UQCRB,RNA,K562,9.24784587584772,0.07495228509054351,8.55478505004852,9.94090670164691,0.15016745260126654,0.8605638607020877,Schofield2018_NatMethods_TimeLapseSeq_SuppTable2
UQCRC1,RNA,K562,5.58785301161815,0.12404534963943536,6.06010451044166,5.11560151279463,0.16943205558116092,0.8441441074127292,Schofield2018_NatMethods_TimeLapseSeq_SuppTable2
UQCRC2,RNA,K562,4.67198197755451,0.14836255445547852,4.58812796426935,4.75583599083968,0.0359004035923137,0.9647363729755701,Schofield2018_NatMethods_TimeLapseSeq_SuppTable2
UQCRFS1,RNA,K562,3.8612671454970706,0.1795128786590897,3.51977140254088,4.20276288845325,0.1773460945565589,0.8374898836694228,Schofield2018_NatMethods_TimeLapseSeq_SuppTable2
UQCRH,RNA,K562,8.42748878086472,0.08224836586359993,6.69059339959389,10.1643841621356,0.41818729139958283,0.6582389343879498,Schofield2018_NatMethods_TimeLapseSeq_SuppTable2
UQCRQ,RNA,K562,7.823320566045529,0.08860012506304747,7.08450215810577,8.56213897398529,0.1894404354315967,0.8274220004640095,Schofield2018_NatMethods_TimeLapseSeq_SuppTable2
URB1,RNA,K562,1.96250057686118,0.35319591175283305,1.86147911241018,2.06352204131218,0.1030428582416061,0.9020883107342422,Schofield2018_NatMethods_TimeLapseSeq_SuppTable2
URB2,RNA,K562,0.343195909943038,2.019683686425606,0.339230243621338,0.3471615762647379,0.02311124765923345,0.977153771656597,Schofield2018_NatMethods_TimeLapseSeq_SuppTable2
URI1,RNA,K562,3.80128337362913,0.18234556922763417,3.97679122007108,3.62577552718718,0.09240706404904392,0.9117339398879416,Schofield2018_NatMethods_TimeLapseSeq_SuppTable2
URM1,RNA,K562,3.36796233252546,0.20580609642394374,3.78577649646807,2.95014816858285,0.24939562110247662,0.7792716160965083,Schofield2018_NatMethods_TimeLapseSeq_SuppTable2
UROD,RNA,K562,8.58944489461488,0.0806975525268823,8.77516166373007,8.40372812549968,0.043249760546756465,0.9576721714694307,Schofield2018_NatMethods_TimeLapseSeq_SuppTable2
USF1,RNA,K562,1.28309431609288,0.5402152997377708,1.21762483441985,1.3485637977659,0.1021380685269722,0.9029048803156586,Schofield2018_NatMethods_TimeLapseSeq_SuppTable2
USF2,RNA,K562,3.64836450288132,0.1899884674386366,3.6863852229236,3.6103437828390295,0.02084336501885994,0.9793723565264665,Schofield2018_NatMethods_TimeLapseSeq_SuppTable2
USP1,RNA,K562,0.8450755941069918,0.8202191441730223,0.855841667491776,0.8343095207222069,0.02548092967755907,0.974840969320092,Schofield2018_NatMethods_TimeLapseSeq_SuppTable2
USP10,RNA,K562,1.84645084597977,0.37539433127565613,1.96876651244988,1.72413517950966,0.13268163127676133,0.875743857185072,Schofield2018_NatMethods_TimeLapseSeq_SuppTable2
USP11,RNA,K562,3.6202756736835,0.19146254126407258,4.10360253746629,3.13694880990072,0.2686146446771023,0.7644377790636576,Schofield2018_NatMethods_TimeLapseSeq_SuppTable2
USP12,RNA,K562,0.5148954406631439,1.3461901695366103,0.477317951292044,0.552472930034243,0.14622160339204732,0.8639662241233416,Schofield2018_NatMethods_TimeLapseSeq_SuppTable2
USP14,RNA,K562,4.21323725025802,0.16451653191794427,4.61607436663776,3.81040013387828,0.191810434059975,0.8254633333937567,Schofield2018_NatMethods_TimeLapseSeq_SuppTable2
USP15,RNA,K562,2.04760588841695,0.33851591484523075,2.00029734960376,2.09491442723015,0.04621686203819124,0.9548348723000153,Schofield2018_NatMethods_TimeLapseSeq_SuppTable2
USP16,RNA,K562,2.90741365718958,0.23840679803023573,3.00914613229283,2.80568118208634,0.07001000638172905,0.9323844900641435,Schofield2018_NatMethods_TimeLapseSeq_SuppTable2
USP19,RNA,K562,1.76458028909391,0.39281135851056553,1.94355555588142,1.58560502230639,0.20355300434501808,0.815826960802931,Schofield2018_NatMethods_TimeLapseSeq_SuppTable2
USP2,RNA,K562,0.400024519248927,1.7327617363590007,0.387830311817147,0.412218726680707,0.0609861951945107,0.9408362277474827,Schofield2018_NatMethods_TimeLapseSeq_SuppTable2
USP20,RNA,K562,1.36720309168755,0.5069818703411415,1.31598619042434,1.41841999295077,0.07495723185394482,0.9277831650459645,Schofield2018_NatMethods_TimeLapseSeq_SuppTable2
USP22,RNA,K562,1.93009584987863,0.3591257815530417,2.02292288001555,1.83726881974171,0.0962633040607182,0.9082248452929589,Schofield2018_NatMethods_TimeLapseSeq_SuppTable2
USP24,RNA,K562,2.35146898165621,0.29477198549807826,2.63635470177677,2.06658326153565,0.24350052295403765,0.7838790660994431,Schofield2018_NatMethods_TimeLapseSeq_SuppTable2
USP25,RNA,K562,1.63018326603568,0.4251958629446355,1.71106165800941,1.54930487406196,0.09930766851035819,0.9054640823781697,Schofield2018_NatMethods_TimeLapseSeq_SuppTable2
USP3,RNA,K562,0.89625994540976,0.7733773935898097,1.00116480512123,0.791355085698288,0.23517263187498486,0.7904343836801809,Schofield2018_NatMethods_TimeLapseSeq_SuppTable2
USP32,RNA,K562,1.39934140596688,0.4953381480776042,1.3944043308908,1.40427848104297,0.00705631312044782,0.9929685242026665,Schofield2018_NatMethods_TimeLapseSeq_SuppTable2
USP33,RNA,K562,1.87609738453698,0.36946226047376196,1.8657549352769,1.88643983379706,0.011025604659475243,0.9890349545479407,Schofield2018_NatMethods_TimeLapseSeq_SuppTable2
USP34,RNA,K562,2.16567997819049,0.3200598368827775,2.10807738450589,2.2232825718750906,0.0532083998354685,0.9481823908366097,Schofield2018_NatMethods_TimeLapseSeq_SuppTable2
USP36,RNA,K562,0.4941672406486279,1.4026570835617165,0.488838907285702,0.4994955740115539,0.021565734965279228,0.978665142835469,Schofield2018_NatMethods_TimeLapseSeq_SuppTable2
USP37,RNA,K562,0.4953862114932879,1.3992056389105552,0.5143074422151929,0.4764649807713839,0.07642699546455341,0.9264205447216235,Schofield2018_NatMethods_TimeLapseSeq_SuppTable2
USP38,RNA,K562,0.670013585038244,1.0345270544333527,0.64891259452432,0.691114575552169,0.06300759076518307,0.938936346416755,Schofield2018_NatMethods_TimeLapseSeq_SuppTable2
USP39,RNA,K562,3.20388767823984,0.21634565570686554,3.12763961028977,3.2801357461899,0.04760620562950595,0.9535091997100228,Schofield2018_NatMethods_TimeLapseSeq_SuppTable2
USP4,RNA,K562,1.55350473453368,0.4461828568343625,1.55318795208257,1.55382151698479,0.00040782940464722796,0.9995922537464602,Schofield2018_NatMethods_TimeLapseSeq_SuppTable2
USP42,RNA,K562,0.5133106390589959,1.3503464136855352,0.4280997417668889,0.598521536351102,0.33510629828555794,0.7152620511816621,Schofield2018_NatMethods_TimeLapseSeq_SuppTable2
USP47,RNA,K562,1.85872860061435,0.3729146795991869,1.8863641792186,1.83109302201011,0.0297381933171338,0.970699635935949,Schofield2018_NatMethods_TimeLapseSeq_SuppTable2
USP48,RNA,K562,4.61874747248515,0.15007254340904516,4.46166482468032,4.77583012028998,0.0680458305471955,0.93421765688965,Schofield2018_NatMethods_TimeLapseSeq_SuppTable2
USP5,RNA,K562,4.3144627970413,0.16065665951165,3.98795902169975,4.64096657238285,0.15164308091203285,0.8592949247751592,Schofield2018_NatMethods_TimeLapseSeq_SuppTable2
USP53,RNA,K562,0.4989022565922979,1.3893446489787757,0.45390304398178,0.543901469202816,0.18088449193951772,0.8345317482724497,Schofield2018_NatMethods_TimeLapseSeq_SuppTable2
USP54,RNA,K562,0.885361986668556,0.7828969291624125,0.952198745554488,0.818525227782625,0.1512695610350312,0.8596159484604008,Schofield2018_NatMethods_TimeLapseSeq_SuppTable2
USP6NL,RNA,K562,0.520522771743497,1.3316366126274184,0.5528228748867229,0.48822266860027,0.12426606173774703,0.8831448385711429,Schofield2018_NatMethods_TimeLapseSeq_SuppTable2
USP7,RNA,K562,3.03980734855399,0.22802339131447572,2.98306123199194,3.09655346511603,0.037339675247267085,0.9633488540073255,Schofield2018_NatMethods_TimeLapseSeq_SuppTable2
USP8,RNA,K562,1.0384952462726,0.6674533976422242,1.10869485116534,0.968295641379863,0.13540133744315005,0.873365327134058,Schofield2018_NatMethods_TimeLapseSeq_SuppTable2
USP9X,RNA,K562,3.33746362534733,0.20768681201366185,3.67663202398793,2.99829522670673,0.20395325286276758,0.8155004926096932,Schofield2018_NatMethods_TimeLapseSeq_SuppTable2
USPL1,RNA,K562,0.3145037648463049,2.2039392148411325,0.3238881317138879,0.305119397978722,0.059695014897865536,0.9420518015407073,Schofield2018_NatMethods_TimeLapseSeq_SuppTable2
UTP11,RNA,K562,2.48599419254312,0.2788209170556711,2.62574511544276,2.34624326964347,0.11254926891133027,0.8935533216246088,Schofield2018_NatMethods_TimeLapseSeq_SuppTable2
UTP14A,RNA,K562,1.99717461940038,0.34706388406240196,2.09702118579889,1.89732805300188,0.10007124624933497,0.904772954060102,Schofield2018_NatMethods_TimeLapseSeq_SuppTable2
UTP14C,RNA,K562,0.461904439949684,1.5006289626387894,0.503151282780793,0.4206575971185739,0.17907169161519862,0.8360459597632409,Schofield2018_NatMethods_TimeLapseSeq_SuppTable2
UTP15,RNA,K562,0.757425367396071,0.9151359465855947,0.767253352855902,0.747597381936241,0.025952489838298697,0.9743813815260675,Schofield2018_NatMethods_TimeLapseSeq_SuppTable2
UTP18,RNA,K562,3.6765297521014495,0.18853299913151872,3.18984793565002,4.16321156855289,0.2663135415114961,0.7661988546882316,Schofield2018_NatMethods_TimeLapseSeq_SuppTable2
UTP20,RNA,K562,3.18111110321155,0.21789467832801113,3.25569661681924,3.10652558960386,0.046901339219955165,0.9541815332409204,Schofield2018_NatMethods_TimeLapseSeq_SuppTable2
UTP23,RNA,K562,0.428484902424962,1.6176700197303497,0.4347613263062499,0.4222084785436729,0.029297988322490566,0.9711270368290885,Schofield2018_NatMethods_TimeLapseSeq_SuppTable2
UTP3,RNA,K562,0.5408777554079879,1.2815228092290456,0.558785229269771,0.522970281546205,0.06624055468441979,0.9359057007101464,Schofield2018_NatMethods_TimeLapseSeq_SuppTable2
UTP4,RNA,K562,2.50350070117562,0.27687117492495605,2.44500222922967,2.56199917312156,0.04674184605045006,0.9543337308148543,Schofield2018_NatMethods_TimeLapseSeq_SuppTable2
UTP6,RNA,K562,3.75355236534668,0.18466431611802647,4.01453481930597,3.49256991138738,0.13928365046491128,0.8699812228783141,Schofield2018_NatMethods_TimeLapseSeq_SuppTable2
UTRN,RNA,K562,1.92035392128132,0.3609476216225058,2.29710530607784,1.5436025364848,0.39753077379851476,0.6719772630364963,Schofield2018_NatMethods_TimeLapseSeq_SuppTable2
UVRAG,RNA,K562,0.660180998442867,1.0499350665875475,0.7590919724440899,0.5612700244416449,0.301920829157627,0.7393966012240825,Schofield2018_NatMethods_TimeLapseSeq_SuppTable2
UXS1,RNA,K562,1.07896807780788,0.6424167635878532,1.0779292472136,1.08000690840216,0.00192560083405603,0.9980762519458011,Schofield2018_NatMethods_TimeLapseSeq_SuppTable2
VAC14,RNA,K562,1.78745678809381,0.3877840209491919,1.77500714571408,1.79990643047354,0.013930231807009832,0.9861663449066576,Schofield2018_NatMethods_TimeLapseSeq_SuppTable2
VAMP3,RNA,K562,0.899483883147542,0.7706054477979442,0.906232372543048,0.892735393752035,0.01500552961305033,0.985106492330286,Schofield2018_NatMethods_TimeLapseSeq_SuppTable2
VANGL1,RNA,K562,0.368072338730901,1.8831819390446172,0.3886428443790599,0.347501833082741,0.11189084397951433,0.894141853140123,Schofield2018_NatMethods_TimeLapseSeq_SuppTable2
VAPA,RNA,K562,1.28926427364322,0.5376300225874101,1.31388618433589,1.26464236295054,0.03819993343374429,0.9625204816273789,Schofield2018_NatMethods_TimeLapseSeq_SuppTable2
VAPB,RNA,K562,1.97365624998475,0.3511995468133324,2.15258031216347,1.79473218780603,0.18181145591822284,0.8337585258327567,Schofield2018_NatMethods_TimeLapseSeq_SuppTable2
VARS,RNA,K562,4.1120725346124,0.16856394791812218,4.0484775617673,4.1756675074575,0.030933327777220358,0.9695402123222107,Schofield2018_NatMethods_TimeLapseSeq_SuppTable2
VARS2,RNA,K562,2.61438335087434,0.2651283639517261,3.28521067799893,1.94355602374974,0.5249114861029971,0.5916077275548088,Schofield2018_NatMethods_TimeLapseSeq_SuppTable2
VASP,RNA,K562,2.69989538483152,0.25673112538143744,2.53103120173185,2.8687595679312,0.1252529207330418,0.8822737290448839,Schofield2018_NatMethods_TimeLapseSeq_SuppTable2
VCL,RNA,K562,4.41194243151985,0.1571070319521749,4.46778656488426,4.35609829815545,0.025316339376936094,0.9750014318932214,Schofield2018_NatMethods_TimeLapseSeq_SuppTable2
VCP,RNA,K562,3.40453580595116,0.20359520946976606,3.5118115153191,3.29726009658322,0.06304015573224225,0.9389057704834182,Schofield2018_NatMethods_TimeLapseSeq_SuppTable2
VCPIP1,RNA,K562,0.329728018380035,2.102178589388312,0.2597441271797479,0.3997119095803209,0.4310470413577789,0.6498283412482436,Schofield2018_NatMethods_TimeLapseSeq_SuppTable2
VDAC1,RNA,K562,8.2360916004776,0.0841597221332204,8.60265203833796,7.86953116261723,0.08907204434702937,0.9147796664966158,Schofield2018_NatMethods_TimeLapseSeq_SuppTable2
VDAC2,RNA,K562,4.93358464235938,0.14049564987871835,5.35941378699647,4.50775549772229,0.17305524371469835,0.8410911485617035,Schofield2018_NatMethods_TimeLapseSeq_SuppTable2
VEGFA,RNA,K562,0.4285314317208069,1.6174943755620208,0.443124149243531,0.4139387141980819,0.06813204785345335,0.9341371146319326,Schofield2018_NatMethods_TimeLapseSeq_SuppTable2
VEZF1,RNA,K562,0.5144548031019999,1.3473431997922594,0.446948083261668,0.581961522942332,0.2639618907232702,0.7680028071305277,Schofield2018_NatMethods_TimeLapseSeq_SuppTable2
VEZT,RNA,K562,1.08122940877146,0.6410731847809517,1.04541047576897,1.11704834177394,0.06628018930250235,0.9358686071802363,Schofield2018_NatMethods_TimeLapseSeq_SuppTable2
VGLL4,RNA,K562,0.457459859857623,1.5152087459119936,0.473888057776966,0.4410316619382789,0.07185446012816453,0.930666335014184,Schofield2018_NatMethods_TimeLapseSeq_SuppTable2
VHL,RNA,K562,1.63432673659182,0.4241178737645909,1.62331046721553,1.64534300596811,0.013481314324594807,0.9866091516038529,Schofield2018_NatMethods_TimeLapseSeq_SuppTable2
VIM,RNA,K562,5.50336791448637,0.12594963508352627,5.68915948670925,5.31757634226349,0.06754489481578528,0.9346857571291797,Schofield2018_NatMethods_TimeLapseSeq_SuppTable2
VKORC1L1,RNA,K562,1.70157827892815,0.40735544708326277,1.57878399223732,1.82437256561898,0.14458120270183894,0.8653846379791751,Schofield2018_NatMethods_TimeLapseSeq_SuppTable2
VMA21,RNA,K562,3.20590259787933,0.21620968179708724,3.6188838351150694,2.79292136064358,0.25907751475966034,0.771763197686276,Schofield2018_NatMethods_TimeLapseSeq_SuppTable2
VMP1,RNA,K562,2.87240243763394,0.24131269751006953,2.92927799538275,2.8155268798851294,0.03960656192910605,0.9611675246675393,Schofield2018_NatMethods_TimeLapseSeq_SuppTable2
VOPP1,RNA,K562,3.1397958339666694,0.22076186389618077,3.36776306396339,2.91182860396994,0.14546747465054255,0.8646180116195946,Schofield2018_NatMethods_TimeLapseSeq_SuppTable2
VPS11,RNA,K562,2.305989431878,0.300585584208617,2.10300981269628,2.50896905105972,0.17650236938229447,0.8381967931441906,Schofield2018_NatMethods_TimeLapseSeq_SuppTable2
VPS13A,RNA,K562,2.5486665027264,0.27196464496961875,2.4289713907512,2.66836161470161,0.09399678486293857,0.910285688929317,Schofield2018_NatMethods_TimeLapseSeq_SuppTable2
VPS13B,RNA,K562,1.78953295735454,0.3873341240859974,1.70066401368484,1.87840190102425,0.09940259161105482,0.9053781369990663,Schofield2018_NatMethods_TimeLapseSeq_SuppTable2
VPS13C,RNA,K562,3.04445134201749,0.22767556537809933,3.00876603852965,3.08013664550533,0.02344392069535591,0.976828753010089,Schofield2018_NatMethods_TimeLapseSeq_SuppTable2
VPS13D,RNA,K562,1.60240686786904,0.43256628167209915,1.46231137008032,1.74250236565777,0.1753039071917692,0.8392019425054371,Schofield2018_NatMethods_TimeLapseSeq_SuppTable2
VPS18,RNA,K562,0.4003617410173649,1.7313022438122563,0.3750899694870429,0.425633512547687,0.12641276098916457,0.8812510256579448,Schofield2018_NatMethods_TimeLapseSeq_SuppTable2
VPS26A,RNA,K562,4.19368544900454,0.16528354093044306,4.48185654403896,3.90551435397012,0.1376478763520453,0.8714054802054303,Schofield2018_NatMethods_TimeLapseSeq_SuppTable2
VPS26B,RNA,K562,4.3864587848243,0.15801976367770873,5.0362736480882,3.7366439215604,0.2984785916940395,0.7419461654906008,Schofield2018_NatMethods_TimeLapseSeq_SuppTable2
VPS35,RNA,K562,6.16028693472312,0.11251865179411474,7.42996173643128,4.89061213301497,0.418203232613743,0.6582284413437643,Schofield2018_NatMethods_TimeLapseSeq_SuppTable2
VPS37A,RNA,K562,0.795606564391736,0.8712185288338792,0.827958871119148,0.7632542576643239,0.08137227065551632,0.9218504496879619,Schofield2018_NatMethods_TimeLapseSeq_SuppTable2
VPS37B,RNA,K562,0.5143832286369528,1.3475306774614195,0.5635401636767648,0.465226293597142,0.1917146662127822,0.8255423900256137,Schofield2018_NatMethods_TimeLapseSeq_SuppTable2
VPS37C,RNA,K562,0.6644540697224879,1.043182986070717,0.6868897403642849,0.642018399080691,0.06755682268312639,0.9346746083879535,Schofield2018_NatMethods_TimeLapseSeq_SuppTable2
VPS39,RNA,K562,2.69389987190704,0.2573025032549777,2.35300373211393,3.03479601170016,0.2544515144394928,0.7753416450536738,Schofield2018_NatMethods_TimeLapseSeq_SuppTable2
VPS41,RNA,K562,4.11605682040561,0.1684007803594024,4.60305369480547,3.62905994600576,0.23774628324688582,0.7884026966926633,Schofield2018_NatMethods_TimeLapseSeq_SuppTable2
VPS52,RNA,K562,3.29344079403599,0.2104629243116039,3.53250271814637,3.05437886992562,0.145430348992318,0.8646501117282539,Schofield2018_NatMethods_TimeLapseSeq_SuppTable2
VPS53,RNA,K562,2.14936496785128,0.3224892891284464,2.25874748499149,2.03998245071107,0.10186924424570062,0.9031476356989749,Schofield2018_NatMethods_TimeLapseSeq_SuppTable2
VPS54,RNA,K562,2.38680035555183,0.29040852912043796,2.02626593585676,2.7473347752469,0.3044366103485607,0.7375387790789573,Schofield2018_NatMethods_TimeLapseSeq_SuppTable2
VPS72,RNA,K562,2.1941082861961494,0.3159129314267487,2.67597011740935,1.71224645498296,0.4465057506076989,0.6398600805903667,Schofield2018_NatMethods_TimeLapseSeq_SuppTable2
VPS8,RNA,K562,2.14903633741208,0.3225386041609,2.3370473900567,1.96102528476746,0.17542089256557405,0.8391037738947531,Schofield2018_NatMethods_TimeLapseSeq_SuppTable2
VRK1,RNA,K562,2.67018614090573,0.2595875882738381,2.66744092932778,2.67293135248368,0.0020561956360351384,0.9979459168860441,Schofield2018_NatMethods_TimeLapseSeq_SuppTable2
VRK3,RNA,K562,1.34721154359794,0.5145050781770968,1.2369649965421,1.45745809065379,0.16403308860640456,0.8487139386541257,Schofield2018_NatMethods_TimeLapseSeq_SuppTable2
VTA1,RNA,K562,3.14919130980905,0.22010323043917393,3.23148845411269,3.06689416550542,0.052277475756266324,0.9490654876399786,Schofield2018_NatMethods_TimeLapseSeq_SuppTable2
VTI1A,RNA,K562,1.71513738329457,0.4041350782224185,1.7538302530956,1.67644451349354,0.04512692249763535,0.9558761519448816,Schofield2018_NatMethods_TimeLapseSeq_SuppTable2
VTRNA1-3,RNA,K562,0.294453487884692,2.354012464037722,0.256585334015393,0.3323216417539909,0.25864200489313377,0.7720993813738333,Schofield2018_NatMethods_TimeLapseSeq_SuppTable2
VWA8,RNA,K562,2.13543318118542,0.3245932425640993,2.79454962136575,1.4763167410051,0.6381206590325844,0.5282843180589492,Schofield2018_NatMethods_TimeLapseSeq_SuppTable2
VWDE,RNA,K562,1.13442852765346,0.6110100051818202,0.967459434723148,1.30139762058376,0.2965205626178155,0.7434003408498477,Schofield2018_NatMethods_TimeLapseSeq_SuppTable2
WAC,RNA,K562,0.611900731123399,1.1327771733290537,0.691606328329437,0.532195133917361,0.262006688873929,0.7695058765625656,Schofield2018_NatMethods_TimeLapseSeq_SuppTable2
WAPL,RNA,K562,0.947119407106066,0.7318477220077924,0.985794905709503,0.908443908502629,0.08171518143492226,0.9215343914247534,Schofield2018_NatMethods_TimeLapseSeq_SuppTable2
WARS,RNA,K562,5.17247361142025,0.13400690513520513,5.49840334895656,4.84654387388394,0.1261919022993925,0.8814456790994927,Schofield2018_NatMethods_TimeLapseSeq_SuppTable2
WASF2,RNA,K562,2.25687830700629,0.3071265200290719,2.44064775119544,2.07310886281714,0.16321412917555295,0.8494092856298997,Schofield2018_NatMethods_TimeLapseSeq_SuppTable2
WASH3P,RNA,K562,1.22477706471171,0.5659374269252008,1.2710237248434,1.17853040458002,0.07555441586397901,0.9272292731791644,Schofield2018_NatMethods_TimeLapseSeq_SuppTable2
WASH5P,RNA,K562,1.06693010491881,0.6496650318182666,1.02667255448888,1.10718765534873,0.07550011319427341,0.9272796255712494,Schofield2018_NatMethods_TimeLapseSeq_SuppTable2
WASHC2C,RNA,K562,3.00710928324576,0.23050282356608884,3.03483017487344,2.97938839161809,0.018437425644123692,0.9817315038863214,Schofield2018_NatMethods_TimeLapseSeq_SuppTable2
WASHC5,RNA,K562,2.943711343106,0.23546710250081263,2.44590888142052,3.44151380479147,0.3414946496254547,0.7107072701597731,Schofield2018_NatMethods_TimeLapseSeq_SuppTable2
WASL,RNA,K562,0.4084464366705339,1.6970332418864025,0.376026681133786,0.440866192207282,0.15908130904035506,0.8529270054733287,Schofield2018_NatMethods_TimeLapseSeq_SuppTable2
WBP11,RNA,K562,2.4161779919199,0.28687753256504467,2.16239496111537,2.66996102272443,0.21084748832548297,0.8098975762982714,Schofield2018_NatMethods_TimeLapseSeq_SuppTable2
WBP1L,RNA,K562,0.556083272400541,1.2464809048610952,0.541971034882403,0.570195509918679,0.050766743039686604,0.9505003555003417,Schofield2018_NatMethods_TimeLapseSeq_SuppTable2
WBP2,RNA,K562,2.66584757271517,0.260010057459502,2.73044858436796,2.60124656106238,0.04847513562456135,0.9526810268300703,Schofield2018_NatMethods_TimeLapseSeq_SuppTable2
WDCP,RNA,K562,0.392273878872959,1.7669980538888403,0.3888290926997199,0.395718665046199,0.017563620279122456,0.9825897210441797,Schofield2018_NatMethods_TimeLapseSeq_SuppTable2
WDFY3,RNA,K562,0.8259716759291539,0.8391900119095593,0.8601148283758339,0.791828523482475,0.08272104408347969,0.920607920430456,Schofield2018_NatMethods_TimeLapseSeq_SuppTable2
WDHD1,RNA,K562,2.19011917627258,0.31648833911386975,2.23560884196628,2.14462951057888,0.04154678835994689,0.9593044500095192,Schofield2018_NatMethods_TimeLapseSeq_SuppTable2
WDR1,RNA,K562,2.55732800441085,0.2710435186117749,2.53508934842251,2.57956666039919,0.01739254139283502,0.9827578357793643,Schofield2018_NatMethods_TimeLapseSeq_SuppTable2
WDR12,RNA,K562,2.88137793637719,0.24056100791534904,2.90481626115258,2.8579396116018,0.016269189446658422,0.9838624390197472,Schofield2018_NatMethods_TimeLapseSeq_SuppTable2
WDR18,RNA,K562,2.99956718293502,0.23108239898854802,2.76274294923967,3.23639141663036,0.15823494041002964,0.8536492017137286,Schofield2018_NatMethods_TimeLapseSeq_SuppTable2
WDR20,RNA,K562,0.499316398721871,1.3881923011826451,0.4631507807773049,0.535482016666437,0.14511464550512637,0.8649231278775348,Schofield2018_NatMethods_TimeLapseSeq_SuppTable2
WDR26,RNA,K562,1.04240929589199,0.6649472364565006,0.984381521193326,1.10043707059066,0.11144917007327375,0.8945368594907102,Schofield2018_NatMethods_TimeLapseSeq_SuppTable2
WDR27,RNA,K562,0.90712862333065,0.7641112436899611,0.82696048015577,0.98729676650553,0.1772137626363278,0.8376007176471777,Schofield2018_NatMethods_TimeLapseSeq_SuppTable2
WDR3,RNA,K562,1.99581851653076,0.34729970426610296,1.93781163608935,2.05382539697217,0.0581447878059605,0.943513328321944,Schofield2018_NatMethods_TimeLapseSeq_SuppTable2
WDR33,RNA,K562,0.7773894131640638,0.8916344483503538,0.79163032716213,0.763148499165998,0.03664188648625087,0.9640213025968386,Schofield2018_NatMethods_TimeLapseSeq_SuppTable2
WDR36,RNA,K562,1.32121006469374,0.5246305633620939,1.28567258344435,1.35674754594314,0.05380833252768697,0.9476137158225835,Schofield2018_NatMethods_TimeLapseSeq_SuppTable2
WDR37,RNA,K562,0.5923790926549019,1.1701074348411333,0.6318256979813969,0.552932487328407,0.13337765210303926,0.8751345332976427,Schofield2018_NatMethods_TimeLapseSeq_SuppTable2
WDR4,RNA,K562,1.25634601073016,0.5517167839432258,1.31411475420712,1.1985772672532,0.09202800543876719,0.9120796059978564,Schofield2018_NatMethods_TimeLapseSeq_SuppTable2
WDR43,RNA,K562,0.7401116330288189,0.9365440963592517,0.812565273484779,0.6676579925728598,0.19642019231364613,0.8216669040131783,Schofield2018_NatMethods_TimeLapseSeq_SuppTable2
WDR44,RNA,K562,0.843652021514538,0.821603176290144,0.756558362916255,0.930745680112822,0.20720639259198093,0.8128518660699531,Schofield2018_NatMethods_TimeLapseSeq_SuppTable2
WDR45B,RNA,K562,0.513155055382666,1.3507558257280676,0.511902360545601,0.514407750219732,0.004882334539310429,0.9951295646827624,Schofield2018_NatMethods_TimeLapseSeq_SuppTable2
WDR46,RNA,K562,4.41265127183059,0.15708179456302082,4.93089865543573,3.89440388822544,0.2359806322678305,0.7897959703414961,Schofield2018_NatMethods_TimeLapseSeq_SuppTable2
WDR48,RNA,K562,3.51193097938752,0.1973692491760843,3.7057623548743495,3.31809960390069,0.11049679080384676,0.8953892036644633,Schofield2018_NatMethods_TimeLapseSeq_SuppTable2
WDR5,RNA,K562,2.00714098483909,0.34534055444815404,2.25679476174667,1.75748720793151,0.2500604934886395,0.778753672120049,Schofield2018_NatMethods_TimeLapseSeq_SuppTable2
WDR55,RNA,K562,2.40988941054095,0.28762613650572205,2.47913715520622,2.34064166587568,0.057485470385011346,0.944135608213649,Schofield2018_NatMethods_TimeLapseSeq_SuppTable2
WDR59,RNA,K562,1.62522956881566,0.4264918592793366,1.90009452976877,1.35036460786254,0.34152900156115296,0.7106828564086605,Schofield2018_NatMethods_TimeLapseSeq_SuppTable2
WDR6,RNA,K562,2.1502923843117,0.3223502001946674,2.52877620115693,1.77180856746646,0.35573465631065393,0.7006585108859564,Schofield2018_NatMethods_TimeLapseSeq_SuppTable2
WDR60,RNA,K562,2.20048044599964,0.31499810953560214,2.17356632298377,2.2273945690155,0.02446326236059496,0.9758335380805379,Schofield2018_NatMethods_TimeLapseSeq_SuppTable2
WDR62,RNA,K562,1.71620112743207,0.40388458525085147,1.74840319176603,1.68399906309811,0.03753155007578121,0.963164029343331,Schofield2018_NatMethods_TimeLapseSeq_SuppTable2
WDR70,RNA,K562,3.15959581113208,0.21937843382302477,2.91054978324425,3.40864183901991,0.15797193199188703,0.8538737481674294,Schofield2018_NatMethods_TimeLapseSeq_SuppTable2
WDR73,RNA,K562,1.09790221563739,0.631337810132332,0.930306532227631,1.26549789904715,0.30770678342220803,0.7351308389591958,Schofield2018_NatMethods_TimeLapseSeq_SuppTable2
WDR74,RNA,K562,1.07943807998076,0.6421370465013612,1.17251688679831,0.986359273163204,0.1728872399640638,0.8412324668999605,Schofield2018_NatMethods_TimeLapseSeq_SuppTable2
WDR75,RNA,K562,1.98822198403599,0.34862665543657834,2.08385175757177,1.89259221050021,0.09627055844124197,0.9082182567082281,Schofield2018_NatMethods_TimeLapseSeq_SuppTable2
WDR76,RNA,K562,1.65270456490574,0.41940174625189475,1.55223958766482,1.75316954214665,0.12172653334920222,0.8853904601629097,Schofield2018_NatMethods_TimeLapseSeq_SuppTable2
WDR81,RNA,K562,0.858368702395307,0.8075168381905055,0.89184687718026,0.8248905276103529,0.07804377176592625,0.9249239401032585,Schofield2018_NatMethods_TimeLapseSeq_SuppTable2
WDR82,RNA,K562,0.477090986848682,1.4528616127048934,0.5007441524686639,0.453437821228701,0.09923714542319553,0.9055279407522923,Schofield2018_NatMethods_TimeLapseSeq_SuppTable2
WEE1,RNA,K562,0.3368834182351619,2.0575283407867024,0.3616013792504739,0.31216545721985,0.14700908396356244,0.8632861353209036,Schofield2018_NatMethods_TimeLapseSeq_SuppTable2
WHAMM,RNA,K562,0.521028944032347,1.3303429463928451,0.526993204301473,0.515064683763222,0.022895161077590456,0.9773649442898183,Schofield2018_NatMethods_TimeLapseSeq_SuppTable2
WIPF2,RNA,K562,0.512152121730722,1.3534009743386095,0.491615359193149,0.5326888842682959,0.08024092645188903,0.9228939700298691,Schofield2018_NatMethods_TimeLapseSeq_SuppTable2
WIPI2,RNA,K562,3.38014991518166,0.20506403501416692,2.92009024852998,3.84020958183334,0.27391242087931705,0.760398667391458,Schofield2018_NatMethods_TimeLapseSeq_SuppTable2
WIZ,RNA,K562,1.03474518731909,0.6698723406057222,0.910405131661827,1.15908524297636,0.24149668929637527,0.7854514041814913,Schofield2018_NatMethods_TimeLapseSeq_SuppTable2
WNK1,RNA,K562,2.14525967278643,0.32310642359655783,2.3193644652549894,1.97115488031787,0.16267360611446363,0.849868535043354,Schofield2018_NatMethods_TimeLapseSeq_SuppTable2
WNK4,RNA,K562,1.4940884341574,0.4639264749752579,1.53516895297701,1.45300791533778,0.05500460991213491,0.9464807847501718,Schofield2018_NatMethods_TimeLapseSeq_SuppTable2
WRN,RNA,K562,1.35552560314524,0.5113493828162513,1.53630119581457,1.1747500104759,0.268322338608914,0.764661261526279,Schofield2018_NatMethods_TimeLapseSeq_SuppTable2
WRNIP1,RNA,K562,1.08190856499529,0.6406707581272941,1.11180551186893,1.05201161812165,0.05528112303685518,0.9462191065712856,Schofield2018_NatMethods_TimeLapseSeq_SuppTable2
WSB1,RNA,K562,0.789193604188835,0.8782980207656268,0.784826967938677,0.7935602404389939,0.011066183984687464,0.9889948209911756,Schofield2018_NatMethods_TimeLapseSeq_SuppTable2
WSB2,RNA,K562,4.45850202590667,0.15546638232579665,4.17510727484415,4.74189677696919,0.1272971670341405,0.8804719864679748,Schofield2018_NatMethods_TimeLapseSeq_SuppTable2
WT1,RNA,K562,0.339816410017168,2.0397695936018114,0.36862767893414,0.311005141100196,0.16997769156729242,0.8436836376461058,Schofield2018_NatMethods_TimeLapseSeq_SuppTable2
WTAP,RNA,K562,0.487723815551223,1.4211878904796844,0.507642727869794,0.467804903232653,0.08172657299078133,0.9215238937740499,Schofield2018_NatMethods_TimeLapseSeq_SuppTable2
WWC2,RNA,K562,2.213003105862,0.31321563838924366,2.31232931225873,2.1136768994652706,0.08982633947241171,0.9140899128249982,Schofield2018_NatMethods_TimeLapseSeq_SuppTable2
WWP2,RNA,K562,1.8542662841718,0.3738121037289617,2.00877834125392,1.69975422708968,0.16704307856017614,0.8461631590614717,Schofield2018_NatMethods_TimeLapseSeq_SuppTable2
XAB2,RNA,K562,1.4860063545418,0.46644967462045106,1.37371670947121,1.59829599961238,0.15141806836964064,0.8594882986658071,Schofield2018_NatMethods_TimeLapseSeq_SuppTable2
XBP1,RNA,K562,0.5775041226573389,1.2002462897935415,0.6223076939967729,0.532700551317904,0.1554752064327306,0.8560083001652015,Schofield2018_NatMethods_TimeLapseSeq_SuppTable2
XIAP,RNA,K562,0.4510572663770289,1.536716581748976,0.461656266593064,0.4404582661609949,0.04700490354918653,0.9540827191873592,Schofield2018_NatMethods_TimeLapseSeq_SuppTable2
XIST,RNA,K562,1.98343690746447,0.3494677234004036,2.15551741491278,1.81135640001616,0.17395483756622215,0.8403348483683925,Schofield2018_NatMethods_TimeLapseSeq_SuppTable2
XKR3,RNA,K562,1.03024072316994,0.6728011861414349,1.20693460706976,0.8535468392701229,0.34643862178024815,0.707202224768743,Schofield2018_NatMethods_TimeLapseSeq_SuppTable2
XPC,RNA,K562,2.22725827228465,0.311210957968039,1.83112123568894,2.62339530888037,0.3595409218852997,0.6979966875333165,Schofield2018_NatMethods_TimeLapseSeq_SuppTable2
XPO1,RNA,K562,3.39687052052969,0.2040546368696619,3.8189718526088106,2.97476918845057,0.24981478558606537,0.7789450415609767,Schofield2018_NatMethods_TimeLapseSeq_SuppTable2
XPO4,RNA,K562,2.27525459387048,0.30464598661937836,2.06902706756054,2.48148212018043,0.18177752965869515,0.8337868126207172,Schofield2018_NatMethods_TimeLapseSeq_SuppTable2
XPO5,RNA,K562,3.60025646337921,0.19252716788663315,3.40761857739548,3.7928943493629506,0.10711572528414187,0.8984216968679392,Schofield2018_NatMethods_TimeLapseSeq_SuppTable2
XPO6,RNA,K562,2.75068286283208,0.2519909473847112,2.75246030451832,2.74890542114584,0.0012923641308476843,0.9987084706120397,Schofield2018_NatMethods_TimeLapseSeq_SuppTable2
XPO7,RNA,K562,3.88061073681676,0.17861806493081278,4.26071044110475,3.5005110325287694,0.19652694945807292,0.8215791898829742,Schofield2018_NatMethods_TimeLapseSeq_SuppTable2
XPOT,RNA,K562,5.39969173984094,0.12836791690267182,5.27517602313043,5.52420745655146,0.04612774221711459,0.9549199708049179,Schofield2018_NatMethods_TimeLapseSeq_SuppTable2
XPR1,RNA,K562,3.05927920372116,0.22657205648861156,3.1391055036701494,2.97945290377218,0.05219819356942449,0.9491407346101275,Schofield2018_NatMethods_TimeLapseSeq_SuppTable2
XRCC2,RNA,K562,0.822230930130265,0.8430079131785164,0.78960464100419,0.854857219256339,0.07940209420283381,0.9236684480375404,Schofield2018_NatMethods_TimeLapseSeq_SuppTable2
XRCC3,RNA,K562,1.08379663687187,0.6395546516554577,1.14868402584111,1.01890924790263,0.11988427146307339,0.8870230846612027,Schofield2018_NatMethods_TimeLapseSeq_SuppTable2
XRCC5,RNA,K562,5.94321072600145,0.1166284038234481,6.47898890872264,5.40743254328025,0.18079006147725504,0.8346105572121357,Schofield2018_NatMethods_TimeLapseSeq_SuppTable2
XRCC6,RNA,K562,6.13183681861741,0.11304070885503999,6.66981093484863,5.59386270238619,0.17592146317520574,0.83868384831708,Schofield2018_NatMethods_TimeLapseSeq_SuppTable2
XRN1,RNA,K562,1.26870747926488,0.5463412109476737,1.36231283566061,1.17510212286915,0.1478288128973547,0.8625787646633469,Schofield2018_NatMethods_TimeLapseSeq_SuppTable2
XRN2,RNA,K562,4.25515532913127,0.16289585854001193,3.57887640693581,4.93143425132673,0.3205809705953779,0.7257272883589527,Schofield2018_NatMethods_TimeLapseSeq_SuppTable2
XRRA1,RNA,K562,1.34707083401866,0.5145588212997741,1.26139970917758,1.43274195885973,0.12736807735987346,0.8804095541261906,Schofield2018_NatMethods_TimeLapseSeq_SuppTable2
XXYLT1,RNA,K562,1.43793156531269,0.4820446238755561,1.15816124984699,1.71770188077839,0.39415366357106396,0.6742504405491833,Schofield2018_NatMethods_TimeLapseSeq_SuppTable2
XYLB,RNA,K562,2.71265867466709,0.25552318359589105,3.0044055592034,2.42091179013078,0.2159354891930869,0.8057872821845897,Schofield2018_NatMethods_TimeLapseSeq_SuppTable2
YARS,RNA,K562,4.623121461662,0.14993055802404998,4.66518955803445,4.58105336528956,0.01819950346155815,0.9819651073770436,Schofield2018_NatMethods_TimeLapseSeq_SuppTable2
YARS2,RNA,K562,0.723013503240302,0.9586918881231042,0.746254849595657,0.6997721568849469,0.06431237141071962,0.9377120393443396,Schofield2018_NatMethods_TimeLapseSeq_SuppTable2
YBX1,RNA,K562,10.5992653568996,0.06539577576560442,10.5967226480928,10.6018080657064,0.00047978964012298597,0.9995203254405208,Schofield2018_NatMethods_TimeLapseSeq_SuppTable2
YBX3,RNA,K562,8.57873239460368,0.08079832178888793,8.80007540134908,8.35738938785828,0.051614185633331346,0.949695202222593,Schofield2018_NatMethods_TimeLapseSeq_SuppTable2
YDJC,RNA,K562,1.97841000125152,0.35035567962225633,2.170705133175,1.78611486932803,0.19500926401325283,0.8228270353401498,Schofield2018_NatMethods_TimeLapseSeq_SuppTable2
YEATS2,RNA,K562,0.94635919612134,0.7324356157797314,1.09914198745006,0.793576404792624,0.32573531934571354,0.721996260586561,Schofield2018_NatMethods_TimeLapseSeq_SuppTable2
YEATS4,RNA,K562,0.6472821868934139,1.0708578029725448,0.630984987940443,0.6635793858463849,0.05036642235281082,0.9508809366276979,Schofield2018_NatMethods_TimeLapseSeq_SuppTable2
YES1,RNA,K562,0.613855053791543,1.1291707647899056,0.6530712856141209,0.5746388219689659,0.1279445819178656,0.8799021402825874,Schofield2018_NatMethods_TimeLapseSeq_SuppTable2
YIPF3,RNA,K562,2.59179351675412,0.2674391984080664,3.04106642172032,2.14252061178793,0.35022525864061327,0.7045293705146742,Schofield2018_NatMethods_TimeLapseSeq_SuppTable2
YIPF5,RNA,K562,1.11770612907586,0.6201515429937313,1.05184667197514,1.18356558617658,0.11798421094912484,0.8887100843925786,Schofield2018_NatMethods_TimeLapseSeq_SuppTable2
YKT6,RNA,K562,4.39052255482496,0.15787350409991902,4.24358870011311,4.53745640953681,0.06695729003852881,0.9352351443407697,Schofield2018_NatMethods_TimeLapseSeq_SuppTable2
YLPM1,RNA,K562,1.64183054750884,0.4221794883836593,1.65165111241422,1.63200998260345,0.011963088447728016,0.988108184795722,Schofield2018_NatMethods_TimeLapseSeq_SuppTable2
YME1L1,RNA,K562,4.35952038043327,0.15899620143330012,4.04664891220822,4.67239184865832,0.1437820041994745,0.8660765285279355,Schofield2018_NatMethods_TimeLapseSeq_SuppTable2
YOD1,RNA,K562,0.372247826220217,1.862058370086729,0.38193982114607,0.3625558312943639,0.052084580130566216,0.9492485758789397,Schofield2018_NatMethods_TimeLapseSeq_SuppTable2
YRDC,RNA,K562,0.5378906437402369,1.28863959361726,0.536100363333186,0.5396809241472879,0.006656695143253936,0.9933654115721077,Schofield2018_NatMethods_TimeLapseSeq_SuppTable2
YTHDC1,RNA,K562,1.29771032602804,0.5341308970558105,1.25091254572948,1.34450810632659,0.07215490440787246,0.9303867636374258,Schofield2018_NatMethods_TimeLapseSeq_SuppTable2
YTHDF1,RNA,K562,0.4066723553489369,1.7044364374490233,0.394922660467021,0.4184220502308539,0.05780066323411596,0.9438380703147273,Schofield2018_NatMethods_TimeLapseSeq_SuppTable2
YTHDF2,RNA,K562,0.4068678373652129,1.7036175310602448,0.4316561930589489,0.3820794816714769,0.12200076782085473,0.8851476888675112,Schofield2018_NatMethods_TimeLapseSeq_SuppTable2
YTHDF3,RNA,K562,0.437571028049879,1.5840792377161976,0.44757303480497,0.427569021294789,0.045724002000531234,0.9553055882401457,Schofield2018_NatMethods_TimeLapseSeq_SuppTable2
YWHAB,RNA,K562,7.48525192883664,0.09260171696955488,8.12743770715945,6.84306615051383,0.1720098099021734,0.8419709134756925,Schofield2018_NatMethods_TimeLapseSeq_SuppTable2
YWHAE,RNA,K562,9.19733002640824,0.07536395655801367,10.5453140652925,7.84934598752397,0.29525138219226205,0.7443444490058675,Schofield2018_NatMethods_TimeLapseSeq_SuppTable2
YWHAG,RNA,K562,1.36744164758583,0.5068934252395136,1.47191948630789,1.26296380886377,0.15310613394930442,0.8580386499479962,Schofield2018_NatMethods_TimeLapseSeq_SuppTable2
YWHAH,RNA,K562,1.69562821095121,0.40878488343332353,1.70653725419815,1.68471916770428,0.012867436026852978,0.9872149954885564,Schofield2018_NatMethods_TimeLapseSeq_SuppTable2
YWHAQ,RNA,K562,8.26214162239307,0.08389437173060466,8.95007789732528,7.574205347460871,0.16691379459372063,0.8462725614627795,Schofield2018_NatMethods_TimeLapseSeq_SuppTable2
YWHAZ,RNA,K562,6.84713787554995,0.10123166688888574,7.13348366974068,6.56079208135921,0.0836883685582588,0.9197178244325764,Schofield2018_NatMethods_TimeLapseSeq_SuppTable2
YY1,RNA,K562,1.39052598920266,0.4984784074099917,1.41835771422418,1.36269426418115,0.04003584641943313,0.9607549989083838,Schofield2018_NatMethods_TimeLapseSeq_SuppTable2
YY1AP1,RNA,K562,0.8185119148412429,0.8468382292203858,0.771905694840669,0.8651181348418169,0.11400368405735696,0.8922546687589766,Schofield2018_NatMethods_TimeLapseSeq_SuppTable2
ZADH2,RNA,K562,0.917682634157922,0.7553234143914977,0.753543285837592,1.08182198247825,0.3616154567266208,0.6965501700301621,Schofield2018_NatMethods_TimeLapseSeq_SuppTable2
ZBED4,RNA,K562,0.923536674788208,0.7505356305626982,0.921193154321975,0.9258801952544408,0.005075110843628849,0.9949377457726292,Schofield2018_NatMethods_TimeLapseSeq_SuppTable2
ZBTB1,RNA,K562,0.64220092859414,1.079330704297381,0.615695116784392,0.668706740403888,0.08259370814631399,0.9207251543666544,Schofield2018_NatMethods_TimeLapseSeq_SuppTable2
ZBTB11,RNA,K562,0.472178562590078,1.4679768110559082,0.452495282101935,0.491861843078222,0.08342053351556832,0.9199641900865515,Schofield2018_NatMethods_TimeLapseSeq_SuppTable2
ZBTB17,RNA,K562,0.6782190516194169,1.0220107779409673,0.6622982519039399,0.6941398513348939,0.04695746904210564,0.9541279767042338,Schofield2018_NatMethods_TimeLapseSeq_SuppTable2
ZBTB2,RNA,K562,0.400591894491718,1.730307552626419,0.4083975936095889,0.392786195373848,0.038975762331666955,0.9617740200235736,Schofield2018_NatMethods_TimeLapseSeq_SuppTable2
ZBTB21,RNA,K562,0.383307586148529,1.8083314956656131,0.377794130095964,0.3888210422010939,0.028769774130007784,0.9716401354136927,Schofield2018_NatMethods_TimeLapseSeq_SuppTable2
ZBTB24,RNA,K562,0.320028233885641,2.1658938405029438,0.344027874676187,0.2960285930950949,0.15026663717300354,0.8604785102769043,Schofield2018_NatMethods_TimeLapseSeq_SuppTable2
ZBTB33,RNA,K562,0.456102787101336,1.5197170466006016,0.442020851273739,0.4701847229289339,0.061768589204929364,0.9401004110049495,Schofield2018_NatMethods_TimeLapseSeq_SuppTable2
ZBTB34,RNA,K562,0.2810448938056219,2.4663219145313637,0.2622285653816869,0.299861222229557,0.13410326465333702,0.8744997550264746,Schofield2018_NatMethods_TimeLapseSeq_SuppTable2
ZBTB37,RNA,K562,0.506162798741694,1.3694154969173733,0.3874921784717619,0.624833419011625,0.47778942062899155,0.620152774614241,Schofield2018_NatMethods_TimeLapseSeq_SuppTable2
ZBTB38,RNA,K562,0.596907557540223,1.1612303644073683,0.586967436858525,0.6068476782219219,0.03330847314071897,0.96724014595945,Schofield2018_NatMethods_TimeLapseSeq_SuppTable2
ZBTB39,RNA,K562,0.3271062226585509,2.119027803648619,0.340103646461555,0.3141087988555479,0.07951099462525577,0.9235678656302041,Schofield2018_NatMethods_TimeLapseSeq_SuppTable2
ZBTB40,RNA,K562,0.780387381735764,0.88820910842795,0.861557715017073,0.6992170484544549,0.20878084051455126,0.8115730800931878,Schofield2018_NatMethods_TimeLapseSeq_SuppTable2
ZBTB41,RNA,K562,0.3143985633314099,2.204676679229267,0.3009240678372949,0.3278730588255239,0.08576855109527284,0.9178066319789642,Schofield2018_NatMethods_TimeLapseSeq_SuppTable2
ZBTB43,RNA,K562,0.304806360132481,2.274057471303013,0.3282737098729219,0.28133901039204,0.15428735687519213,0.8570257133930986,Schofield2018_NatMethods_TimeLapseSeq_SuppTable2
ZBTB44,RNA,K562,1.96082704877861,0.35349735765411,2.20238177597322,1.71927232158399,0.24763826773037867,0.7806422757127354,Schofield2018_NatMethods_TimeLapseSeq_SuppTable2
ZBTB5,RNA,K562,0.375064907775826,1.8480726034071817,0.346396962159756,0.403732853391895,0.15316799835268893,0.8579855695407471,Schofield2018_NatMethods_TimeLapseSeq_SuppTable2
ZBTB7A,RNA,K562,0.380202473414516,1.8231001348700882,0.3770934110334009,0.3833115357956299,0.016355136549227586,0.9837778825275316,Schofield2018_NatMethods_TimeLapseSeq_SuppTable2
ZBTB7B,RNA,K562,0.480280912003525,1.4432120103804125,0.5163511506865979,0.444210673320452,0.1504881192579618,0.8602879508059198,Schofield2018_NatMethods_TimeLapseSeq_SuppTable2
ZC3H12C,RNA,K562,0.345616228742193,2.0055400265274796,0.364620592018765,0.3266118654656199,0.11008482888888996,0.8957581459052947,Schofield2018_NatMethods_TimeLapseSeq_SuppTable2
ZC3H13,RNA,K562,1.20262124886522,0.5763636566491663,1.27435647588524,1.13088602184519,0.11943991078340195,0.8874173304291585,Schofield2018_NatMethods_TimeLapseSeq_SuppTable2
ZC3H14,RNA,K562,2.09143947332839,0.33142110465039976,2.21613537683182,1.96674356982496,0.11938569286728154,0.8874654456518853,Schofield2018_NatMethods_TimeLapseSeq_SuppTable2
ZC3H15,RNA,K562,4.41691129319502,0.15693029235788655,4.64764403999414,4.1861785463959,0.10457215680067934,0.9007098027243021,Schofield2018_NatMethods_TimeLapseSeq_SuppTable2
ZC3H18,RNA,K562,1.75288789908125,0.3954315509413055,1.8544124712968,1.65136332686569,0.11596671337191243,0.8905048647083803,Schofield2018_NatMethods_TimeLapseSeq_SuppTable2
ZC3H3,RNA,K562,0.586939901531358,1.180950858429435,0.607356250112775,0.566523552949941,0.06959686602433705,0.932769775308557,Schofield2018_NatMethods_TimeLapseSeq_SuppTable2
ZC3H4,RNA,K562,0.588499688620413,1.1778208110608377,0.601915880626963,0.575083496613862,0.045602460609879214,0.9554217044661588,Schofield2018_NatMethods_TimeLapseSeq_SuppTable2
ZC3H7A,RNA,K562,1.81906507507899,0.3810458405562244,1.91490444496772,1.72322570519027,0.10546977876447243,0.8999016685761148,Schofield2018_NatMethods_TimeLapseSeq_SuppTable2
ZC3H7B,RNA,K562,3.43181736424801,0.20197671000240705,3.21208048513305,3.65155424336297,0.12823404364968052,0.8796474791443387,Schofield2018_NatMethods_TimeLapseSeq_SuppTable2
ZC3HAV1,RNA,K562,1.15735124477971,0.5989082257321793,1.21440904913396,1.10029344042545,0.09868067090584703,0.9060319842067299,Schofield2018_NatMethods_TimeLapseSeq_SuppTable2
ZC3HC1,RNA,K562,1.63697214881097,0.4234324823812178,1.61657185138034,1.6573724462416,0.024925718675640012,0.9753823620310673,Schofield2018_NatMethods_TimeLapseSeq_SuppTable2
ZCCHC10,RNA,K562,0.849371477359091,0.8160707052644548,0.898971597943736,0.799771356774446,0.11692555824275994,0.8896514179133179,Schofield2018_NatMethods_TimeLapseSeq_SuppTable2
ZCCHC11,RNA,K562,1.25459352244644,0.5524874536322473,1.27984732327103,1.22933972162185,0.0402635785629549,0.960536229024496,Schofield2018_NatMethods_TimeLapseSeq_SuppTable2
ZCCHC14,RNA,K562,0.6504897439820428,1.065577416050821,0.727523959892931,0.5734555280711559,0.23796654427703834,0.7882290614257581,Schofield2018_NatMethods_TimeLapseSeq_SuppTable2
ZCCHC17,RNA,K562,5.3585281402423,0.1293540245416352,5.44079910881184,5.27625717167276,0.03070896773164264,0.969757762812343,Schofield2018_NatMethods_TimeLapseSeq_SuppTable2
ZCCHC2,RNA,K562,0.434065478120424,1.596872397135539,0.4546896967299309,0.4134412595109159,0.09509975351711077,0.9092822258439802,Schofield2018_NatMethods_TimeLapseSeq_SuppTable2
ZCCHC24,RNA,K562,0.6716902586286249,1.0319446674351487,0.5650574909232539,0.7783230263339969,0.3202141591334358,0.7259935422760758,Schofield2018_NatMethods_TimeLapseSeq_SuppTable2
ZCCHC3,RNA,K562,0.3807138732321639,1.8206512273253983,0.436001258618887,0.3254264878454399,0.2925085377361714,0.7463888725374034,Schofield2018_NatMethods_TimeLapseSeq_SuppTable2
ZCCHC6,RNA,K562,1.28701337289117,0.5385703017233201,1.08607935962755,1.48794738615478,0.31482328301344153,0.7299178517556623,Schofield2018_NatMethods_TimeLapseSeq_SuppTable2
ZCCHC7,RNA,K562,1.38854062732343,0.4991911413467716,1.59515755596438,1.18192369868247,0.29982914834897667,0.7409448015107934,Schofield2018_NatMethods_TimeLapseSeq_SuppTable2
ZCCHC8,RNA,K562,0.5796355259094859,1.195832811441901,0.597226598717564,0.562044453101408,0.06071565890720165,0.9410907925204549,Schofield2018_NatMethods_TimeLapseSeq_SuppTable2
ZCCHC9,RNA,K562,2.26543730542998,0.3059661721375185,2.48721376122375,2.0436608496362,0.19642037882573568,0.8216667507623814,Schofield2018_NatMethods_TimeLapseSeq_SuppTable2
ZDHHC14,RNA,K562,1.30387743800929,0.5316045514356134,1.20992688795438,1.39782798806419,0.14435966019457738,0.8655763787001944,Schofield2018_NatMethods_TimeLapseSeq_SuppTable2
ZDHHC17,RNA,K562,0.911677144318504,0.7602989554795585,0.633836820251298,1.18951746838571,0.6295114751194048,0.5328520489165037,Schofield2018_NatMethods_TimeLapseSeq_SuppTable2
ZDHHC18,RNA,K562,0.669988033354709,1.0345665087319182,0.73366896857051,0.606307098138908,0.19067131007309682,0.8264041742425667,Schofield2018_NatMethods_TimeLapseSeq_SuppTable2
ZDHHC20,RNA,K562,2.0584071915737,0.3367395835952255,2.34514116574968,1.77167321739771,0.2804211780849935,0.7554654889320288,Schofield2018_NatMethods_TimeLapseSeq_SuppTable2
ZDHHC3,RNA,K562,2.25512908164671,0.3073647474111791,2.28191699344494,2.2283411698484894,0.023758437661612376,0.9765215721034758,Schofield2018_NatMethods_TimeLapseSeq_SuppTable2
ZDHHC5,RNA,K562,0.801665452095695,0.864633967633177,0.813512386467079,0.789818517724311,0.02955795801509774,0.9708746060454398,Schofield2018_NatMethods_TimeLapseSeq_SuppTable2
ZDHHC7,RNA,K562,0.804234877963604,0.8618715745269058,0.834165100008254,0.774304655918954,0.07446593596440085,0.928239093089956,Schofield2018_NatMethods_TimeLapseSeq_SuppTable2
ZDHHC8,RNA,K562,1.66693012545753,0.4158225770679464,1.50887529766139,1.82498495325367,0.19020720489509835,0.8267878017138143,Schofield2018_NatMethods_TimeLapseSeq_SuppTable2
ZEB2,RNA,K562,0.381483275667028,1.816979209240482,0.389053086394391,0.3739134649396649,0.03969140971156411,0.9610859751941955,Schofield2018_NatMethods_TimeLapseSeq_SuppTable2
ZFAND3,RNA,K562,1.16266741586089,0.596169782608648,1.05794852718625,1.26738630453553,0.18062507069626757,0.834748271620282,Schofield2018_NatMethods_TimeLapseSeq_SuppTable2
ZFAND5,RNA,K562,0.4098842628931039,1.6910802470616324,0.3829396675870129,0.4368288581991959,0.13166403866453014,0.8766354612322584,Schofield2018_NatMethods_TimeLapseSeq_SuppTable2
ZFAND6,RNA,K562,1.04855449541285,0.6610502206535586,1.09609817078661,1.00101082003909,0.09074644689557078,0.9132492387253223,Schofield2018_NatMethods_TimeLapseSeq_SuppTable2
ZFAS1,RNA,K562,0.656750312223578,1.0554196437503582,0.670286460124175,0.64321416432298,0.04122743416595205,0.9596108568324956,Schofield2018_NatMethods_TimeLapseSeq_SuppTable2
ZFC3H1,RNA,K562,0.8837068323328389,0.7843632698076489,0.965397764063293,0.802015900602385,0.18541177329339298,0.8307621277542171,Schofield2018_NatMethods_TimeLapseSeq_SuppTable2
ZFP1,RNA,K562,0.410266216814814,1.6895058675348307,0.356487019012369,0.464045414617259,0.2636845968830932,0.7682157991075005,Schofield2018_NatMethods_TimeLapseSeq_SuppTable2
ZFP36L1,RNA,K562,0.281456405692228,2.46271595366673,0.2389083210440519,0.324004490340404,0.3046774903890277,0.7373611421034666,Schofield2018_NatMethods_TimeLapseSeq_SuppTable2
ZFP36L2,RNA,K562,0.294696501756259,2.3520712883563224,0.3098316959023709,0.279561307610147,0.1028076176183224,0.9023005435126231,Schofield2018_NatMethods_TimeLapseSeq_SuppTable2
ZFP64,RNA,K562,0.5145510775739989,1.3470911067332516,0.529237445632936,0.499864709515063,0.057099707842389776,0.9444998906251902,Schofield2018_NatMethods_TimeLapseSeq_SuppTable2
ZFPM1,RNA,K562,0.531325847052563,1.3045613805634673,0.510592312409559,0.552059381695566,0.0780841673264803,0.924886578036864,Schofield2018_NatMethods_TimeLapseSeq_SuppTable2
ZFPM2,RNA,K562,0.706906100463996,0.980536425000407,0.7817384867778089,0.6320737141501819,0.2125142450717442,0.8085487984037739,Schofield2018_NatMethods_TimeLapseSeq_SuppTable2
ZFR,RNA,K562,2.81782700562799,0.24598642115911878,2.69055202559217,2.94510198566381,0.09039706007547385,0.9135683717199812,Schofield2018_NatMethods_TimeLapseSeq_SuppTable2
ZFX,RNA,K562,0.344318821578018,2.0130969819867586,0.341892808528347,0.346744834627688,0.014091899973542824,0.9860069260886012,Schofield2018_NatMethods_TimeLapseSeq_SuppTable2
ZFYVE16,RNA,K562,1.33421429212322,0.5195171305329791,1.56245119824138,1.10597738600506,0.3455264127740672,0.7078476353372797,Schofield2018_NatMethods_TimeLapseSeq_SuppTable2
ZFYVE26,RNA,K562,0.893698689164205,0.7755938203380187,0.943829680824842,0.8435676975035689,0.11230557038835567,0.893771105785049,Schofield2018_NatMethods_TimeLapseSeq_SuppTable2
ZFYVE28,RNA,K562,0.916403666541831,0.7563775723155133,0.770871638240459,1.0619356948432,0.3203267766371859,0.7259117872992131,Schofield2018_NatMethods_TimeLapseSeq_SuppTable2
ZFYVE9,RNA,K562,0.8021049553543789,0.8641602023935947,0.805298677504503,0.798911233204255,0.00796339433250063,0.9920682294921409,Schofield2018_NatMethods_TimeLapseSeq_SuppTable2
ZGRF1,RNA,K562,0.628852705060847,1.1022409142580967,0.6559841424409079,0.601721267680785,0.08634228795421457,0.9172802035149639,Schofield2018_NatMethods_TimeLapseSeq_SuppTable2
ZKSCAN1,RNA,K562,1.03860693687874,0.6673816204646358,1.20041345454401,0.8768004192134669,0.31414192757609316,0.7304153547217022,Schofield2018_NatMethods_TimeLapseSeq_SuppTable2
ZKSCAN2,RNA,K562,0.334419957696093,2.0726848521099592,0.3707983749107299,0.2980415404814559,0.21842557664570764,0.8037832974678212,Schofield2018_NatMethods_TimeLapseSeq_SuppTable2
ZKSCAN3,RNA,K562,0.4770979322548459,1.4528404625105247,0.4209888634114999,0.5332070010981929,0.23630333793182184,0.7895411398283058,Schofield2018_NatMethods_TimeLapseSeq_SuppTable2
ZKSCAN8,RNA,K562,0.5734469611249449,1.2087380831178904,0.597484015246031,0.549409907003859,0.08388272481690079,0.919539088886962,Schofield2018_NatMethods_TimeLapseSeq_SuppTable2
ZMAT2,RNA,K562,4.38266617656314,0.1581565085350642,4.56902643042536,4.19630592270092,0.08509555124203759,0.9184245236047494,Schofield2018_NatMethods_TimeLapseSeq_SuppTable2
ZMAT3,RNA,K562,0.645380800070356,1.0740127076671355,0.616904595785217,0.673857004355495,0.08830354269963,0.9154829463785871,Schofield2018_NatMethods_TimeLapseSeq_SuppTable2
ZMIZ1,RNA,K562,0.4969625557336649,1.3947674177114882,0.483441153709598,0.510483957757732,0.054429614033198806,0.9470251637937501,Schofield2018_NatMethods_TimeLapseSeq_SuppTable2
ZMPSTE24,RNA,K562,4.31151803117622,0.16076638797468942,4.16285040610103,4.4601856562514,0.06899035871841272,0.933335678586916,Schofield2018_NatMethods_TimeLapseSeq_SuppTable2
ZMYM2,RNA,K562,1.25384379731622,0.5528178087602194,1.22932601130721,1.27836158332523,0.0391131840744457,0.9616418604425906,Schofield2018_NatMethods_TimeLapseSeq_SuppTable2
ZMYM3,RNA,K562,2.38137968057911,0.2910695787877824,2.52124462651495,2.24151473464328,0.11760082085029631,0.8890508723628563,Schofield2018_NatMethods_TimeLapseSeq_SuppTable2
ZMYM4,RNA,K562,3.8537941792443906,0.17986097552720107,4.18729837334999,3.52028998513879,0.17351237798570468,0.8407067448414073,Schofield2018_NatMethods_TimeLapseSeq_SuppTable2
ZMYND19,RNA,K562,0.859275914286433,0.8066642728320323,0.8375076659290809,0.881044162643785,0.05067733553334113,0.9505853411660291,Schofield2018_NatMethods_TimeLapseSeq_SuppTable2
ZMYND8,RNA,K562,0.514984100257574,1.345958409615484,0.5327935656281019,0.497174634887045,0.06919270020925905,0.9331468451593136,Schofield2018_NatMethods_TimeLapseSeq_SuppTable2
ZNF100,RNA,K562,0.4386483077519969,1.5801888855156305,0.4539507804861159,0.4233458350178779,0.06979935725128046,0.9325809167340465,Schofield2018_NatMethods_TimeLapseSeq_SuppTable2
ZNF106,RNA,K562,2.32933677142509,0.29757276365661683,2.39797834472389,2.26069519812628,0.05895365023497756,0.9427504644069598,Schofield2018_NatMethods_TimeLapseSeq_SuppTable2
ZNF107,RNA,K562,0.917675015805432,0.7553296849338091,1.10546931971876,0.729880711892107,0.4151441350867877,0.6602451093602438,Schofield2018_NatMethods_TimeLapseSeq_SuppTable2
ZNF12,RNA,K562,0.403008551905124,1.7199316919784011,0.395700362738759,0.41031674107149,0.036272135549905535,0.9643778162827035,Schofield2018_NatMethods_TimeLapseSeq_SuppTable2
ZNF121,RNA,K562,0.408443989734011,1.6970434085989126,0.4218267583686319,0.395061221099389,0.0655539615382315,0.9365485077979508,Schofield2018_NatMethods_TimeLapseSeq_SuppTable2
ZNF124,RNA,K562,2.20331651023979,0.3145926503698323,2.59287640399213,1.81375661648744,0.3573676669952635,0.6995152617744849,Schofield2018_NatMethods_TimeLapseSeq_SuppTable2
ZNF131,RNA,K562,0.658481222638687,1.0526453249226209,0.6740493982533259,0.642913047024047,0.047293914444155975,0.9538070187289491,Schofield2018_NatMethods_TimeLapseSeq_SuppTable2
ZNF134,RNA,K562,0.2300803436925689,3.0126310202583917,0.237249387467344,0.2229112999177929,0.062337921566988884,0.9395653337502309,Schofield2018_NatMethods_TimeLapseSeq_SuppTable2
ZNF142,RNA,K562,0.391350292623009,1.7711681673064692,0.4138020809714739,0.368898504274544,0.11486624419028306,0.8914853772810644,Schofield2018_NatMethods_TimeLapseSeq_SuppTable2
ZNF143,RNA,K562,0.568929894186707,1.2183349612008145,0.6157854560070078,0.5220743323664059,0.1650886402508594,0.8478185499081753,Schofield2018_NatMethods_TimeLapseSeq_SuppTable2
ZNF146,RNA,K562,0.7103003149728209,0.9758508703272475,0.720319589597288,0.700281040348354,0.028213247286345722,0.9721810297285721,Schofield2018_NatMethods_TimeLapseSeq_SuppTable2
ZNF148,RNA,K562,0.622934455530433,1.112712861531677,0.64561376713545,0.600255143925417,0.0728466365846319,0.9297434077168358,Schofield2018_NatMethods_TimeLapseSeq_SuppTable2
ZNF175,RNA,K562,0.285061219627035,2.4315730546120475,0.264294190492924,0.305828248761147,0.1459608251801168,0.8641915570701213,Schofield2018_NatMethods_TimeLapseSeq_SuppTable2
ZNF180,RNA,K562,0.2595312370908259,2.6707659098367826,0.215732766372143,0.30332970780951,0.34077990948714765,0.7112154227492363,Schofield2018_NatMethods_TimeLapseSeq_SuppTable2
ZNF189,RNA,K562,0.391423617747418,1.7708363755587857,0.3777885558510409,0.405058679643794,0.06969728156566622,0.9326761154291663,Schofield2018_NatMethods_TimeLapseSeq_SuppTable2
ZNF195,RNA,K562,0.7437378484711848,0.9319778225415946,0.832225481198891,0.6552502157434789,0.23908624370355602,0.7873469757252994,Schofield2018_NatMethods_TimeLapseSeq_SuppTable2
ZNF202,RNA,K562,0.3048198096771049,2.2739571332132082,0.28232257931031,0.3273170400439,0.14787892716568943,0.862535538242814,Schofield2018_NatMethods_TimeLapseSeq_SuppTable2
ZNF207,RNA,K562,1.85894478628155,0.3728713115500588,1.88764013318407,1.83024943937903,0.03087517889555695,0.9695965916404662,Schofield2018_NatMethods_TimeLapseSeq_SuppTable2
ZNF212,RNA,K562,0.439775053380118,1.5761402908882736,0.4878176617799769,0.39173244498026,0.21936262369790455,0.8030304674719737,Schofield2018_NatMethods_TimeLapseSeq_SuppTable2
ZNF217,RNA,K562,0.306189160440118,2.263787455975292,0.2858502259377129,0.3265280949425239,0.13304800572683467,0.8754230657794664,Schofield2018_NatMethods_TimeLapseSeq_SuppTable2
ZNF22,RNA,K562,0.671175971352247,1.0327353930198542,0.708555465357213,0.633796477347281,0.11150045242665092,0.894490986711615,Schofield2018_NatMethods_TimeLapseSeq_SuppTable2
ZNF236,RNA,K562,0.8189570139231769,0.8463779768359938,0.7839214630387809,0.853992564807572,0.08561364679919589,0.9179488151813358,Schofield2018_NatMethods_TimeLapseSeq_SuppTable2
ZNF239,RNA,K562,0.3688204183904689,1.8793622749652454,0.414160210179196,0.3234806266017419,0.2471136547859975,0.7810519181979856,Schofield2018_NatMethods_TimeLapseSeq_SuppTable2
ZNF24,RNA,K562,0.399359640963717,1.7356465437701045,0.3921539474595099,0.4065653344679229,0.036090154665497025,0.9645533305802537,Schofield2018_NatMethods_TimeLapseSeq_SuppTable2
ZNF252P,RNA,K562,1.29947985310314,0.5334035605898155,1.12540394497065,1.47355576123564,0.269536331786148,0.7637335312149642,Schofield2018_NatMethods_TimeLapseSeq_SuppTable2
ZNF254,RNA,K562,0.56613026875128,1.224359867012283,0.614981535762366,0.517279001740194,0.17300986005479344,0.8411293212225399,Schofield2018_NatMethods_TimeLapseSeq_SuppTable2
ZNF260,RNA,K562,0.519119269662043,1.3352368541649358,0.574362813309848,0.4638757260142379,0.21364459109180048,0.8076353748270846,Schofield2018_NatMethods_TimeLapseSeq_SuppTable2
ZNF263,RNA,K562,0.479630409603009,1.4451693776749153,0.4505850660240369,0.5086757531819809,0.12126390138956533,0.8858001648504725,Schofield2018_NatMethods_TimeLapseSeq_SuppTable2
ZNF266,RNA,K562,0.7285793856381009,0.9513680927890603,0.754056593220077,0.7031021780561248,0.06996519552207008,0.9324262719508101,Schofield2018_NatMethods_TimeLapseSeq_SuppTable2
ZNF267,RNA,K562,0.3757858029892359,1.8445273212724322,0.36919671546532,0.3823748905131519,0.03507190990432466,0.9655359821609976,Schofield2018_NatMethods_TimeLapseSeq_SuppTable2
ZNF271P,RNA,K562,2.71465379637081,0.25533538806554484,2.61193075187194,2.81737684086969,0.07571655424570291,0.9270789459125632,Schofield2018_NatMethods_TimeLapseSeq_SuppTable2
ZNF274,RNA,K562,0.4101024057314939,1.6901807228455252,0.438678471364778,0.381526340098211,0.1395868414122233,0.8697174924295685,Schofield2018_NatMethods_TimeLapseSeq_SuppTable2
ZNF275,RNA,K562,0.484565779028067,1.4304501278448654,0.501326945132617,0.4678046129235169,0.06920775834915194,0.9331327938093724,Schofield2018_NatMethods_TimeLapseSeq_SuppTable2
ZNF276,RNA,K562,1.18054511774138,0.5871416264768221,1.02161551669934,1.33947471878342,0.2708923219565982,0.7626986178785247,Schofield2018_NatMethods_TimeLapseSeq_SuppTable2
ZNF28,RNA,K562,0.505614907063301,1.3708994154975853,0.5856532493832018,0.4255765647434,0.31928301736828185,0.7266698600094998,Schofield2018_NatMethods_TimeLapseSeq_SuppTable2
ZNF280A,RNA,K562,0.422269221377487,1.6414816554681055,0.423759562086481,0.420778880668492,0.007058752197323549,0.9929661022790544,Schofield2018_NatMethods_TimeLapseSeq_SuppTable2
ZNF280B,RNA,K562,0.37536365434653,1.8466017488204713,0.400417247613011,0.3503100610800479,0.13368847135418652,0.8748625669057346,Schofield2018_NatMethods_TimeLapseSeq_SuppTable2
ZNF280D,RNA,K562,1.26900833394049,0.5462116851570261,1.38028291624796,1.15773375163302,0.17582405808559282,0.8387655443712234,Schofield2018_NatMethods_TimeLapseSeq_SuppTable2
ZNF281,RNA,K562,0.321557317468175,2.1555944862879604,0.347332591312978,0.295782043623371,0.1606599533248932,0.8515815993692475,Schofield2018_NatMethods_TimeLapseSeq_SuppTable2
ZNF282,RNA,K562,0.4978400568999409,1.3923089774579118,0.494019876796888,0.501660237002994,0.015347319017999033,0.9847698509019753,Schofield2018_NatMethods_TimeLapseSeq_SuppTable2
ZNF292,RNA,K562,0.4862265037086109,1.4255643723101923,0.4952683317567169,0.4771846756605039,0.037196123376230406,0.9634871544641864,Schofield2018_NatMethods_TimeLapseSeq_SuppTable2
ZNF3,RNA,K562,0.435556531872742,1.5914057759153624,0.435388099301361,0.435724964444124,0.0007734131735010641,0.9992268858333772,Schofield2018_NatMethods_TimeLapseSeq_SuppTable2
ZNF316,RNA,K562,0.5904135531892089,1.1740028270282838,0.566591058578645,0.614236047799772,0.08074149050216481,0.9224321180891385,Schofield2018_NatMethods_TimeLapseSeq_SuppTable2
ZNF317,RNA,K562,0.353010136595015,1.9635333626556646,0.3586056211954289,0.3474146519945999,0.031704207371903464,0.9687931015595256,Schofield2018_NatMethods_TimeLapseSeq_SuppTable2
ZNF318,RNA,K562,0.7184388987015659,0.9647962851297024,0.6659113228150019,0.770966474588131,0.14648837684458157,0.863735771611532,Schofield2018_NatMethods_TimeLapseSeq_SuppTable2
ZNF326,RNA,K562,4.49613785852265,0.15416501948356648,5.2451667837241,3.7471089333212,0.33632244842315656,0.7143927138691919,Schofield2018_NatMethods_TimeLapseSeq_SuppTable2
ZNF330,RNA,K562,1.01352990534465,0.6838941573453041,1.11002739140312,0.9170324192861768,0.1909971456719746,0.8261349462079582,Schofield2018_NatMethods_TimeLapseSeq_SuppTable2
ZNF335,RNA,K562,0.9957981119975768,0.6960719971335234,1.0270725523697,0.964523671625457,0.0628334774462515,0.9390998419732591,Schofield2018_NatMethods_TimeLapseSeq_SuppTable2
ZNF33A,RNA,K562,0.8761421512946699,0.7911355246813385,0.869429033602168,0.882855268987171,0.015324565903097642,0.984792257738456,Schofield2018_NatMethods_TimeLapseSeq_SuppTable2
ZNF33B,RNA,K562,0.734087761755009,0.9442293097256033,0.731425110811281,0.7367504126987379,0.007254344124465906,0.9927719051178402,Schofield2018_NatMethods_TimeLapseSeq_SuppTable2
ZNF346,RNA,K562,1.22530663293288,0.565692833067292,1.38253536483622,1.06807790102954,0.25805835552204737,0.7725501482242867,Schofield2018_NatMethods_TimeLapseSeq_SuppTable2
ZNF35,RNA,K562,0.4448888167521319,1.558023385753321,0.4186831864383869,0.471094447065877,0.11794408283500071,0.8887457473678075,Schofield2018_NatMethods_TimeLapseSeq_SuppTable2
ZNF367,RNA,K562,0.296408784890748,2.3384839312891126,0.329940835291455,0.262876734490041,0.22722811923483163,0.7967390100647209,Schofield2018_NatMethods_TimeLapseSeq_SuppTable2
ZNF384,RNA,K562,0.7437841492689778,0.9319198066283065,0.780241265778235,0.7073270327597209,0.0981100639924897,0.9065491198471957,Schofield2018_NatMethods_TimeLapseSeq_SuppTable2
ZNF385A,RNA,K562,1.09639242791614,0.6322071941680375,1.12049378188381,1.07229107394848,0.04397191483315138,0.9569808340620237,Schofield2018_NatMethods_TimeLapseSeq_SuppTable2
ZNF397,RNA,K562,0.4102456261222229,1.6895906657477406,0.382135658934363,0.438355593310083,0.13725476420730745,0.8717481076237774,Schofield2018_NatMethods_TimeLapseSeq_SuppTable2
ZNF398,RNA,K562,0.366748085311834,1.8899817294767463,0.369614771335049,0.363881399288619,0.015633316288571477,0.9844882496829848,Schofield2018_NatMethods_TimeLapseSeq_SuppTable2
ZNF407,RNA,K562,0.7279658713967019,0.9521698856981411,0.7943087849450369,0.661622957848367,0.1827764399578492,0.8329543502331386,Schofield2018_NatMethods_TimeLapseSeq_SuppTable2
ZNF426,RNA,K562,0.454337516310417,1.52562171442247,0.553993741790163,0.354681290830671,0.44593377634730513,0.6402261687732461,Schofield2018_NatMethods_TimeLapseSeq_SuppTable2
ZNF431,RNA,K562,0.5888154010725019,1.1771892842772245,0.5517598089519749,0.6258709931930279,0.1260314458302241,0.8815871241085046,Schofield2018_NatMethods_TimeLapseSeq_SuppTable2
ZNF440,RNA,K562,0.3775938848118419,1.8356949316203734,0.3492611605137139,0.405926609109969,0.150352424237694,0.8604046955174994,Schofield2018_NatMethods_TimeLapseSeq_SuppTable2
ZNF445,RNA,K562,0.486016490735386,1.4261803740674563,0.484113865192006,0.487919116278767,0.007829509076654684,0.9922010616928013,Schofield2018_NatMethods_TimeLapseSeq_SuppTable2
ZNF451,RNA,K562,0.666039373645375,1.0407000066170315,0.641301670979743,0.690777076311007,0.07431718969413145,0.9283771754623357,Schofield2018_NatMethods_TimeLapseSeq_SuppTable2
ZNF460,RNA,K562,0.522331579706608,1.32702522208074,0.4714058660353079,0.5732572933779079,0.195615210230332,0.8223285974393062,Schofield2018_NatMethods_TimeLapseSeq_SuppTable2
ZNF473,RNA,K562,0.4692734413916689,1.4770645841459948,0.4442980823640629,0.4942488004192749,0.10654334112603085,0.8989360864146996,Schofield2018_NatMethods_TimeLapseSeq_SuppTable2
ZNF480,RNA,K562,0.775280387972721,0.8940599959873283,0.882635151379721,0.667925624565721,0.27873509625378035,0.7567403400166314,Schofield2018_NatMethods_TimeLapseSeq_SuppTable2
ZNF496,RNA,K562,0.9035417442107,0.7671446117472442,0.93259865224797,0.8744848361734309,0.06433998490542427,0.9376861461954085,Schofield2018_NatMethods_TimeLapseSeq_SuppTable2
ZNF507,RNA,K562,0.367713441300068,1.8850199712833209,0.378002323217212,0.357424559382925,0.05597602451744745,0.9455618059192129,Schofield2018_NatMethods_TimeLapseSeq_SuppTable2
ZNF510,RNA,K562,0.480530301771923,1.4424629997401035,0.4628609951746949,0.498199608369151,0.07357403413142521,0.9290673605502491,Schofield2018_NatMethods_TimeLapseSeq_SuppTable2
ZNF512B,RNA,K562,1.0096159036932,0.6865454258638317,0.972022455507324,1.04720935187907,0.0745052383542452,0.9282026117921564,Schofield2018_NatMethods_TimeLapseSeq_SuppTable2
ZNF518A,RNA,K562,0.408373851095778,1.697334877588374,0.4049493002017159,0.41179840198984,0.01677203945380021,0.9833678281532207,Schofield2018_NatMethods_TimeLapseSeq_SuppTable2
ZNF518B,RNA,K562,0.517273853179655,1.3400004200854272,0.508708129868371,0.525839576490939,0.0331217452027604,0.9674207735810025,Schofield2018_NatMethods_TimeLapseSeq_SuppTable2
ZNF526,RNA,K562,0.312470334294331,2.2182815598329286,0.3059175673765809,0.31902310121208,0.04194783975276915,0.9589197967617185,Schofield2018_NatMethods_TimeLapseSeq_SuppTable2
ZNF557,RNA,K562,0.262868740505095,2.636856627486715,0.2801917365414889,0.245545744468701,0.1319908804563875,0.8763489869457384,Schofield2018_NatMethods_TimeLapseSeq_SuppTable2
ZNF561,RNA,K562,0.4240261019280869,1.6346804534158141,0.391519270624823,0.456532933231352,0.1536261035668545,0.8575926118925077,Schofield2018_NatMethods_TimeLapseSeq_SuppTable2
ZNF562,RNA,K562,0.4919789707248489,1.4088959524808724,0.5214436898585049,0.462514251591194,0.11992392062112532,0.886987915639939,Schofield2018_NatMethods_TimeLapseSeq_SuppTable2
ZNF574,RNA,K562,0.3041472105011939,2.2789858220883614,0.3094246978858299,0.298869723116558,0.034706990250934364,0.9658883895132173,Schofield2018_NatMethods_TimeLapseSeq_SuppTable2
ZNF584,RNA,K562,0.6726499487735969,1.0304723605847586,0.645563904829874,0.699735992717319,0.08057890474474648,0.9225821046062304,Schofield2018_NatMethods_TimeLapseSeq_SuppTable2
ZNF586,RNA,K562,0.639496831249862,1.083894628852541,0.70601525339817,0.572978409101555,0.2087888070859183,0.8115666146640794,Schofield2018_NatMethods_TimeLapseSeq_SuppTable2
ZNF587,RNA,K562,0.692788828449676,1.0005172602321997,0.785171742835222,0.60040591406413,0.2682965246176771,0.7646810007401561,Schofield2018_NatMethods_TimeLapseSeq_SuppTable2
ZNF589,RNA,K562,1.03607077199195,0.6690152828337202,1.07080284718335,1.00133869680054,0.06707089004668529,0.9351289076551028,Schofield2018_NatMethods_TimeLapseSeq_SuppTable2
ZNF592,RNA,K562,0.875406309909119,0.7918005304667096,0.798866447388024,0.9519461724302148,0.17531470953482164,0.8391928772071272,Schofield2018_NatMethods_TimeLapseSeq_SuppTable2
ZNF593,RNA,K562,1.53560449718475,0.4513839219868813,1.49012518427143,1.58108381009807,0.0592504349192826,0.9424707120231671,Schofield2018_NatMethods_TimeLapseSeq_SuppTable2
ZNF595,RNA,K562,0.755242146829824,0.9177813810702617,0.805510372810952,0.704973920848696,0.13331526959104156,0.8751891280910281,Schofield2018_NatMethods_TimeLapseSeq_SuppTable2
ZNF598,RNA,K562,1.54126579552862,0.4497259217526534,1.79482955625644,1.2877020348008,0.3320508012212748,0.7174508745480102,Schofield2018_NatMethods_TimeLapseSeq_SuppTable2
ZNF609,RNA,K562,0.795586069349901,0.8712409722386645,0.82311695858345,0.7680551801163529,0.0692367233986419,0.9331057659632523,Schofield2018_NatMethods_TimeLapseSeq_SuppTable2
ZNF611,RNA,K562,1.0301983124469,0.6728288837064781,0.840829942550195,1.2195666823436,0.3718614653240564,0.6894497486061202,Schofield2018_NatMethods_TimeLapseSeq_SuppTable2
ZNF614,RNA,K562,0.299519932671992,2.3141938313635353,0.3010505643413369,0.2979893010026479,0.010220655300260997,0.9898313981062062,Schofield2018_NatMethods_TimeLapseSeq_SuppTable2
ZNF621,RNA,K562,1.27375066723392,0.5441780706307188,1.31284665867624,1.23465467579161,0.06140648526922755,0.9404408867038043,Schofield2018_NatMethods_TimeLapseSeq_SuppTable2
ZNF622,RNA,K562,0.523186986805061,1.3248555450371156,0.553853722742326,0.492520250867795,0.11736503523167333,0.8892605224880545,Schofield2018_NatMethods_TimeLapseSeq_SuppTable2
ZNF623,RNA,K562,0.41637184866276,1.6647311358490982,0.435982485944082,0.3967612113814379,0.09426745563166097,0.910039334544107,Schofield2018_NatMethods_TimeLapseSeq_SuppTable2
ZNF627,RNA,K562,0.318472002498132,2.1764776028122315,0.331325904077203,0.305618100919061,0.08076620914049343,0.9224093171050346,Schofield2018_NatMethods_TimeLapseSeq_SuppTable2
ZNF629,RNA,K562,0.5401914956125619,1.283150857038088,0.543836027881299,0.536546963343824,0.013493687322928211,0.9865969443659846,Schofield2018_NatMethods_TimeLapseSeq_SuppTable2
ZNF638,RNA,K562,1.76582849592973,0.39253369291392876,1.83398805777563,1.69766893408382,0.07723676739890234,0.9256706590242765,Schofield2018_NatMethods_TimeLapseSeq_SuppTable2
ZNF639,RNA,K562,0.4138007748985069,1.6750746315783334,0.418858111119693,0.4087434386773209,0.02444455570880953,0.9758517928294773,Schofield2018_NatMethods_TimeLapseSeq_SuppTable2
ZNF644,RNA,K562,0.636411145036574,1.0891499716273993,0.560856981111434,0.711965308961714,0.23856324946573249,0.7877588613542885,Schofield2018_NatMethods_TimeLapseSeq_SuppTable2
ZNF646,RNA,K562,0.364702652081822,1.900581683745025,0.3685111020836009,0.360894202080042,0.02088599259711899,0.9793306091444951,Schofield2018_NatMethods_TimeLapseSeq_SuppTable2
ZNF652,RNA,K562,0.6569814937292409,1.0550482580953935,0.6270095870021039,0.6869534004563779,0.09130462864562275,0.9127396219096516,Schofield2018_NatMethods_TimeLapseSeq_SuppTable2
ZNF654,RNA,K562,0.485548140914823,1.427556038529947,0.5850875319723249,0.3860087498573209,0.415901426109865,0.6597453009399958,Schofield2018_NatMethods_TimeLapseSeq_SuppTable2
ZNF672,RNA,K562,0.847733625518274,0.8176473832050485,0.994386856628326,0.701080394408222,0.3495037569429328,0.7050378730722365,Schofield2018_NatMethods_TimeLapseSeq_SuppTable2
ZNF675,RNA,K562,0.3209883606210949,2.1594153109438095,0.2828192884826409,0.3591574327595499,0.2389526866444536,0.7874521384943293,Schofield2018_NatMethods_TimeLapseSeq_SuppTable2
ZNF687,RNA,K562,0.4515754311734069,1.5349532607627048,0.4938102671007579,0.4093405952460559,0.18760380800678575,0.8289430627867714,Schofield2018_NatMethods_TimeLapseSeq_SuppTable2
ZNF692,RNA,K562,0.6816887738565909,1.0168088534574649,0.819783679515467,0.543593868197715,0.4108380977626901,0.6630942793579473,Schofield2018_NatMethods_TimeLapseSeq_SuppTable2
ZNF7,RNA,K562,0.2894821761852089,2.3944381989047714,0.25454406308274,0.324420289287679,0.24256590743954146,0.7846120341043886,Schofield2018_NatMethods_TimeLapseSeq_SuppTable2
ZNF701,RNA,K562,0.3832060236368369,1.8088107644592732,0.379959008930258,0.3864530383434159,0.016946980046458865,0.9831958122492829,Schofield2018_NatMethods_TimeLapseSeq_SuppTable2
ZNF706,RNA,K562,2.03390522195902,0.34079620479675976,2.51759301624208,1.55021742767595,0.4849080957764481,0.6157537845373846,Schofield2018_NatMethods_TimeLapseSeq_SuppTable2
ZNF714,RNA,K562,0.834227401742188,0.8308851748484731,0.968512438231536,0.69994236525284,0.324763329243082,0.7226983749748285,Schofield2018_NatMethods_TimeLapseSeq_SuppTable2
ZNF74,RNA,K562,0.938332873389816,0.7387007321355861,0.975390031747663,0.90127571503197,0.07902620274665575,0.9240157123782595,Schofield2018_NatMethods_TimeLapseSeq_SuppTable2
ZNF740,RNA,K562,0.5936226986571789,1.1676561258993272,0.578779747294692,0.608465650019666,0.05001845728609243,0.9512118675491138,Schofield2018_NatMethods_TimeLapseSeq_SuppTable2
ZNF746,RNA,K562,0.401038720338221,1.7283796935502163,0.4000130720317149,0.402064368644726,0.005114970154515019,0.9948980890300585,Schofield2018_NatMethods_TimeLapseSeq_SuppTable2
ZNF761,RNA,K562,0.7958435916109459,0.8709590525908205,0.6380556337754019,0.95363154944649,0.40185190051637565,0.6690798287302305,Schofield2018_NatMethods_TimeLapseSeq_SuppTable2
ZNF765,RNA,K562,0.42447244868817,1.6329615330797398,0.4501856723330209,0.398759225043319,0.12130231411442267,0.8857661395059688,Schofield2018_NatMethods_TimeLapseSeq_SuppTable2
ZNF766,RNA,K562,0.288707075956296,2.4008666163238503,0.3134465605913229,0.26396759132127,0.1718025494452036,0.8421454388374532,Schofield2018_NatMethods_TimeLapseSeq_SuppTable2
ZNF767P,RNA,K562,0.383611574414195,1.8068985056523266,0.400124208378134,0.3670989404502559,0.08614361562311694,0.9174624598153085,Schofield2018_NatMethods_TimeLapseSeq_SuppTable2
ZNF770,RNA,K562,0.5633483388553409,1.2304060077080208,0.6070934653269559,0.5196032123837259,0.1556172911337186,0.8558866831219945,Schofield2018_NatMethods_TimeLapseSeq_SuppTable2
ZNF777,RNA,K562,0.563532202713618,1.2300045626890224,0.5591247080182589,0.5679396974089779,0.01564270701064294,0.9844790046708581,Schofield2018_NatMethods_TimeLapseSeq_SuppTable2
ZNF778,RNA,K562,0.780356006840766,0.8882448196511212,0.808422762935134,0.7522892507463989,0.07196425119876393,0.9305641617698497,Schofield2018_NatMethods_TimeLapseSeq_SuppTable2
ZNF786,RNA,K562,0.4442783506529949,1.5601642068337698,0.50547472686518,0.3830819744408099,0.27724904213894724,0.7578657331031811,Schofield2018_NatMethods_TimeLapseSeq_SuppTable2
ZNF787,RNA,K562,0.928407715178768,0.7465978246706809,0.823684421847649,1.03313100850989,0.22656181105984208,0.7972700606824967,Schofield2018_NatMethods_TimeLapseSeq_SuppTable2
ZNF788,RNA,K562,0.443129485348473,1.564209116021383,0.476649725643562,0.4096092450533849,0.15157824894465505,0.8593506363616166,Schofield2018_NatMethods_TimeLapseSeq_SuppTable2
ZNF791,RNA,K562,0.362916589707512,1.9099352308985886,0.407779190823834,0.31805398859119,0.2485046851280021,0.7799662065850572,Schofield2018_NatMethods_TimeLapseSeq_SuppTable2
ZNF800,RNA,K562,0.413964377433755,1.6744126266537673,0.432977951357543,0.3949508035099679,0.09192559698532823,0.9121730154425965,Schofield2018_NatMethods_TimeLapseSeq_SuppTable2
ZNF808,RNA,K562,0.4393595706961889,1.577630776226443,0.397904960715513,0.4808141806768649,0.18926769210935926,0.8275649444352148,Schofield2018_NatMethods_TimeLapseSeq_SuppTable2
ZNF813,RNA,K562,0.3624034684025769,1.9126394778042266,0.3828377072634199,0.3419692295417339,0.11289039763587254,0.893248556904648,Schofield2018_NatMethods_TimeLapseSeq_SuppTable2
ZNF83,RNA,K562,0.7386418870365549,0.9384076271938284,0.669991565499216,0.807292208573893,0.1864205716404706,0.829924478873365,Schofield2018_NatMethods_TimeLapseSeq_SuppTable2
ZNF84,RNA,K562,0.532006908510458,1.3028913148903587,0.5801967929966199,0.4838170240242959,0.18166055856054691,0.8338843472840681,Schofield2018_NatMethods_TimeLapseSeq_SuppTable2
ZNF845,RNA,K562,0.315453740312073,2.197302146026947,0.332517172718074,0.298390307906072,0.10828911844005848,0.8973681132524948,Schofield2018_NatMethods_TimeLapseSeq_SuppTable2
ZNF850,RNA,K562,0.3869331028835599,1.7913876465837937,0.4056140313168999,0.368252174450219,0.09663408550919725,0.9078881547924296,Schofield2018_NatMethods_TimeLapseSeq_SuppTable2
ZNF865,RNA,K562,0.985049167462898,0.7036675969639381,1.03044022709706,0.939658107828735,0.09222530083294073,0.9118996746428708,Schofield2018_NatMethods_TimeLapseSeq_SuppTable2
ZNF92,RNA,K562,0.330498616864207,2.0972770994825094,0.3600888967519689,0.3009083369764449,0.17954524633550537,0.8356501399811618,Schofield2018_NatMethods_TimeLapseSeq_SuppTable2
ZNFX1,RNA,K562,0.418334318315761,1.6569216299312888,0.4030968437195139,0.4335717929120089,0.07288055468827632,0.9297118731183701,Schofield2018_NatMethods_TimeLapseSeq_SuppTable2
ZNHIT6,RNA,K562,1.48447274135296,0.4669315651617864,1.52264478429088,1.44630069841504,0.0514397584997094,0.9498608692825263,Schofield2018_NatMethods_TimeLapseSeq_SuppTable2
ZNRD1,RNA,K562,2.09928059032404,0.3301831988323927,2.05836072558438,2.1402004550637,0.0389895935038604,0.9617607176534854,Schofield2018_NatMethods_TimeLapseSeq_SuppTable2
ZNRF1,RNA,K562,1.79210861121487,0.3867774398394643,1.83846210248002,1.74575511994971,0.05174221271638704,0.9495736232989239,Schofield2018_NatMethods_TimeLapseSeq_SuppTable2
ZNRF2P2,RNA,K562,2.49260905223645,0.27808098503775835,1.86695528458477,3.11826281988814,0.5129671443968248,0.5987164624730837,Schofield2018_NatMethods_TimeLapseSeq_SuppTable2
ZPR1,RNA,K562,3.15483490574195,0.2197094939257786,3.15064737680921,3.15902243467468,0.00265467545344126,0.9973488450814587,Schofield2018_NatMethods_TimeLapseSeq_SuppTable2
ZRANB2,RNA,K562,3.4165312846734106,0.20288038446169354,4.11412267606591,2.71893989328091,0.41418355073608654,0.6608796351889219,Schofield2018_NatMethods_TimeLapseSeq_SuppTable2
ZRANB3,RNA,K562,1.7005403261801,0.4076040831780521,2.04272821262998,1.35835243973023,0.40801374953539166,0.6649697357346296,Schofield2018_NatMethods_TimeLapseSeq_SuppTable2
ZRSR2,RNA,K562,0.9082100510938,0.7632013978761362,0.889894284439341,0.926525817748259,0.04033923708616415,0.9604635590210062,Schofield2018_NatMethods_TimeLapseSeq_SuppTable2
ZSCAN12,RNA,K562,0.3449160177366549,2.0096114558795777,0.352870003693731,0.336962031779578,0.04612946895488816,0.9549183219099572,Schofield2018_NatMethods_TimeLapseSeq_SuppTable2
ZSCAN25,RNA,K562,0.433925814108564,1.597386368874857,0.468251518902984,0.399600109314143,0.158541264772064,0.8533877482134453,Schofield2018_NatMethods_TimeLapseSeq_SuppTable2
ZSCAN29,RNA,K562,0.4239646767577069,1.634917290423406,0.4412881940849999,0.406641159430413,0.08176703895442611,0.9214866041761515,Schofield2018_NatMethods_TimeLapseSeq_SuppTable2
ZSCAN32,RNA,K562,0.3917070909968379,1.7695548446569755,0.406118040632449,0.377296141361227,0.07361345787888468,0.9290307339552375,Schofield2018_NatMethods_TimeLapseSeq_SuppTable2
ZSCAN9,RNA,K562,0.3293012943305739,2.104902690920247,0.3445487717525019,0.3140538169086469,0.09267129035823249,0.9114930676178399,Schofield2018_NatMethods_TimeLapseSeq_SuppTable2
ZSWIM1,RNA,K562,0.278410661224032,2.489657463232639,0.249664536519425,0.3071567859286399,0.20724015772545026,0.812824420481559,Schofield2018_NatMethods_TimeLapseSeq_SuppTable2
ZSWIM8,RNA,K562,1.99557446324175,0.34734217806833867,1.92020766565747,2.07094126082602,0.07556987991295464,0.927214934571139,Schofield2018_NatMethods_TimeLapseSeq_SuppTable2
ZUFSP,RNA,K562,0.6300139796678889,1.10020920635021,0.708939528574353,0.551088430761425,0.2518749440686187,0.7773419432114897,Schofield2018_NatMethods_TimeLapseSeq_SuppTable2
ZW10,RNA,K562,2.73995780596659,0.2529773192311697,2.06522888525809,3.4146867266751,0.5028446937233704,0.6048077175351939,Schofield2018_NatMethods_TimeLapseSeq_SuppTable2
ZWINT,RNA,K562,4.23575876250767,0.1636417981815342,4.70497502609524,3.76654249892009,0.22246299345489404,0.8005446315930872,Schofield2018_NatMethods_TimeLapseSeq_SuppTable2
ZXDC,RNA,K562,0.608900843582176,1.1383580559392008,0.480730942735599,0.7370707444287519,0.4273761343219596,0.6522181844405959,Schofield2018_NatMethods_TimeLapseSeq_SuppTable2
ZYG11A,RNA,K562,0.651552379115855,1.0638395358183386,0.701701649432892,0.6014031087988169,0.1542428730687247,0.8570638380070285,Schofield2018_NatMethods_TimeLapseSeq_SuppTable2
ZYG11B,RNA,K562,0.766524421474533,0.9042727943704196,0.7365651051994468,0.796483737749619,0.07820908190954613,0.9247710534310896,Schofield2018_NatMethods_TimeLapseSeq_SuppTable2
ZYX,RNA,K562,2.8112882264592094,0.24655856131584114,3.00137211075599,2.62120434216243,0.13543566962120418,0.8733353431148518,Schofield2018_NatMethods_TimeLapseSeq_SuppTable2
ZZEF1,RNA,K562,1.22918840485665,0.5639063774285938,1.38633578196458,1.07204102774872,0.2570998042856225,0.7732910321549429,Schofield2018_NatMethods_TimeLapseSeq_SuppTable2
ZZZ3,RNA,K562,0.619712995580175,1.118497087367066,0.611341369442113,0.6280846217182379,0.027019396071476177,0.9733423623232158,Schofield2018_NatMethods_TimeLapseSeq_SuppTable2
